"RelativePath","FullName","Extension","SizeBytes","SizeMB","SizeGB","LastWrite","Attributes"
".env.example","F:\一人公司\comfyui-production\.env.example",".example","1740","0.002","0","2026/9/4 6:47:36","Archive"
"comfy-api-proxy-main.zip","F:\一人公司\comfyui-production\comfy-api-proxy-main.zip",".zip","302672","0.289","0.0003","2026/9/7 9:24:20","Archive"
"comfy-mcp-main.zip","F:\一人公司\comfyui-production\comfy-mcp-main.zip",".zip","819568","0.782","0.0008","2026/9/7 9:24:26","Archive"
"ComfyUI-0.34.0.zip","F:\一人公司\comfyui-production\ComfyUI-0.34.0.zip",".zip","12613058","12.029","0.0117","2026/9/7 9:15:16","Archive"
"ComfyUI-H3-Motion-Context-0.6.2.zip","F:\一人公司\comfyui-production\ComfyUI-H3-Motion-Context-0.6.2.zip",".zip","110703","0.106","0.0001","2026/9/7 9:15:44","Archive"
"comfyui-stderr.log","F:\一人公司\comfyui-production\comfyui-stderr.log",".log","8313","0.008","0","2026/9/3 23:29:01","Archive"
"comfyui-stdout.log","F:\一人公司\comfyui-production\comfyui-stdout.log",".log","1144","0.001","0","2026/9/3 23:29:01","Archive"
"comfyui.snapshot.json","F:\一人公司\comfyui-production\comfyui.snapshot.json",".json","1604","0.002","0","2026/9/4 5:34:31","Archive"
"ComfyUI_MiniMax_H3_Extender-main.zip","F:\一人公司\comfyui-production\ComfyUI_MiniMax_H3_Extender-main.zip",".zip","246963","0.236","0.0002","2026/9/7 9:15:37","Archive"
"custom_nodes.lock.json","F:\一人公司\comfyui-production\custom_nodes.lock.json",".json","2704","0.003","0","2026/9/4 0:36:16","Archive"
"HANDOFF_LATEST.md","F:\一人公司\comfyui-production\HANDOFF_LATEST.md",".md","3204","0.003","0","2026/9/4 5:30:43","Archive"
"minimax_h3.download-state.json","F:\一人公司\comfyui-production\minimax_h3.download-state.json",".json","3628","0.003","0","2026/9/4 2:27:52","Archive"
"minimax_h3_audio_vae_fp32 (1).safetensors","F:\一人公司\comfyui-production\minimax_h3_audio_vae_fp32 (1).safetensors",".safetensors","605254808","577.216","0.5637","2026/9/7 9:25:08","Archive"
"minimax_h3_audio_vae_fp32.safetensors","F:\一人公司\comfyui-production\minimax_h3_audio_vae_fp32.safetensors",".safetensors","605254808","577.216","0.5637","2026/9/7 9:24:03","Archive"
"minimax_h3_ref2va_pruned_int8_convrot.safetensors","F:\一人公司\comfyui-production\minimax_h3_ref2va_pruned_int8_convrot.safetensors",".safetensors","20970379616","19998.912","19.5302","2026/9/7 9:31:07","Archive"
"minimax_h3_video_vae_fp16.safetensors","F:\一人公司\comfyui-production\minimax_h3_video_vae_fp16.safetensors",".safetensors","5207808496","4966.553","4.8501","2026/9/7 9:24:32","Archive"
"models.manifest.json","F:\一人公司\comfyui-production\models.manifest.json",".json","3741","0.004","0","2026/9/4 0:36:16","Archive"
"qwen3vl_32b_minimax_h3_nvfp4_awq.safetensors","F:\一人公司\comfyui-production\qwen3vl_32b_minimax_h3_nvfp4_awq.safetensors",".safetensors","15687142551","14960.425","14.6098","2026/9/7 9:28:44","Archive"
"README_COMFYUI_PRODUCTION.md","F:\一人公司\comfyui-production\README_COMFYUI_PRODUCTION.md",".md","5246","0.005","0","2026/9/4 5:29:00","Archive"
"requirements-lock.txt","F:\一人公司\comfyui-production\requirements-lock.txt",".txt","1851","0.002","0","2026/9/4 0:36:51","Archive"
"video_minimax_h3_i2v.json","F:\一人公司\comfyui-production\video_minimax_h3_i2v.json",".json","73587","0.07","0.0001","2026/9/7 9:17:46","Archive"
"video_minimax_h3_r2v.json","F:\一人公司\comfyui-production\video_minimax_h3_r2v.json",".json","46856","0.045","0","2026/9/7 9:17:01","Archive"
"video_minimax_h3_t2v.json","F:\一人公司\comfyui-production\video_minimax_h3_t2v.json",".json","70073","0.067","0.0001","2026/9/7 9:18:10","Archive"
".codex\ACTIVE_ITERATION.json","F:\一人公司\comfyui-production\.codex\ACTIVE_ITERATION.json",".json","1438","0.001","0","2026/9/7 3:43:20","Archive"
".codex\ALLOWED_SYMBOLS_CANDIDATE.md","F:\一人公司\comfyui-production\.codex\ALLOWED_SYMBOLS_CANDIDATE.md",".md","182","0","0","2026/9/7 3:43:20","Archive"
".codex\change-baseline.json","F:\一人公司\comfyui-production\.codex\change-baseline.json",".json","82447","0.079","0.0001","2026/9/7 3:43:20","Archive"
".codex\CONTEXT_LOAD_RECEIPT.json","F:\一人公司\comfyui-production\.codex\CONTEXT_LOAD_RECEIPT.json",".json","2823","0.003","0","2026/9/7 3:06:31","Archive"
".codex\DELIVERY_CLAIM_REVIEW.md","F:\一人公司\comfyui-production\.codex\DELIVERY_CLAIM_REVIEW.md",".md","2524","0.002","0","2026/9/5 3:25:51","Archive"
".codex\DIAGNOSTIC_LOCK.md","F:\一人公司\comfyui-production\.codex\DIAGNOSTIC_LOCK.md",".md","1550","0.001","0","2026/9/4 4:11:36","Archive"
".codex\FINISH_BLOCKED.md","F:\一人公司\comfyui-production\.codex\FINISH_BLOCKED.md",".md","968","0.001","0","2026/9/4 4:45:55","Archive"
".codex\HANDOFF_CANDIDATE.md","F:\一人公司\comfyui-production\.codex\HANDOFF_CANDIDATE.md",".md","3075","0.003","0","2026/9/4 6:05:25","Archive"
".codex\INTENT_ACCEPTANCE.md","F:\一人公司\comfyui-production\.codex\INTENT_ACCEPTANCE.md",".md","3846","0.004","0","2026/9/7 3:43:20","Archive"
".codex\ITERATION_LOG.md","F:\一人公司\comfyui-production\.codex\ITERATION_LOG.md",".md","16207","0.015","0","2026/9/4 6:05:25","Archive"
".codex\ITERATION_METRICS.jsonl","F:\一人公司\comfyui-production\.codex\ITERATION_METRICS.jsonl",".jsonl","905","0.001","0","2026/9/5 3:25:51","Archive"
".codex\ITERATION_METRICS_SUMMARY.md","F:\一人公司\comfyui-production\.codex\ITERATION_METRICS_SUMMARY.md",".md","213","0","0","2026/9/5 3:25:51","Archive"
".codex\ITERATION_QUALITY.md","F:\一人公司\comfyui-production\.codex\ITERATION_QUALITY.md",".md","2339","0.002","0","2026/9/5 3:25:51","Archive"
".codex\MODEL_RECOMMENDATION.md","F:\一人公司\comfyui-production\.codex\MODEL_RECOMMENDATION.md",".md","278","0","0","2026/9/5 3:25:51","Archive"
".codex\PROJECT_HEALTH.md","F:\一人公司\comfyui-production\.codex\PROJECT_HEALTH.md",".md","572","0.001","0","2026/9/7 3:43:20","Archive"
".codex\RECALL_CANDIDATE.md","F:\一人公司\comfyui-production\.codex\RECALL_CANDIDATE.md",".md","3882","0.004","0","2026/9/4 4:11:36","Archive"
".codex\RELEASE_LINEAGE.json","F:\一人公司\comfyui-production\.codex\RELEASE_LINEAGE.json",".json","953","0.001","0","2026/9/4 0:12:17","Archive"
".codex\SESSION_BRIEF.md","F:\一人公司\comfyui-production\.codex\SESSION_BRIEF.md",".md","1607","0.002","0","2026/9/7 3:43:20","Archive"
".codex\SYMBOL_SCOPE_REVIEW.md","F:\一人公司\comfyui-production\.codex\SYMBOL_SCOPE_REVIEW.md",".md","248","0","0","2026/9/5 3:25:51","Archive"
".codex\TASK_CONTEXT_CANDIDATE.md","F:\一人公司\comfyui-production\.codex\TASK_CONTEXT_CANDIDATE.md",".md","6487","0.006","0","2026/9/7 3:43:20","Archive"
".codex\TEST_IMPACT_CANDIDATE.md","F:\一人公司\comfyui-production\.codex\TEST_IMPACT_CANDIDATE.md",".md","1027","0.001","0","2026/9/5 3:25:51","Archive"
".codex\TEST_IMPACT_PLAN.md","F:\一人公司\comfyui-production\.codex\TEST_IMPACT_PLAN.md",".md","739","0.001","0","2026/9/7 3:43:20","Archive"
".codex\VERIFICATION_CANDIDATE.md","F:\一人公司\comfyui-production\.codex\VERIFICATION_CANDIDATE.md",".md","1630","0.002","0","2026/9/7 3:43:20","Archive"
".codex\VERIFICATION_PROVENANCE.md","F:\一人公司\comfyui-production\.codex\VERIFICATION_PROVENANCE.md",".md","2623","0.003","0","2026/9/5 3:25:51","Archive"
".codex\active-iteration-history\CLOSED-20260904-034537.json","F:\一人公司\comfyui-production\.codex\active-iteration-history\CLOSED-20260904-034537.json",".json","929","0.001","0","2026/9/4 3:45:37","Archive"
".codex\active-iteration-history\CLOSED-20260904-044611.json","F:\一人公司\comfyui-production\.codex\active-iteration-history\CLOSED-20260904-044611.json",".json","881","0.001","0","2026/9/4 4:46:11","Archive"
".codex\active-iteration-history\CLOSED-20260904-053052.json","F:\一人公司\comfyui-production\.codex\active-iteration-history\CLOSED-20260904-053052.json",".json","982","0.001","0","2026/9/4 5:30:52","Archive"
".codex\active-iteration-history\SUPERSEDED-20260904-031811.json","F:\一人公司\comfyui-production\.codex\active-iteration-history\SUPERSEDED-20260904-031811.json",".json","629","0.001","0","2026/9/4 3:18:11","Archive"
".codex\active-iteration-history\SUPERSEDED-20260904-052559.json","F:\一人公司\comfyui-production\.codex\active-iteration-history\SUPERSEDED-20260904-052559.json",".json","903","0.001","0","2026/9/4 5:25:59","Archive"
".codex\active-iteration-history\SUPERSEDED-20260904-064331.json","F:\一人公司\comfyui-production\.codex\active-iteration-history\SUPERSEDED-20260904-064331.json",".json","1079","0.001","0","2026/9/4 6:43:31","Archive"
".codex\active-iteration-history\SUPERSEDED-20260905-031314.json","F:\一人公司\comfyui-production\.codex\active-iteration-history\SUPERSEDED-20260905-031314.json",".json","1094","0.001","0","2026/9/5 3:13:14","Archive"
".codex\active-iteration-history\SUPERSEDED-20260907-021707.json","F:\一人公司\comfyui-production\.codex\active-iteration-history\SUPERSEDED-20260907-021707.json",".json","837","0.001","0","2026/9/7 2:17:07","Archive"
".codex\active-iteration-history\SUPERSEDED-20260907-034320.json","F:\一人公司\comfyui-production\.codex\active-iteration-history\SUPERSEDED-20260907-034320.json",".json","868","0.001","0","2026/9/7 3:43:20","Archive"
".codex\tasks\TASK-20260903-223609\TASK_BRIEF.md","F:\一人公司\comfyui-production\.codex\tasks\TASK-20260903-223609\TASK_BRIEF.md",".md","3802","0.004","0","2026/9/3 22:36:09","Archive"
".codex\tasks\TASK-20260903-223609\TASK_CONTRACT_DRAFT.json","F:\一人公司\comfyui-production\.codex\tasks\TASK-20260903-223609\TASK_CONTRACT_DRAFT.json",".json","8137","0.008","0","2026/9/4 0:17:02","Archive"
".codex\tasks\TASK-20260904-015124\TASK_BRIEF.md","F:\一人公司\comfyui-production\.codex\tasks\TASK-20260904-015124\TASK_BRIEF.md",".md","3572","0.003","0","2026/9/4 1:51:28","Archive"
".codex\tasks\TASK-20260904-015124\TASK_CONTRACT_DRAFT.json","F:\一人公司\comfyui-production\.codex\tasks\TASK-20260904-015124\TASK_CONTRACT_DRAFT.json",".json","2447","0.002","0","2026/9/4 1:51:24","Archive"
".codex\tasks\TASK-20260904-015933\TASK_BRIEF.md","F:\一人公司\comfyui-production\.codex\tasks\TASK-20260904-015933\TASK_BRIEF.md",".md","3097","0.003","0","2026/9/4 1:59:33","Archive"
".codex\tasks\TASK-20260904-015933\TASK_CONTRACT_DRAFT.json","F:\一人公司\comfyui-production\.codex\tasks\TASK-20260904-015933\TASK_CONTRACT_DRAFT.json",".json","2095","0.002","0","2026/9/4 1:59:33","Archive"
".codex\tasks\TASK-20260904-020441\TASK_BRIEF.md","F:\一人公司\comfyui-production\.codex\tasks\TASK-20260904-020441\TASK_BRIEF.md",".md","2848","0.003","0","2026/9/4 2:04:41","Archive"
".codex\tasks\TASK-20260904-020441\TASK_CONTRACT_DRAFT.json","F:\一人公司\comfyui-production\.codex\tasks\TASK-20260904-020441\TASK_CONTRACT_DRAFT.json",".json","10666","0.01","0","2026/9/4 2:29:14","Archive"
".codex\tasks\TASK-20260904-022007\TASK_BRIEF.md","F:\一人公司\comfyui-production\.codex\tasks\TASK-20260904-022007\TASK_BRIEF.md",".md","4341","0.004","0","2026/9/4 2:20:07","Archive"
".codex\tasks\TASK-20260904-022007\TASK_CONTRACT_DRAFT.json","F:\一人公司\comfyui-production\.codex\tasks\TASK-20260904-022007\TASK_CONTRACT_DRAFT.json",".json","6224","0.006","0","2026/9/4 2:32:41","Archive"
".codex\tasks\TASK-20260904-022147\TASK_BRIEF.md","F:\一人公司\comfyui-production\.codex\tasks\TASK-20260904-022147\TASK_BRIEF.md",".md","4599","0.004","0","2026/9/4 2:21:47","Archive"
".codex\tasks\TASK-20260904-022147\TASK_CONTRACT_DRAFT.json","F:\一人公司\comfyui-production\.codex\tasks\TASK-20260904-022147\TASK_CONTRACT_DRAFT.json",".json","5567","0.005","0","2026/9/4 2:23:42","Archive"
".codex\tasks\TASK-20260904-022400\TASK_BRIEF.md","F:\一人公司\comfyui-production\.codex\tasks\TASK-20260904-022400\TASK_BRIEF.md",".md","3809","0.004","0","2026/9/4 2:24:00","Archive"
".codex\tasks\TASK-20260904-022400\TASK_CONTRACT_DRAFT.json","F:\一人公司\comfyui-production\.codex\tasks\TASK-20260904-022400\TASK_CONTRACT_DRAFT.json",".json","6023","0.006","0","2026/9/4 2:27:13","Archive"
".codex\tasks\TASK-20260904-030825\ITERATION_RESULT.json","F:\一人公司\comfyui-production\.codex\tasks\TASK-20260904-030825\ITERATION_RESULT.json",".json","3655","0.003","0","2026/9/4 3:40:05","Archive"
".codex\tasks\TASK-20260904-030825\TASK_BRIEF.md","F:\一人公司\comfyui-production\.codex\tasks\TASK-20260904-030825\TASK_BRIEF.md",".md","3297","0.003","0","2026/9/4 3:08:29","Archive"
".codex\tasks\TASK-20260904-030825\TASK_CONTRACT_DRAFT.json","F:\一人公司\comfyui-production\.codex\tasks\TASK-20260904-030825\TASK_CONTRACT_DRAFT.json",".json","18562","0.018","0","2026/9/4 3:44:31","Archive"
".codex\tasks\TASK-20260904-035538\ITERATION_RESULT.json","F:\一人公司\comfyui-production\.codex\tasks\TASK-20260904-035538\ITERATION_RESULT.json",".json","4669","0.004","0","2026/9/4 4:31:02","Archive"
".codex\tasks\TASK-20260904-035538\TASK_BRIEF.md","F:\一人公司\comfyui-production\.codex\tasks\TASK-20260904-035538\TASK_BRIEF.md",".md","4368","0.004","0","2026/9/4 3:55:39","Archive"
".codex\tasks\TASK-20260904-035538\TASK_CONTRACT_DRAFT.json","F:\一人公司\comfyui-production\.codex\tasks\TASK-20260904-035538\TASK_CONTRACT_DRAFT.json",".json","15186","0.014","0","2026/9/4 4:38:08","Archive"
".codex\tasks\TASK-20260904-045550\ITERATION_RESULT.json","F:\一人公司\comfyui-production\.codex\tasks\TASK-20260904-045550\ITERATION_RESULT.json",".json","4572","0.004","0","2026/9/4 5:29:32","Archive"
".codex\tasks\TASK-20260904-045550\TASK_BRIEF.md","F:\一人公司\comfyui-production\.codex\tasks\TASK-20260904-045550\TASK_BRIEF.md",".md","4825","0.005","0","2026/9/4 4:55:50","Archive"
".codex\tasks\TASK-20260904-045550\TASK_CONTRACT_DRAFT.json","F:\一人公司\comfyui-production\.codex\tasks\TASK-20260904-045550\TASK_CONTRACT_DRAFT.json",".json","11606","0.011","0","2026/9/4 5:23:57","Archive"
".codex\tasks\TASK-20260904-053953\TASK_BRIEF.md","F:\一人公司\comfyui-production\.codex\tasks\TASK-20260904-053953\TASK_BRIEF.md",".md","4846","0.005","0","2026/9/4 5:39:53","Archive"
".codex\tasks\TASK-20260904-053953\TASK_CONTRACT_DRAFT.json","F:\一人公司\comfyui-production\.codex\tasks\TASK-20260904-053953\TASK_CONTRACT_DRAFT.json",".json","2753","0.003","0","2026/9/4 5:39:53","Archive"
".codex\tasks\TASK-20260904-054420\ITERATION_RESULT.json","F:\一人公司\comfyui-production\.codex\tasks\TASK-20260904-054420\ITERATION_RESULT.json",".json","4896","0.005","0","2026/9/4 6:05:10","Archive"
".codex\tasks\TASK-20260904-054420\TASK_BRIEF.md","F:\一人公司\comfyui-production\.codex\tasks\TASK-20260904-054420\TASK_BRIEF.md",".md","5143","0.005","0","2026/9/4 5:44:20","Archive"
".codex\tasks\TASK-20260904-054420\TASK_CONTRACT_DRAFT.json","F:\一人公司\comfyui-production\.codex\tasks\TASK-20260904-054420\TASK_CONTRACT_DRAFT.json",".json","12977","0.012","0","2026/9/4 5:57:27","Archive"
".codex\tasks\TASK-20260904-063511\ITERATION_RESULT.json","F:\一人公司\comfyui-production\.codex\tasks\TASK-20260904-063511\ITERATION_RESULT.json",".json","5388","0.005","0","2026/9/4 6:55:06","Archive"
".codex\tasks\TASK-20260904-063511\TASK_BRIEF.md","F:\一人公司\comfyui-production\.codex\tasks\TASK-20260904-063511\TASK_BRIEF.md",".md","5138","0.005","0","2026/9/4 6:35:11","Archive"
".codex\tasks\TASK-20260904-063511\TASK_CONTRACT_DRAFT.json","F:\一人公司\comfyui-production\.codex\tasks\TASK-20260904-063511\TASK_CONTRACT_DRAFT.json",".json","14707","0.014","0","2026/9/4 6:43:24","Archive"
".codex\tasks\TASK-20260904-072408\ITERATION_RESULT.json","F:\一人公司\comfyui-production\.codex\tasks\TASK-20260904-072408\ITERATION_RESULT.json",".json","6430","0.006","0","2026/9/5 3:24:28","Archive"
".codex\tasks\TASK-20260904-072408\TASK_BRIEF.md","F:\一人公司\comfyui-production\.codex\tasks\TASK-20260904-072408\TASK_BRIEF.md",".md","4788","0.005","0","2026/9/4 7:24:08","Archive"
".codex\tasks\TASK-20260904-072408\TASK_CONTRACT_DRAFT.json","F:\一人公司\comfyui-production\.codex\tasks\TASK-20260904-072408\TASK_CONTRACT_DRAFT.json",".json","14914","0.014","0","2026/9/5 3:13:04","Archive"
".codex\tasks\TASK-20260906-H3-EXTENDER-UPGRADE\TASK_BRIEF.md","F:\一人公司\comfyui-production\.codex\tasks\TASK-20260906-H3-EXTENDER-UPGRADE\TASK_BRIEF.md",".md","5855","0.006","0","2026/9/7 3:08:08","Archive"
".codex\tasks\TASK-20260906-H3-EXTENDER-UPGRADE\TASK_CONTRACT_DRAFT.json","F:\一人公司\comfyui-production\.codex\tasks\TASK-20260906-H3-EXTENDER-UPGRADE\TASK_CONTRACT_DRAFT.json",".json","17646","0.017","0","2026/9/7 3:42:29","Archive"
".codex\tasks\TASK-20260907-020459\TASK_BRIEF.md","F:\一人公司\comfyui-production\.codex\tasks\TASK-20260907-020459\TASK_BRIEF.md",".md","4347","0.004","0","2026/9/7 2:04:59","Archive"
".codex\tasks\TASK-20260907-020459\TASK_CONTRACT_DRAFT.json","F:\一人公司\comfyui-production\.codex\tasks\TASK-20260907-020459\TASK_CONTRACT_DRAFT.json",".json","12156","0.012","0","2026/9/7 2:16:21","Archive"
".codex\verification-receipts\api-preset-contract.json","F:\一人公司\comfyui-production\.codex\verification-receipts\api-preset-contract.json",".json","1465","0.001","0","2026/9/4 5:30:16","Archive"
".codex\verification-receipts\api-preset-contract.stderr.log","F:\一人公司\comfyui-production\.codex\verification-receipts\api-preset-contract.stderr.log",".log","960","0.001","0","2026/9/4 5:30:16","Archive"
".codex\verification-receipts\api-preset-contract.stdout.log","F:\一人公司\comfyui-production\.codex\verification-receipts\api-preset-contract.stdout.log",".log","0","0","0","2026/9/4 5:30:16","Archive"
".codex\verification-receipts\api-smoke.json","F:\一人公司\comfyui-production\.codex\verification-receipts\api-smoke.json",".json","1654","0.002","0","2026/9/5 3:21:06","Archive"
".codex\verification-receipts\api-smoke.stderr.log","F:\一人公司\comfyui-production\.codex\verification-receipts\api-smoke.stderr.log",".log","1394","0.001","0","2026/9/5 3:21:06","Archive"
".codex\verification-receipts\api-smoke.stdout.log","F:\一人公司\comfyui-production\.codex\verification-receipts\api-smoke.stdout.log",".log","0","0","0","2026/9/5 3:21:06","Archive"
".codex\verification-receipts\project-regression.json","F:\一人公司\comfyui-production\.codex\verification-receipts\project-regression.json",".json","2377","0.002","0","2026/9/5 3:19:01","Archive"
".codex\verification-receipts\project-regression.stderr.log","F:\一人公司\comfyui-production\.codex\verification-receipts\project-regression.stderr.log",".log","6915","0.007","0","2026/9/5 3:19:01","Archive"
".codex\verification-receipts\project-regression.stdout.log","F:\一人公司\comfyui-production\.codex\verification-receipts\project-regression.stdout.log",".log","0","0","0","2026/9/5 3:19:01","Archive"
".codex\verification-receipts\protected-download-state.json","F:\一人公司\comfyui-production\.codex\verification-receipts\protected-download-state.json",".json","1750","0.002","0","2026/9/5 3:21:28","Archive"
".codex\verification-receipts\protected-download-state.stderr.log","F:\一人公司\comfyui-production\.codex\verification-receipts\protected-download-state.stderr.log",".log","0","0","0","2026/9/5 3:21:28","Archive"
".codex\verification-receipts\protected-download-state.stdout.log","F:\一人公司\comfyui-production\.codex\verification-receipts\protected-download-state.stdout.log",".log","245","0","0","2026/9/5 3:21:28","Archive"
".codex\verification-receipts\secret-scan.json","F:\一人公司\comfyui-production\.codex\verification-receipts\secret-scan.json",".json","1243","0.001","0","2026/9/5 3:21:21","Archive"
".codex\verification-receipts\secret-scan.stderr.log","F:\一人公司\comfyui-production\.codex\verification-receipts\secret-scan.stderr.log",".log","0","0","0","2026/9/5 3:21:21","Archive"
".codex\verification-receipts\secret-scan.stdout.log","F:\一人公司\comfyui-production\.codex\verification-receipts\secret-scan.stdout.log",".log","49","0","0","2026/9/5 3:21:21","Archive"
".codex\verification-receipts\static-and-unit.json","F:\一人公司\comfyui-production\.codex\verification-receipts\static-and-unit.json",".json","1676","0.002","0","2026/9/4 4:41:43","Archive"
".codex\verification-receipts\static-and-unit.stderr.log","F:\一人公司\comfyui-production\.codex\verification-receipts\static-and-unit.stderr.log",".log","5296","0.005","0","2026/9/4 4:41:43","Archive"
".codex\verification-receipts\static-and-unit.stdout.log","F:\一人公司\comfyui-production\.codex\verification-receipts\static-and-unit.stdout.log",".log","0","0","0","2026/9/4 4:41:43","Archive"
".codex\verification-receipts\subtitle-preflight.json","F:\一人公司\comfyui-production\.codex\verification-receipts\subtitle-preflight.json",".json","1413","0.001","0","2026/9/5 3:21:13","Archive"
".codex\verification-receipts\subtitle-preflight.stderr.log","F:\一人公司\comfyui-production\.codex\verification-receipts\subtitle-preflight.stderr.log",".log","0","0","0","2026/9/5 3:21:13","Archive"
".codex\verification-receipts\subtitle-preflight.stdout.log","F:\一人公司\comfyui-production\.codex\verification-receipts\subtitle-preflight.stdout.log",".log","300","0","0","2026/9/5 3:21:13","Archive"
".codex\verification-receipts\workflow-spec.json","F:\一人公司\comfyui-production\.codex\verification-receipts\workflow-spec.json",".json","1372","0.001","0","2026/9/5 3:19:12","Archive"
".codex\verification-receipts\workflow-spec.stderr.log","F:\一人公司\comfyui-production\.codex\verification-receipts\workflow-spec.stderr.log",".log","0","0","0","2026/9/5 3:19:12","Archive"
".codex\verification-receipts\workflow-spec.stdout.log","F:\一人公司\comfyui-production\.codex\verification-receipts\workflow-spec.stdout.log",".log","36","0","0","2026/9/5 3:19:12","Archive"
"artifacts\upscaled_candidates\suwanqing45_subtitled_1080x1920_candidate.candidate.json","F:\一人公司\comfyui-production\artifacts\upscaled_candidates\suwanqing45_subtitled_1080x1920_candidate.candidate.json",".json","14467","0.014","0","2026/9/4 7:23:50","Archive"
"artifacts\upscaled_candidates\suwanqing45_subtitled_1080x1920_candidate.mp4","F:\一人公司\comfyui-production\artifacts\upscaled_candidates\suwanqing45_subtitled_1080x1920_candidate.mp4",".mp4","15453587","14.738","0.0144","2026/9/4 7:23:49","Archive"
"artifacts\upscaled_candidates\suwanqing45_subtitled_1080x1920_candidate.qa_frames\frame_first.jpg","F:\一人公司\comfyui-production\artifacts\upscaled_candidates\suwanqing45_subtitled_1080x1920_candidate.qa_frames\frame_first.jpg",".jpg","282020","0.269","0.0003","2026/9/4 7:23:49","Archive"
"artifacts\upscaled_candidates\suwanqing45_subtitled_1080x1920_candidate.qa_frames\frame_last.jpg","F:\一人公司\comfyui-production\artifacts\upscaled_candidates\suwanqing45_subtitled_1080x1920_candidate.qa_frames\frame_last.jpg",".jpg","299731","0.286","0.0003","2026/9/4 7:23:50","Archive"
"artifacts\upscaled_candidates\suwanqing45_subtitled_1080x1920_candidate.qa_frames\frame_mid.jpg","F:\一人公司\comfyui-production\artifacts\upscaled_candidates\suwanqing45_subtitled_1080x1920_candidate.qa_frames\frame_mid.jpg",".jpg","284084","0.271","0.0003","2026/9/4 7:23:50","Archive"
"artifacts\wan2.1_i2v_suwanqing_5s\frame_000.png","F:\一人公司\comfyui-production\artifacts\wan2.1_i2v_suwanqing_5s\frame_000.png",".png","633429","0.604","0.0006","2026/9/4 0:18:32","Archive"
"artifacts\wan2.1_i2v_suwanqing_5s\frame_2_50.png","F:\一人公司\comfyui-production\artifacts\wan2.1_i2v_suwanqing_5s\frame_2_50.png",".png","795055","0.758","0.0007","2026/9/4 0:18:32","Archive"
"artifacts\wan2.1_i2v_suwanqing_5s\frame_last.png","F:\一人公司\comfyui-production\artifacts\wan2.1_i2v_suwanqing_5s\frame_last.png",".png","739908","0.706","0.0007","2026/9/4 0:18:32","Archive"
"artifacts\wan2.1_i2v_suwanqing_5s\run_metadata.json","F:\一人公司\comfyui-production\artifacts\wan2.1_i2v_suwanqing_5s\run_metadata.json",".json","1213","0.001","0","2026/9/4 0:23:17","Archive"
"artifacts\wan2.1_i2v_suwanqing_5s\wanvideo_suwanqing_ref_5s_local_00001.mp4","F:\一人公司\comfyui-production\artifacts\wan2.1_i2v_suwanqing_5s\wanvideo_suwanqing_ref_5s_local_00001.mp4",".mp4","7953520","7.585","0.0074","2026/9/4 0:17:22","Archive"
"artifacts\wan2.1_i2v_suwanqing_5s\wanvideo_suwanqing_ref_5s_local_00001.png","F:\一人公司\comfyui-production\artifacts\wan2.1_i2v_suwanqing_5s\wanvideo_suwanqing_ref_5s_local_00001.png",".png","568421","0.542","0.0005","2026/9/4 0:17:20","Archive"
"artifacts\wan2.1_i2v_suwanqing_5s\workflow.json","F:\一人公司\comfyui-production\artifacts\wan2.1_i2v_suwanqing_5s\workflow.json",".json","3979","0.004","0","2026/9/3 23:30:48","Archive"
"backups\audit-20260904-054620\current_state.md","F:\一人公司\comfyui-production\backups\audit-20260904-054620\current_state.md",".md","854","0.001","0","2026/9/4 4:16:49","Archive"
"backups\audit-20260904-054620\HANDOFF_LATEST.md","F:\一人公司\comfyui-production\backups\audit-20260904-054620\HANDOFF_LATEST.md",".md","3204","0.003","0","2026/9/4 5:30:43","Archive"
"backups\audit-20260904-054620\minimax_h3.download-state.json","F:\一人公司\comfyui-production\backups\audit-20260904-054620\minimax_h3.download-state.json",".json","3628","0.003","0","2026/9/4 2:27:52","Archive"
"backups\audit-20260904-054620\MINIMAX_H3_STATUS.md","F:\一人公司\comfyui-production\backups\audit-20260904-054620\MINIMAX_H3_STATUS.md",".md","1095","0.001","0","2026/9/4 3:02:57","Archive"
"backups\h3-upgrade-20260907-034505\comfy.settings.json","F:\一人公司\comfyui-production\backups\h3-upgrade-20260907-034505\comfy.settings.json",".json","332","0","0","2026/9/4 15:08:04","Archive"
"backups\h3-upgrade-20260907-034505\comfyui_version.py","F:\一人公司\comfyui-production\backups\h3-upgrade-20260907-034505\comfyui_version.py",".py","128","0","0","2026/7/3 14:01:04","Archive"
"backups\h3-upgrade-20260907-034505\custom_nodes.json","F:\一人公司\comfyui-production\backups\h3-upgrade-20260907-034505\custom_nodes.json",".json","1823","0.002","0","2026/9/7 3:45:05","Archive"
"backups\h3-upgrade-20260907-034505\MiniMax_H3.config.json","F:\一人公司\comfyui-production\backups\h3-upgrade-20260907-034505\MiniMax_H3.config.json",".json","1863","0.002","0","2026/9/6 9:02:29","Archive"
"backups\h3-upgrade-20260907-034505\MiniMax_H3.json","F:\一人公司\comfyui-production\backups\h3-upgrade-20260907-034505\MiniMax_H3.json",".json","5572","0.005","0","2026/9/6 9:02:29","Archive"
"backups\h3-upgrade-20260907-034505\requirements.txt","F:\一人公司\comfyui-production\backups\h3-upgrade-20260907-034505\requirements.txt",".txt","531","0.001","0","2026/7/3 14:01:04","Archive"
"backups\h3-upgrade-20260907-034505\start_bg.bat","F:\一人公司\comfyui-production\backups\h3-upgrade-20260907-034505\start_bg.bat",".bat","186","0","0","2026/7/6 12:11:36","Archive"
"backups\h3-upgrade-20260907-034505\start_comfyui.bat","F:\一人公司\comfyui-production\backups\h3-upgrade-20260907-034505\start_comfyui.bat",".bat","526","0.001","0","2026/9/2 7:38:38","Archive"
"backups\h3-upgrade-20260907-034505\启动ComfyUI.bat","F:\一人公司\comfyui-production\backups\h3-upgrade-20260907-034505\启动ComfyUI.bat",".bat","526","0.001","0","2026/9/2 7:41:38","Archive"
"docs\ASSET_PREPARATION.md","F:\一人公司\comfyui-production\docs\ASSET_PREPARATION.md",".md","1590","0.002","0","2026/9/4 0:39:57","Archive"
"docs\AUTODL_COMFYUI_API.md","F:\一人公司\comfyui-production\docs\AUTODL_COMFYUI_API.md",".md","5630","0.005","0","2026/9/5 3:17:23","Archive"
"docs\BENCHMARK_REPORT.md","F:\一人公司\comfyui-production\docs\BENCHMARK_REPORT.md",".md","1374","0.001","0","2026/9/4 0:39:58","Archive"
"docs\CLOUD_5090.md","F:\一人公司\comfyui-production\docs\CLOUD_5090.md",".md","2361","0.002","0","2026/9/5 3:17:24","Archive"
"docs\COMFYUI_AUDIT.md","F:\一人公司\comfyui-production\docs\COMFYUI_AUDIT.md",".md","1752","0.002","0","2026/9/4 0:39:19","Archive"
"docs\DISK_AND_RUNTIME_PLAN.md","F:\一人公司\comfyui-production\docs\DISK_AND_RUNTIME_PLAN.md",".md","3170","0.003","0","2026/9/4 4:16:49","Archive"
"docs\H3_CONTINUITY_QC_REPORT.md","F:\一人公司\comfyui-production\docs\H3_CONTINUITY_QC_REPORT.md",".md","1621","0.002","0","2026/9/7 2:50:23","Archive"
"docs\H3_EXTENDER_API_SCHEMA.md","F:\一人公司\comfyui-production\docs\H3_EXTENDER_API_SCHEMA.md",".md","2438","0.002","0","2026/9/7 2:50:22","Archive"
"docs\H3_FINAL_ACCEPTANCE_REPORT.md","F:\一人公司\comfyui-production\docs\H3_FINAL_ACCEPTANCE_REPORT.md",".md","3663","0.003","0","2026/9/7 2:59:14","Archive"
"docs\H3_MODEL_INVENTORY.md","F:\一人公司\comfyui-production\docs\H3_MODEL_INVENTORY.md",".md","4061","0.004","0","2026/9/7 2:55:02","Archive"
"docs\H3_RESUME_TEST.md","F:\一人公司\comfyui-production\docs\H3_RESUME_TEST.md",".md","1466","0.001","0","2026/9/7 2:50:22","Archive"
"docs\H3_UPGRADE_AUDIT.md","F:\一人公司\comfyui-production\docs\H3_UPGRADE_AUDIT.md",".md","5393","0.005","0","2026/9/7 2:59:13","Archive"
"docs\H3_UPGRADE_MANIFEST.md","F:\一人公司\comfyui-production\docs\H3_UPGRADE_MANIFEST.md",".md","3279","0.003","0","2026/9/7 2:59:13","Archive"
"docs\H3_WORKFLOW.md","F:\一人公司\comfyui-production\docs\H3_WORKFLOW.md",".md","2970","0.003","0","2026/9/5 3:17:24","Archive"
"docs\INSTALL_WINDOWS.md","F:\一人公司\comfyui-production\docs\INSTALL_WINDOWS.md",".md","4031","0.004","0","2026/9/4 6:02:19","Archive"
"docs\LOCAL_WAN21_I2V_VALIDATION.md","F:\一人公司\comfyui-production\docs\LOCAL_WAN21_I2V_VALIDATION.md",".md","2969","0.003","0","2026/9/4 0:24:27","Archive"
"docs\MINIMAX_H3_DOWNLOAD_GUARD.md","F:\一人公司\comfyui-production\docs\MINIMAX_H3_DOWNLOAD_GUARD.md",".md","1920","0.002","0","2026/9/4 2:27:53","Archive"
"docs\MINIMAX_H3_STATUS.md","F:\一人公司\comfyui-production\docs\MINIMAX_H3_STATUS.md",".md","2357","0.002","0","2026/9/4 6:27:12","Archive"
"docs\SUBTITLE_LOCK_V1.md","F:\一人公司\comfyui-production\docs\SUBTITLE_LOCK_V1.md",".md","2687","0.003","0","2026/9/4 5:37:23","Archive"
"docs\TROUBLESHOOTING.md","F:\一人公司\comfyui-production\docs\TROUBLESHOOTING.md",".md","3905","0.004","0","2026/9/4 6:48:40","Archive"
"docs\WEB_INTEGRATION.md","F:\一人公司\comfyui-production\docs\WEB_INTEGRATION.md",".md","3803","0.004","0","2026/9/5 3:17:25","Archive"
"docs\WORKFLOW_CATALOG.md","F:\一人公司\comfyui-production\docs\WORKFLOW_CATALOG.md",".md","4611","0.004","0","2026/9/4 3:26:47","Archive"
"handoff\bugs.md","F:\一人公司\comfyui-production\handoff\bugs.md",".md","521","0","0","2026/9/4 3:26:50","Archive"
"handoff\current_state.md","F:\一人公司\comfyui-production\handoff\current_state.md",".md","1175","0.001","0","2026/9/4 6:00:01","Archive"
"handoff\decisions.md","F:\一人公司\comfyui-production\handoff\decisions.md",".md","462","0","0","2026/9/4 3:02:59","Archive"
"handoff\next_tasks.md","F:\一人公司\comfyui-production\handoff\next_tasks.md",".md","607","0.001","0","2026/9/4 6:00:01","Archive"
"handoff\verification.md","F:\一人公司\comfyui-production\handoff\verification.md",".md","725","0.001","0","2026/9/4 3:26:50","Archive"
"reports\h3\install_manifest.json","F:\一人公司\comfyui-production\reports\h3\install_manifest.json",".json","847","0.001","0","2026/9/7 2:59:12","Archive"
"reports\h3\iteration_result.json","F:\一人公司\comfyui-production\reports\h3\iteration_result.json",".json","5115","0.005","0","2026/9/7 2:59:15","Archive"
"reports\h3\pre_install_backup_manifest.json","F:\一人公司\comfyui-production\reports\h3\pre_install_backup_manifest.json",".json","4244","0.004","0","2026/9/7 3:45:05","Archive"
"reports\h3\runtime-subject.json","F:\一人公司\comfyui-production\reports\h3\runtime-subject.json",".json","1986","0.002","0","2026/9/7 2:55:00","Archive"
"reports\h3\runtime_baseline_summary.json","F:\一人公司\comfyui-production\reports\h3\runtime_baseline_summary.json",".json","2398","0.002","0","2026/9/7 2:55:00","Archive"
"reports\h3\static_import_dependency_check.json","F:\一人公司\comfyui-production\reports\h3\static_import_dependency_check.json",".json","756","0.001","0","2026/9/7 2:52:18","Archive"
"reports\h3\upstream_motion_context_audit.json","F:\一人公司\comfyui-production\reports\h3\upstream_motion_context_audit.json",".json","3165","0.003","0","2026/9/7 2:59:11","Archive"
"runtime\api-runtime-probe.err.log","F:\一人公司\comfyui-production\runtime\api-runtime-probe.err.log",".log","0","0","0","2026/9/4 1:25:30","Archive"
"runtime\api-runtime-probe.out.log","F:\一人公司\comfyui-production\runtime\api-runtime-probe.out.log",".log","59","0","0","2026/9/4 1:25:30","Archive"
"runtime\comfyui-api.err.log","F:\一人公司\comfyui-production\runtime\comfyui-api.err.log",".log","0","0","0","2026/9/4 2:37:58","Archive"
"runtime\comfyui-api.log","F:\一人公司\comfyui-production\runtime\comfyui-api.log",".log","59","0","0","2026/9/4 2:37:58","Archive"
"runtime\comfyui-api.pid","F:\一人公司\comfyui-production\runtime\comfyui-api.pid",".pid","7","0","0","2026/9/4 2:37:58","Archive"
"runtime\comfyui-local.err.log","F:\一人公司\comfyui-production\runtime\comfyui-local.err.log",".log","7949","0.008","0","2026/9/6 9:46:13","Archive"
"runtime\comfyui-local.log","F:\一人公司\comfyui-production\runtime\comfyui-local.log",".log","1989","0.002","0","2026/9/6 9:46:12","Archive"
"runtime\comfyui-local.pid","F:\一人公司\comfyui-production\runtime\comfyui-local.pid",".pid","7","0","0","2026/9/6 9:41:18","Archive"
"runtime\jobs.json","F:\一人公司\comfyui-production\runtime\jobs.json",".json","64517","0.062","0.0001","2026/9/4 3:13:35","Archive"
"runtime\artifacts\subtitle_lock_preview.mp4","F:\一人公司\comfyui-production\runtime\artifacts\subtitle_lock_preview.mp4",".mp4","2737356","2.611","0.0025","2026/9/4 0:44:24","Archive"
"runtime\artifacts\subtitle_lock_preview_clean.mp4","F:\一人公司\comfyui-production\runtime\artifacts\subtitle_lock_preview_clean.mp4",".mp4","2737356","2.611","0.0025","2026/9/4 0:45:22","Archive"
"runtime\artifacts\subtitle_lock_preview_cpu.mp4","F:\一人公司\comfyui-production\runtime\artifacts\subtitle_lock_preview_cpu.mp4",".mp4","4660188","4.444","0.0043","2026/9/4 1:07:58","Archive"
"runtime\artifacts\subtitle_lock_preview_cpu_mid.png","F:\一人公司\comfyui-production\runtime\artifacts\subtitle_lock_preview_cpu_mid.png",".png","772175","0.736","0.0007","2026/9/4 1:08:09","Archive"
"runtime\artifacts\subtitle_lock_preview_mid.png","F:\一人公司\comfyui-production\runtime\artifacts\subtitle_lock_preview_mid.png",".png","739105","0.705","0.0007","2026/9/4 0:47:10","Archive"
"runtime\artifacts\d14f40680fe241b6a91a2258d5cccaab\qa.json","F:\一人公司\comfyui-production\runtime\artifacts\d14f40680fe241b6a91a2258d5cccaab\qa.json",".json","2164","0.002","0","2026/9/4 3:25:27","Archive"
"runtime\artifacts\d14f40680fe241b6a91a2258d5cccaab\wanvideo_suwanqing_ref_5s_local_00002.mp4","F:\一人公司\comfyui-production\runtime\artifacts\d14f40680fe241b6a91a2258d5cccaab\wanvideo_suwanqing_ref_5s_local_00002.mp4",".mp4","6783311","6.469","0.0063","2026/9/4 3:13:35","Archive"
"runtime\artifacts\d14f40680fe241b6a91a2258d5cccaab\qa_frames\frame_01.jpg","F:\一人公司\comfyui-production\runtime\artifacts\d14f40680fe241b6a91a2258d5cccaab\qa_frames\frame_01.jpg",".jpg","120585","0.115","0.0001","2026/9/4 3:20:15","Archive"
"runtime\artifacts\d14f40680fe241b6a91a2258d5cccaab\qa_frames\frame_02.jpg","F:\一人公司\comfyui-production\runtime\artifacts\d14f40680fe241b6a91a2258d5cccaab\qa_frames\frame_02.jpg",".jpg","82596","0.079","0.0001","2026/9/4 3:20:15","Archive"
"runtime\artifacts\d14f40680fe241b6a91a2258d5cccaab\qa_frames\frame_03.jpg","F:\一人公司\comfyui-production\runtime\artifacts\d14f40680fe241b6a91a2258d5cccaab\qa_frames\frame_03.jpg",".jpg","87326","0.083","0.0001","2026/9/4 3:20:15","Archive"
"runtime\artifacts\local_suwanqing45_5s_20260904\frame_first.png","F:\一人公司\comfyui-production\runtime\artifacts\local_suwanqing45_5s_20260904\frame_first.png",".png","633429","0.604","0.0006","2026/9/4 0:19:59","Archive"
"runtime\artifacts\local_suwanqing45_5s_20260904\frame_last.png","F:\一人公司\comfyui-production\runtime\artifacts\local_suwanqing45_5s_20260904\frame_last.png",".png","739908","0.706","0.0007","2026/9/4 0:19:59","Archive"
"runtime\artifacts\local_suwanqing45_5s_20260904\suwanqing45_local_draft_5s.mp4","F:\一人公司\comfyui-production\runtime\artifacts\local_suwanqing45_5s_20260904\suwanqing45_local_draft_5s.mp4",".mp4","7953520","7.585","0.0074","2026/9/4 0:17:22","Archive"
"runtime\artifacts\local_suwanqing45_5s_20260904\suwanqing45_local_draft_5s_preview.png","F:\一人公司\comfyui-production\runtime\artifacts\local_suwanqing45_5s_20260904\suwanqing45_local_draft_5s_preview.png",".png","568421","0.542","0.0005","2026/9/4 0:17:20","Archive"
"runtime\verification\minimax-h3-download-guard\result.json","F:\一人公司\comfyui-production\runtime\verification\minimax-h3-download-guard\result.json",".json","796","0.001","0","2026/9/4 2:26:37","Archive"
"sample_assets\cast_manifest.json","F:\一人公司\comfyui-production\sample_assets\cast_manifest.json",".json","1176","0.001","0","2026/9/4 0:42:04","Archive"
"sample_assets\README.md","F:\一人公司\comfyui-production\sample_assets\README.md",".md","431","0","0","2026/9/4 0:42:04","Archive"
"sample_assets\audio\README.md","F:\一人公司\comfyui-production\sample_assets\audio\README.md",".md","283","0","0","2026/9/4 0:42:06","Archive"
"sample_assets\manifests\suwanqing45_neutral_control.json","F:\一人公司\comfyui-production\sample_assets\manifests\suwanqing45_neutral_control.json",".json","947","0.001","0","2026/9/4 3:05:08","Archive"
"sample_assets\manifests\suwanqing45_primary_portrait.json","F:\一人公司\comfyui-production\sample_assets\manifests\suwanqing45_primary_portrait.json",".json","1002","0.001","0","2026/9/4 2:31:51","Archive"
"sample_assets\normalized\suwanqing45_neutral_control.mp4","F:\一人公司\comfyui-production\sample_assets\normalized\suwanqing45_neutral_control.mp4",".mp4","262389","0.25","0.0002","2026/9/4 2:36:39","Archive"
"sample_assets\normalized\suwanqing45_primary_portrait.png","F:\一人公司\comfyui-production\sample_assets\normalized\suwanqing45_primary_portrait.png",".png","201873","0.193","0.0002","2026/9/4 2:31:51","Archive"
"sample_assets\subtitles\SUBTITLE_LOCK_V1.ass","F:\一人公司\comfyui-production\sample_assets\subtitles\SUBTITLE_LOCK_V1.ass",".ass","1030","0.001","0","2026/9/4 0:41:24","Archive"
"sample_assets\subtitles\SUBTITLE_LOCK_V1_preview.ass","F:\一人公司\comfyui-production\sample_assets\subtitles\SUBTITLE_LOCK_V1_preview.ass",".ass","812","0.001","0","2026/9/4 0:41:57","Archive"
"sample_assets\three_images\request.json","F:\一人公司\comfyui-production\sample_assets\three_images\request.json",".json","896","0.001","0","2026/9/4 0:42:05","Archive"
"sample_assets\two_images_one_video\request.json","F:\一人公司\comfyui-production\sample_assets\two_images_one_video\request.json",".json","937","0.001","0","2026/9/4 0:42:05","Archive"
"scripts\build_upscaled_candidate.ps1","F:\一人公司\comfyui-production\scripts\build_upscaled_candidate.ps1",".ps1","16447","0.016","0","2026/9/4 7:24:19","Archive"
"scripts\burn_subtitles.ps1","F:\一人公司\comfyui-production\scripts\burn_subtitles.ps1",".ps1","5706","0.005","0","2026/9/4 5:37:22","Archive"
"scripts\check_comfyui_api.ps1","F:\一人公司\comfyui-production\scripts\check_comfyui_api.ps1",".ps1","4731","0.005","0","2026/9/4 4:19:06","Archive"
"scripts\check_comfyui_local.ps1","F:\一人公司\comfyui-production\scripts\check_comfyui_local.ps1",".ps1","353","0","0","2026/9/4 0:34:45","Archive"
"scripts\check_h3_download_status.py","F:\一人公司\comfyui-production\scripts\check_h3_download_status.py",".py","931","0.001","0","2026/9/4 3:02:57","Archive"
"scripts\check_minimax_h3_download.ps1","F:\一人公司\comfyui-production\scripts\check_minimax_h3_download.ps1",".ps1","2894","0.003","0","2026/9/4 2:26:11","Archive"
"scripts\check_workflow_json.py","F:\一人公司\comfyui-production\scripts\check_workflow_json.py",".py","1317","0.001","0","2026/9/4 3:02:56","Archive"
"scripts\inspect_media.py","F:\一人公司\comfyui-production\scripts\inspect_media.py",".py","3042","0.003","0","2026/9/4 0:45:09","Archive"
"scripts\prepare_suwanqing_portrait.py","F:\一人公司\comfyui-production\scripts\prepare_suwanqing_portrait.py",".py","8723","0.008","0","2026/9/4 2:35:42","Archive"
"scripts\run_api_smoke.py","F:\一人公司\comfyui-production\scripts\run_api_smoke.py",".py","569","0.001","0","2026/9/4 3:02:55","Archive"
"scripts\run_project_tests.py","F:\一人公司\comfyui-production\scripts\run_project_tests.py",".py","661","0.001","0","2026/9/4 3:02:55","Archive"
"scripts\secret_scan.py","F:\一人公司\comfyui-production\scripts\secret_scan.py",".py","3241","0.003","0","2026/9/4 0:48:52","Archive"
"scripts\start_comfyui_api.ps1","F:\一人公司\comfyui-production\scripts\start_comfyui_api.ps1",".ps1","7374","0.007","0","2026/9/4 4:39:22","Archive"
"scripts\start_comfyui_local.ps1","F:\一人公司\comfyui-production\scripts\start_comfyui_local.ps1",".ps1","4189","0.004","0","2026/9/4 5:06:02","Archive"
"scripts\stop_comfyui_api.ps1","F:\一人公司\comfyui-production\scripts\stop_comfyui_api.ps1",".ps1","1363","0.001","0","2026/9/4 1:07:45","Archive"
"scripts\stop_comfyui_local.ps1","F:\一人公司\comfyui-production\scripts\stop_comfyui_local.ps1",".ps1","1186","0.001","0","2026/9/4 0:34:44","Archive"
"scripts\validate_subtitles.py","F:\一人公司\comfyui-production\scripts\validate_subtitles.py",".py","12110","0.012","0","2026/9/4 5:11:42","Archive"
"scripts\__pycache__\inspect_media.cpython-312.pyc","F:\一人公司\comfyui-production\scripts\__pycache__\inspect_media.cpython-312.pyc",".pyc","5002","0.005","0","2026/9/4 0:50:48","Archive"
"scripts\__pycache__\secret_scan.cpython-312.pyc","F:\一人公司\comfyui-production\scripts\__pycache__\secret_scan.cpython-312.pyc",".pyc","5060","0.005","0","2026/9/4 0:50:48","Archive"
"scripts\__pycache__\validate_subtitles.cpython-312.pyc","F:\一人公司\comfyui-production\scripts\__pycache__\validate_subtitles.cpython-312.pyc",".pyc","16744","0.016","0","2026/9/4 4:58:35","Archive"
"src\comfyui_production\autodl.py","F:\一人公司\comfyui-production\src\comfyui_production\autodl.py",".py","9096","0.009","0","2026/9/4 1:19:14","Archive"
"src\comfyui_production\client.py","F:\一人公司\comfyui-production\src\comfyui_production\client.py",".py","12151","0.012","0","2026/9/4 0:15:42","Archive"
"src\comfyui_production\config.py","F:\一人公司\comfyui-production\src\comfyui_production\config.py",".py","6274","0.006","0","2026/9/4 6:53:00","Archive"
"src\comfyui_production\h3.py","F:\一人公司\comfyui-production\src\comfyui_production\h3.py",".py","9601","0.009","0","2026/9/5 3:17:20","Archive"
"src\comfyui_production\media.py","F:\一人公司\comfyui-production\src\comfyui_production\media.py",".py","4057","0.004","0","2026/9/3 22:41:52","Archive"
"src\comfyui_production\provider.py","F:\一人公司\comfyui-production\src\comfyui_production\provider.py",".py","795","0.001","0","2026/9/3 23:56:43","Archive"
"src\comfyui_production\server.py","F:\一人公司\comfyui-production\src\comfyui_production\server.py",".py","51026","0.049","0","2026/9/5 3:17:21","Archive"
"src\comfyui_production\store.py","F:\一人公司\comfyui-production\src\comfyui_production\store.py",".py","2341","0.002","0","2026/9/3 22:41:54","Archive"
"src\comfyui_production\workflow.py","F:\一人公司\comfyui-production\src\comfyui_production\workflow.py",".py","3195","0.003","0","2026/9/3 22:41:53","Archive"
"src\comfyui_production\__init__.py","F:\一人公司\comfyui-production\src\comfyui_production\__init__.py",".py","544","0.001","0","2026/9/3 23:56:44","Archive"
"src\comfyui_production\__pycache__\autodl.cpython-312.pyc","F:\一人公司\comfyui-production\src\comfyui_production\__pycache__\autodl.cpython-312.pyc",".pyc","13096","0.012","0","2026/9/4 1:24:40","Archive"
"src\comfyui_production\__pycache__\client.cpython-312.pyc","F:\一人公司\comfyui-production\src\comfyui_production\__pycache__\client.cpython-312.pyc",".pyc","17336","0.017","0","2026/9/4 0:16:06","Archive"
"src\comfyui_production\__pycache__\config.cpython-312.pyc","F:\一人公司\comfyui-production\src\comfyui_production\__pycache__\config.cpython-312.pyc",".pyc","9791","0.009","0","2026/9/4 6:54:08","Archive"
"src\comfyui_production\__pycache__\h3.cpython-312.pyc","F:\一人公司\comfyui-production\src\comfyui_production\__pycache__\h3.cpython-312.pyc",".pyc","10578","0.01","0","2026/9/5 3:18:03","Archive"
"src\comfyui_production\__pycache__\media.cpython-312.pyc","F:\一人公司\comfyui-production\src\comfyui_production\__pycache__\media.cpython-312.pyc",".pyc","7432","0.007","0","2026/9/3 23:56:59","Archive"
"src\comfyui_production\__pycache__\provider.cpython-312.pyc","F:\一人公司\comfyui-production\src\comfyui_production\__pycache__\provider.cpython-312.pyc",".pyc","887","0.001","0","2026/9/3 23:56:59","Archive"
"src\comfyui_production\__pycache__\server.cpython-312.pyc","F:\一人公司\comfyui-production\src\comfyui_production\__pycache__\server.cpython-312.pyc",".pyc","67207","0.064","0.0001","2026/9/5 3:18:03","Archive"
"src\comfyui_production\__pycache__\store.cpython-312.pyc","F:\一人公司\comfyui-production\src\comfyui_production\__pycache__\store.cpython-312.pyc",".pyc","5211","0.005","0","2026/9/3 23:56:59","Archive"
"src\comfyui_production\__pycache__\workflow.cpython-312.pyc","F:\一人公司\comfyui-production\src\comfyui_production\__pycache__\workflow.cpython-312.pyc",".pyc","5481","0.005","0","2026/9/3 23:56:59","Archive"
"src\comfyui_production\__pycache__\__init__.cpython-312.pyc","F:\一人公司\comfyui-production\src\comfyui_production\__pycache__\__init__.cpython-312.pyc",".pyc","665","0.001","0","2026/9/3 23:56:59","Archive"
"staging\h3-extender-88cc10d4.zip","F:\一人公司\comfyui-production\staging\h3-extender-88cc10d4.zip",".zip","249052","0.238","0.0002","2026/9/7 3:56:18","Archive"
"staging\comfyui-v0.34.0\ComfyUI-v0.34.0.zip","F:\一人公司\comfyui-production\staging\comfyui-v0.34.0\ComfyUI-v0.34.0.zip",".zip","12613058","12.029","0.0117","2026/9/7 4:01:32","Archive"
"staging\comfyui-v0.34.0\ComfyUI-0.34.0\.coderabbit.yaml","F:\一人公司\comfyui-production\staging\comfyui-v0.34.0\ComfyUI-0.34.0\.coderabbit.yaml",".yaml","4826","0.005","0","2026/9/7 4:01:32","Archive"
"staging\comfyui-v0.34.0\ComfyUI-0.34.0\.gitattributes","F:\一人公司\comfyui-production\staging\comfyui-v0.34.0\ComfyUI-0.34.0\.gitattributes",".gitattributes","112","0","0","2026/9/7 4:01:32","Archive"
"staging\comfyui-v0.34.0\ComfyUI-0.34.0\.gitignore","F:\一人公司\comfyui-production\staging\comfyui-v0.34.0\ComfyUI-0.34.0\.gitignore",".gitignore","389","0","0","2026/9/7 4:01:32","Archive"
"staging\comfyui-v0.34.0\ComfyUI-0.34.0\.spectral.yaml","F:\一人公司\comfyui-production\staging\comfyui-v0.34.0\ComfyUI-0.34.0\.spectral.yaml",".yaml","3440","0.003","0","2026/9/7 4:01:32","Archive"
"staging\comfyui-v0.34.0\ComfyUI-0.34.0\AGENTS.md","F:\一人公司\comfyui-production\staging\comfyui-v0.34.0\ComfyUI-0.34.0\AGENTS.md",".md","23040","0.022","0","2026/9/7 4:01:32","Archive"
"staging\comfyui-v0.34.0\ComfyUI-0.34.0\alembic.ini","F:\一人公司\comfyui-production\staging\comfyui-v0.34.0\ComfyUI-0.34.0\alembic.ini",".ini","3230","0.003","0","2026/9/7 4:01:32","Archive"
"staging\comfyui-v0.34.0\ComfyUI-0.34.0\CODEOWNERS","F:\一人公司\comfyui-production\staging\comfyui-v0.34.0\ComfyUI-0.34.0\CODEOWNERS","","175","0","0","2026/9/7 4:01:32","Archive"
"staging\comfyui-v0.34.0\ComfyUI-0.34.0\comfyui_version.py","F:\一人公司\comfyui-production\staging\comfyui-v0.34.0\ComfyUI-0.34.0\comfyui_version.py",".py","128","0","0","2026/9/7 4:01:32","Archive"
"staging\comfyui-v0.34.0\ComfyUI-0.34.0\CONTRIBUTING.md","F:\一人公司\comfyui-production\staging\comfyui-v0.34.0\ComfyUI-0.34.0\CONTRIBUTING.md",".md","1882","0.002","0","2026/9/7 4:01:32","Archive"
"staging\comfyui-v0.34.0\ComfyUI-0.34.0\cuda_malloc.py","F:\一人公司\comfyui-production\staging\comfyui-v0.34.0\ComfyUI-0.34.0\cuda_malloc.py",".py","4182","0.004","0","2026/9/7 4:01:32","Archive"
"staging\comfyui-v0.34.0\ComfyUI-0.34.0\execution.py","F:\一人公司\comfyui-production\staging\comfyui-v0.34.0\ComfyUI-0.34.0\execution.py",".py","61517","0.059","0.0001","2026/9/7 4:01:32","Archive"
"staging\comfyui-v0.34.0\ComfyUI-0.34.0\extra_model_paths.yaml.example","F:\一人公司\comfyui-production\staging\comfyui-v0.34.0\ComfyUI-0.34.0\extra_model_paths.yaml.example",".example","2418","0.002","0","2026/9/7 4:01:32","Archive"
"staging\comfyui-v0.34.0\ComfyUI-0.34.0\folder_paths.py","F:\一人公司\comfyui-production\staging\comfyui-v0.34.0\ComfyUI-0.34.0\folder_paths.py",".py","23156","0.022","0","2026/9/7 4:01:32","Archive"
"staging\comfyui-v0.34.0\ComfyUI-0.34.0\hook_breaker_ac10a0.py","F:\一人公司\comfyui-production\staging\comfyui-v0.34.0\ComfyUI-0.34.0\hook_breaker_ac10a0.py",".py","366","0","0","2026/9/7 4:01:32","Archive"
"staging\comfyui-v0.34.0\ComfyUI-0.34.0\latent_preview.py","F:\一人公司\comfyui-production\staging\comfyui-v0.34.0\ComfyUI-0.34.0\latent_preview.py",".py","5836","0.006","0","2026/9/7 4:01:32","Archive"
"staging\comfyui-v0.34.0\ComfyUI-0.34.0\LICENSE","F:\一人公司\comfyui-production\staging\comfyui-v0.34.0\ComfyUI-0.34.0\LICENSE","","35149","0.034","0","2026/9/7 4:01:32","Archive"
"staging\comfyui-v0.34.0\ComfyUI-0.34.0\main.py","F:\一人公司\comfyui-production\staging\comfyui-v0.34.0\ComfyUI-0.34.0\main.py",".py","25470","0.024","0","2026/9/7 4:01:32","Archive"
"staging\comfyui-v0.34.0\ComfyUI-0.34.0\manager_requirements.txt","F:\一人公司\comfyui-production\staging\comfyui-v0.34.0\ComfyUI-0.34.0\manager_requirements.txt",".txt","23","0","0","2026/9/7 4:01:32","Archive"
"staging\comfyui-v0.34.0\ComfyUI-0.34.0\nodes.py","F:\一人公司\comfyui-production\staging\comfyui-v0.34.0\ComfyUI-0.34.0\nodes.py",".py","108135","0.103","0.0001","2026/9/7 4:01:32","Archive"
"staging\comfyui-v0.34.0\ComfyUI-0.34.0\node_helpers.py","F:\一人公司\comfyui-production\staging\comfyui-v0.34.0\ComfyUI-0.34.0\node_helpers.py",".py","3188","0.003","0","2026/9/7 4:01:32","Archive"
"staging\comfyui-v0.34.0\ComfyUI-0.34.0\openapi.yaml","F:\一人公司\comfyui-production\staging\comfyui-v0.34.0\ComfyUI-0.34.0\openapi.yaml",".yaml","235494","0.225","0.0002","2026/9/7 4:01:32","Archive"
"staging\comfyui-v0.34.0\ComfyUI-0.34.0\protocol.py","F:\一人公司\comfyui-production\staging\comfyui-v0.34.0\ComfyUI-0.34.0\protocol.py",".py","129","0","0","2026/9/7 4:01:32","Archive"
"staging\comfyui-v0.34.0\ComfyUI-0.34.0\pyproject.toml","F:\一人公司\comfyui-production\staging\comfyui-v0.34.0\ComfyUI-0.34.0\pyproject.toml",".toml","2017","0.002","0","2026/9/7 4:01:32","Archive"
"staging\comfyui-v0.34.0\ComfyUI-0.34.0\pytest.ini","F:\一人公司\comfyui-production\staging\comfyui-v0.34.0\ComfyUI-0.34.0\pytest.ini",".ini","227","0","0","2026/9/7 4:01:32","Archive"
"staging\comfyui-v0.34.0\ComfyUI-0.34.0\QUANTIZATION.md","F:\一人公司\comfyui-production\staging\comfyui-v0.34.0\ComfyUI-0.34.0\QUANTIZATION.md",".md","7732","0.007","0","2026/9/7 4:01:32","Archive"
"staging\comfyui-v0.34.0\ComfyUI-0.34.0\README.md","F:\一人公司\comfyui-production\staging\comfyui-v0.34.0\ComfyUI-0.34.0\README.md",".md","27813","0.027","0","2026/9/7 4:01:32","Archive"
"staging\comfyui-v0.34.0\ComfyUI-0.34.0\requirements.txt","F:\一人公司\comfyui-production\staging\comfyui-v0.34.0\ComfyUI-0.34.0\requirements.txt",".txt","532","0.001","0","2026/9/7 4:01:32","Archive"
"staging\comfyui-v0.34.0\ComfyUI-0.34.0\SECURITY.md","F:\一人公司\comfyui-production\staging\comfyui-v0.34.0\ComfyUI-0.34.0\SECURITY.md",".md","3522","0.003","0","2026/9/7 4:01:32","Archive"
"staging\comfyui-v0.34.0\ComfyUI-0.34.0\server.py","F:\一人公司\comfyui-production\staging\comfyui-v0.34.0\ComfyUI-0.34.0\server.py",".py","64758","0.062","0.0001","2026/9/7 4:01:32","Archive"
"staging\comfyui-v0.34.0\ComfyUI-0.34.0\.ci\update_windows\update.py","F:\一人公司\comfyui-production\staging\comfyui-v0.34.0\ComfyUI-0.34.0\.ci\update_windows\update.py",".py","5782","0.006","0","2026/9/7 4:01:32","Archive"
"staging\comfyui-v0.34.0\ComfyUI-0.34.0\.ci\update_windows\update_comfyui.bat","F:\一人公司\comfyui-production\staging\comfyui-v0.34.0\ComfyUI-0.34.0\.ci\update_windows\update_comfyui.bat",".bat","276","0","0","2026/9/7 4:01:32","Archive"
"staging\comfyui-v0.34.0\ComfyUI-0.34.0\.ci\update_windows\update_comfyui_stable.bat","F:\一人公司\comfyui-production\staging\comfyui-v0.34.0\ComfyUI-0.34.0\.ci\update_windows\update_comfyui_stable.bat",".bat","294","0","0","2026/9/7 4:01:32","Archive"
"staging\comfyui-v0.34.0\ComfyUI-0.34.0\.ci\windows_amd_base_files\README_VERY_IMPORTANT.txt","F:\一人公司\comfyui-production\staging\comfyui-v0.34.0\ComfyUI-0.34.0\.ci\windows_amd_base_files\README_VERY_IMPORTANT.txt",".txt","893","0.001","0","2026/9/7 4:01:32","Archive"
"staging\comfyui-v0.34.0\ComfyUI-0.34.0\.ci\windows_amd_base_files\run_amd_gpu.bat","F:\一人公司\comfyui-production\staging\comfyui-v0.34.0\ComfyUI-0.34.0\.ci\windows_amd_base_files\run_amd_gpu.bat",".bat","82","0","0","2026/9/7 4:01:32","Archive"
"staging\comfyui-v0.34.0\ComfyUI-0.34.0\.ci\windows_amd_base_files\run_amd_gpu_enable_dynamic_vram.bat","F:\一人公司\comfyui-production\staging\comfyui-v0.34.0\ComfyUI-0.34.0\.ci\windows_amd_base_files\run_amd_gpu_enable_dynamic_vram.bat",".bat","104","0","0","2026/9/7 4:01:32","Archive"
"staging\comfyui-v0.34.0\ComfyUI-0.34.0\.ci\windows_intel_base_files\run_intel_gpu.bat","F:\一人公司\comfyui-production\staging\comfyui-v0.34.0\ComfyUI-0.34.0\.ci\windows_intel_base_files\run_intel_gpu.bat",".bat","82","0","0","2026/9/7 4:01:32","Archive"
"staging\comfyui-v0.34.0\ComfyUI-0.34.0\.ci\windows_nightly_base_files\run_nvidia_gpu_fast.bat","F:\一人公司\comfyui-production\staging\comfyui-v0.34.0\ComfyUI-0.34.0\.ci\windows_nightly_base_files\run_nvidia_gpu_fast.bat",".bat","89","0","0","2026/9/7 4:01:32","Archive"
"staging\comfyui-v0.34.0\ComfyUI-0.34.0\.ci\windows_nvidia_base_files\README_VERY_IMPORTANT.txt","F:\一人公司\comfyui-production\staging\comfyui-v0.34.0\ComfyUI-0.34.0\.ci\windows_nvidia_base_files\README_VERY_IMPORTANT.txt",".txt","1030","0.001","0","2026/9/7 4:01:32","Archive"
"staging\comfyui-v0.34.0\ComfyUI-0.34.0\.ci\windows_nvidia_base_files\run_cpu.bat","F:\一人公司\comfyui-production\staging\comfyui-v0.34.0\ComfyUI-0.34.0\.ci\windows_nvidia_base_files\run_cpu.bat",".bat","88","0","0","2026/9/7 4:01:32","Archive"
"staging\comfyui-v0.34.0\ComfyUI-0.34.0\.ci\windows_nvidia_base_files\run_nvidia_gpu.bat","F:\一人公司\comfyui-production\staging\comfyui-v0.34.0\ComfyUI-0.34.0\.ci\windows_nvidia_base_files\run_nvidia_gpu.bat",".bat","292","0","0","2026/9/7 4:01:32","Archive"
"staging\comfyui-v0.34.0\ComfyUI-0.34.0\.ci\windows_nvidia_base_files\run_nvidia_gpu_fast_fp16_accumulation.bat","F:\一人公司\comfyui-production\staging\comfyui-v0.34.0\ComfyUI-0.34.0\.ci\windows_nvidia_base_files\run_nvidia_gpu_fast_fp16_accumulation.bat",".bat","317","0","0","2026/9/7 4:01:32","Archive"
"staging\comfyui-v0.34.0\ComfyUI-0.34.0\.ci\windows_nvidia_base_files\advanced\run_nvidia_gpu_disable_api_nodes.bat","F:\一人公司\comfyui-production\staging\comfyui-v0.34.0\ComfyUI-0.34.0\.ci\windows_nvidia_base_files\advanced\run_nvidia_gpu_disable_api_nodes.bat",".bat","316","0","0","2026/9/7 4:01:32","Archive"
"staging\comfyui-v0.34.0\ComfyUI-0.34.0\.github\ISSUE_TEMPLATE\bug-report.yml","F:\一人公司\comfyui-production\staging\comfyui-v0.34.0\ComfyUI-0.34.0\.github\ISSUE_TEMPLATE\bug-report.yml",".yml","3105","0.003","0","2026/9/7 4:01:32","Archive"
"staging\comfyui-v0.34.0\ComfyUI-0.34.0\.github\ISSUE_TEMPLATE\config.yml","F:\一人公司\comfyui-production\staging\comfyui-v0.34.0\ComfyUI-0.34.0\.github\ISSUE_TEMPLATE\config.yml",".yml","689","0.001","0","2026/9/7 4:01:32","Archive"
"staging\comfyui-v0.34.0\ComfyUI-0.34.0\.github\ISSUE_TEMPLATE\feature-request.yml","F:\一人公司\comfyui-production\staging\comfyui-v0.34.0\ComfyUI-0.34.0\.github\ISSUE_TEMPLATE\feature-request.yml",".yml","1584","0.002","0","2026/9/7 4:01:32","Archive"
"staging\comfyui-v0.34.0\ComfyUI-0.34.0\.github\ISSUE_TEMPLATE\user-support.yml","F:\一人公司\comfyui-production\staging\comfyui-v0.34.0\ComfyUI-0.34.0\.github\ISSUE_TEMPLATE\user-support.yml",".yml","1988","0.002","0","2026/9/7 4:01:32","Archive"
"staging\comfyui-v0.34.0\ComfyUI-0.34.0\.github\PULL_REQUEST_TEMPLATE\api-node.md","F:\一人公司\comfyui-production\staging\comfyui-v0.34.0\ComfyUI-0.34.0\.github\PULL_REQUEST_TEMPLATE\api-node.md",".md","398","0","0","2026/9/7 4:01:32","Archive"
"staging\comfyui-v0.34.0\ComfyUI-0.34.0\.github\scripts\check-ai-co-authors.sh","F:\一人公司\comfyui-production\staging\comfyui-v0.34.0\ComfyUI-0.34.0\.github\scripts\check-ai-co-authors.sh",".sh","3204","0.003","0","2026/9/7 4:01:32","Archive"
"staging\comfyui-v0.34.0\ComfyUI-0.34.0\.github\workflows\api-node-template.yml","F:\一人公司\comfyui-production\staging\comfyui-v0.34.0\ComfyUI-0.34.0\.github\workflows\api-node-template.yml",".yml","2244","0.002","0","2026/9/7 4:01:32","Archive"
"staging\comfyui-v0.34.0\ComfyUI-0.34.0\.github\workflows\backport_release.yaml","F:\一人公司\comfyui-production\staging\comfyui-v0.34.0\ComfyUI-0.34.0\.github\workflows\backport_release.yaml",".yaml","23380","0.022","0","2026/9/7 4:01:32","Archive"
"staging\comfyui-v0.34.0\ComfyUI-0.34.0\.github\workflows\check-ai-co-authors.yml","F:\一人公司\comfyui-production\staging\comfyui-v0.34.0\ComfyUI-0.34.0\.github\workflows\check-ai-co-authors.yml",".yml","485","0","0","2026/9/7 4:01:32","Archive"
"staging\comfyui-v0.34.0\ComfyUI-0.34.0\.github\workflows\check-line-endings.yml","F:\一人公司\comfyui-production\staging\comfyui-v0.34.0\ComfyUI-0.34.0\.github\workflows\check-line-endings.yml",".yml","1246","0.001","0","2026/9/7 4:01:32","Archive"
"staging\comfyui-v0.34.0\ComfyUI-0.34.0\.github\workflows\ci-cursor-review.yml","F:\一人公司\comfyui-production\staging\comfyui-v0.34.0\ComfyUI-0.34.0\.github\workflows\ci-cursor-review.yml",".yml","1366","0.001","0","2026/9/7 4:01:32","Archive"
"staging\comfyui-v0.34.0\ComfyUI-0.34.0\.github\workflows\cla.yml","F:\一人公司\comfyui-production\staging\comfyui-v0.34.0\ComfyUI-0.34.0\.github\workflows\cla.yml",".yml","5110","0.005","0","2026/9/7 4:01:32","Archive"
"staging\comfyui-v0.34.0\ComfyUI-0.34.0\.github\workflows\detect-unreviewed-merge.yml","F:\一人公司\comfyui-production\staging\comfyui-v0.34.0\ComfyUI-0.34.0\.github\workflows\detect-unreviewed-merge.yml",".yml","631","0.001","0","2026/9/7 4:01:32","Archive"
"staging\comfyui-v0.34.0\ComfyUI-0.34.0\.github\workflows\notify-on-merge.yml","F:\一人公司\comfyui-production\staging\comfyui-v0.34.0\ComfyUI-0.34.0\.github\workflows\notify-on-merge.yml",".yml","1033","0.001","0","2026/9/7 4:01:32","Archive"
"staging\comfyui-v0.34.0\ComfyUI-0.34.0\.github\workflows\openapi-lint.yml","F:\一人公司\comfyui-production\staging\comfyui-v0.34.0\ComfyUI-0.34.0\.github\workflows\openapi-lint.yml",".yml","639","0.001","0","2026/9/7 4:01:32","Archive"
"staging\comfyui-v0.34.0\ComfyUI-0.34.0\.github\workflows\pullrequest-ci-run.yml","F:\一人公司\comfyui-production\staging\comfyui-v0.34.0\ComfyUI-0.34.0\.github\workflows\pullrequest-ci-run.yml",".yml","1937","0.002","0","2026/9/7 4:01:32","Archive"
"staging\comfyui-v0.34.0\ComfyUI-0.34.0\.github\workflows\release-stable-all.yml","F:\一人公司\comfyui-production\staging\comfyui-v0.34.0\ComfyUI-0.34.0\.github\workflows\release-stable-all.yml",".yml","1849","0.002","0","2026/9/7 4:01:32","Archive"
"staging\comfyui-v0.34.0\ComfyUI-0.34.0\.github\workflows\release-webhook.yml","F:\一人公司\comfyui-production\staging\comfyui-v0.34.0\ComfyUI-0.34.0\.github\workflows\release-webhook.yml",".yml","6605","0.006","0","2026/9/7 4:01:32","Archive"
"staging\comfyui-v0.34.0\ComfyUI-0.34.0\.github\workflows\ruff.yml","F:\一人公司\comfyui-production\staging\comfyui-v0.34.0\ComfyUI-0.34.0\.github\workflows\ruff.yml",".yml","973","0.001","0","2026/9/7 4:01:32","Archive"
"staging\comfyui-v0.34.0\ComfyUI-0.34.0\.github\workflows\stable-release.yml","F:\一人公司\comfyui-production\staging\comfyui-v0.34.0\ComfyUI-0.34.0\.github\workflows\stable-release.yml",".yml","5420","0.005","0","2026/9/7 4:01:32","Archive"
"staging\comfyui-v0.34.0\ComfyUI-0.34.0\.github\workflows\stale-issues.yml","F:\一人公司\comfyui-production\staging\comfyui-v0.34.0\ComfyUI-0.34.0\.github\workflows\stale-issues.yml",".yml","691","0.001","0","2026/9/7 4:01:32","Archive"
"staging\comfyui-v0.34.0\ComfyUI-0.34.0\.github\workflows\tag-dispatch-cloud.yml","F:\一人公司\comfyui-production\staging\comfyui-v0.34.0\ComfyUI-0.34.0\.github\workflows\tag-dispatch-cloud.yml",".yml","1323","0.001","0","2026/9/7 4:01:32","Archive"
"staging\comfyui-v0.34.0\ComfyUI-0.34.0\.github\workflows\test-build.yml","F:\一人公司\comfyui-production\staging\comfyui-v0.34.0\ComfyUI-0.34.0\.github\workflows\test-build.yml",".yml","765","0.001","0","2026/9/7 4:01:32","Archive"
"staging\comfyui-v0.34.0\ComfyUI-0.34.0\.github\workflows\test-ci.yml","F:\一人公司\comfyui-production\staging\comfyui-v0.34.0\ComfyUI-0.34.0\.github\workflows\test-ci.yml",".yml","3101","0.003","0","2026/9/7 4:01:32","Archive"
"staging\comfyui-v0.34.0\ComfyUI-0.34.0\.github\workflows\test-execution.yml","F:\一人公司\comfyui-production\staging\comfyui-v0.34.0\ComfyUI-0.34.0\.github\workflows\test-execution.yml",".yml","839","0.001","0","2026/9/7 4:01:32","Archive"
"staging\comfyui-v0.34.0\ComfyUI-0.34.0\.github\workflows\test-launch.yml","F:\一人公司\comfyui-production\staging\comfyui-v0.34.0\ComfyUI-0.34.0\.github\workflows\test-launch.yml",".yml","1788","0.002","0","2026/9/7 4:01:32","Archive"
"staging\comfyui-v0.34.0\ComfyUI-0.34.0\.github\workflows\test-unit.yml","F:\一人公司\comfyui-production\staging\comfyui-v0.34.0\ComfyUI-0.34.0\.github\workflows\test-unit.yml",".yml","798","0.001","0","2026/9/7 4:01:32","Archive"
"staging\comfyui-v0.34.0\ComfyUI-0.34.0\.github\workflows\update-api-stubs.yml","F:\一人公司\comfyui-production\staging\comfyui-v0.34.0\ComfyUI-0.34.0\.github\workflows\update-api-stubs.yml",".yml","1833","0.002","0","2026/9/7 4:01:32","Archive"
"staging\comfyui-v0.34.0\ComfyUI-0.34.0\.github\workflows\update-ci-container.yml","F:\一人公司\comfyui-production\staging\comfyui-v0.34.0\ComfyUI-0.34.0\.github\workflows\update-ci-container.yml",".yml","2113","0.002","0","2026/9/7 4:01:32","Archive"
"staging\comfyui-v0.34.0\ComfyUI-0.34.0\.github\workflows\update-version.yml","F:\一人公司\comfyui-production\staging\comfyui-v0.34.0\ComfyUI-0.34.0\.github\workflows\update-version.yml",".yml","1859","0.002","0","2026/9/7 4:01:32","Archive"
"staging\comfyui-v0.34.0\ComfyUI-0.34.0\.github\workflows\windows_release_dependencies.yml","F:\一人公司\comfyui-production\staging\comfyui-v0.34.0\ComfyUI-0.34.0\.github\workflows\windows_release_dependencies.yml",".yml","2530","0.002","0","2026/9/7 4:01:32","Archive"
"staging\comfyui-v0.34.0\ComfyUI-0.34.0\.github\workflows\windows_release_dependencies_manual.yml","F:\一人公司\comfyui-production\staging\comfyui-v0.34.0\ComfyUI-0.34.0\.github\workflows\windows_release_dependencies_manual.yml",".yml","2295","0.002","0","2026/9/7 4:01:32","Archive"
"staging\comfyui-v0.34.0\ComfyUI-0.34.0\.github\workflows\windows_release_nightly_pytorch.yml","F:\一人公司\comfyui-production\staging\comfyui-v0.34.0\ComfyUI-0.34.0\.github\workflows\windows_release_nightly_pytorch.yml",".yml","3737","0.004","0","2026/9/7 4:01:32","Archive"
"staging\comfyui-v0.34.0\ComfyUI-0.34.0\.github\workflows\windows_release_package.yml","F:\一人公司\comfyui-production\staging\comfyui-v0.34.0\ComfyUI-0.34.0\.github\workflows\windows_release_package.yml",".yml","3666","0.003","0","2026/9/7 4:01:32","Archive"
"staging\comfyui-v0.34.0\ComfyUI-0.34.0\alembic_db\env.py","F:\一人公司\comfyui-production\staging\comfyui-v0.34.0\ComfyUI-0.34.0\alembic_db\env.py",".py","1914","0.002","0","2026/9/7 4:01:32","Archive"
"staging\comfyui-v0.34.0\ComfyUI-0.34.0\alembic_db\README.md","F:\一人公司\comfyui-production\staging\comfyui-v0.34.0\ComfyUI-0.34.0\alembic_db\README.md",".md","133","0","0","2026/9/7 4:01:32","Archive"
"staging\comfyui-v0.34.0\ComfyUI-0.34.0\alembic_db\script.py.mako","F:\一人公司\comfyui-production\staging\comfyui-v0.34.0\ComfyUI-0.34.0\alembic_db\script.py.mako",".mako","689","0.001","0","2026/9/7 4:01:32","Archive"
"staging\comfyui-v0.34.0\ComfyUI-0.34.0\alembic_db\versions\0001_assets.py","F:\一人公司\comfyui-production\staging\comfyui-v0.34.0\ComfyUI-0.34.0\alembic_db\versions\0001_assets.py",".py","8823","0.008","0","2026/9/7 4:01:32","Archive"
"staging\comfyui-v0.34.0\ComfyUI-0.34.0\alembic_db\versions\0002_merge_to_asset_references.py","F:\一人公司\comfyui-production\staging\comfyui-v0.34.0\ComfyUI-0.34.0\alembic_db\versions\0002_merge_to_asset_references.py",".py","13024","0.012","0","2026/9/7 4:01:32","Archive"
"staging\comfyui-v0.34.0\ComfyUI-0.34.0\alembic_db\versions\0003_add_metadata_job_id.py","F:\一人公司\comfyui-production\staging\comfyui-v0.34.0\ComfyUI-0.34.0\alembic_db\versions\0003_add_metadata_job_id.py",".py","3450","0.003","0","2026/9/7 4:01:32","Archive"
"staging\comfyui-v0.34.0\ComfyUI-0.34.0\alembic_db\versions\0004_drop_tag_type.py","F:\一人公司\comfyui-production\staging\comfyui-v0.34.0\ComfyUI-0.34.0\alembic_db\versions\0004_drop_tag_type.py",".py","1098","0.001","0","2026/9/7 4:01:32","Archive"
"staging\comfyui-v0.34.0\ComfyUI-0.34.0\alembic_db\versions\0005_allow_case_sensitive_tags.py","F:\一人公司\comfyui-production\staging\comfyui-v0.34.0\ComfyUI-0.34.0\alembic_db\versions\0005_allow_case_sensitive_tags.py",".py","3652","0.003","0","2026/9/7 4:01:32","Archive"
"staging\comfyui-v0.34.0\ComfyUI-0.34.0\alembic_db\versions\0006_add_loader_path.py","F:\一人公司\comfyui-production\staging\comfyui-v0.34.0\ComfyUI-0.34.0\alembic_db\versions\0006_add_loader_path.py",".py","892","0.001","0","2026/9/7 4:01:32","Archive"
"staging\comfyui-v0.34.0\ComfyUI-0.34.0\api_server\__init__.py","F:\一人公司\comfyui-production\staging\comfyui-v0.34.0\ComfyUI-0.34.0\api_server\__init__.py",".py","0","0","0","2026/9/7 4:01:32","Archive"
"staging\comfyui-v0.34.0\ComfyUI-0.34.0\api_server\routes\__init__.py","F:\一人公司\comfyui-production\staging\comfyui-v0.34.0\ComfyUI-0.34.0\api_server\routes\__init__.py",".py","0","0","0","2026/9/7 4:01:32","Archive"
"staging\comfyui-v0.34.0\ComfyUI-0.34.0\api_server\routes\internal\internal_routes.py","F:\一人公司\comfyui-production\staging\comfyui-v0.34.0\ComfyUI-0.34.0\api_server\routes\internal\internal_routes.py",".py","3072","0.003","0","2026/9/7 4:01:32","Archive"
"staging\comfyui-v0.34.0\ComfyUI-0.34.0\api_server\routes\internal\README.md","F:\一人公司\comfyui-production\staging\comfyui-v0.34.0\ComfyUI-0.34.0\api_server\routes\internal\README.md",".md","220","0","0","2026/9/7 4:01:32","Archive"
"staging\comfyui-v0.34.0\ComfyUI-0.34.0\api_server\routes\internal\__init__.py","F:\一人公司\comfyui-production\staging\comfyui-v0.34.0\ComfyUI-0.34.0\api_server\routes\internal\__init__.py",".py","0","0","0","2026/9/7 4:01:32","Archive"
"staging\comfyui-v0.34.0\ComfyUI-0.34.0\api_server\services\terminal_service.py","F:\一人公司\comfyui-production\staging\comfyui-v0.34.0\ComfyUI-0.34.0\api_server\services\terminal_service.py",".py","1709","0.002","0","2026/9/7 4:01:32","Archive"
"staging\comfyui-v0.34.0\ComfyUI-0.34.0\api_server\services\__init__.py","F:\一人公司\comfyui-production\staging\comfyui-v0.34.0\ComfyUI-0.34.0\api_server\services\__init__.py",".py","0","0","0","2026/9/7 4:01:32","Archive"
"staging\comfyui-v0.34.0\ComfyUI-0.34.0\api_server\utils\file_operations.py","F:\一人公司\comfyui-production\staging\comfyui-v0.34.0\ComfyUI-0.34.0\api_server\utils\file_operations.py",".py","1367","0.001","0","2026/9/7 4:01:32","Archive"
"staging\comfyui-v0.34.0\ComfyUI-0.34.0\app\app_settings.py","F:\一人公司\comfyui-production\staging\comfyui-v0.34.0\ComfyUI-0.34.0\app\app_settings.py",".py","2255","0.002","0","2026/9/7 4:01:32","Archive"
"staging\comfyui-v0.34.0\ComfyUI-0.34.0\app\custom_node_manager.py","F:\一人公司\comfyui-production\staging\comfyui-v0.34.0\ComfyUI-0.34.0\app\custom_node_manager.py",".py","5294","0.005","0","2026/9/7 4:01:32","Archive"
"staging\comfyui-v0.34.0\ComfyUI-0.34.0\app\frontend_management.py","F:\一人公司\comfyui-production\staging\comfyui-v0.34.0\ComfyUI-0.34.0\app\frontend_management.py",".py","14803","0.014","0","2026/9/7 4:01:32","Archive"
"staging\comfyui-v0.34.0\ComfyUI-0.34.0\app\logger.py","F:\一人公司\comfyui-production\staging\comfyui-v0.34.0\ComfyUI-0.34.0\app\logger.py",".py","5057","0.005","0","2026/9/7 4:01:32","Archive"
"staging\comfyui-v0.34.0\ComfyUI-0.34.0\app\model_manager.py","F:\一人公司\comfyui-production\staging\comfyui-v0.34.0\ComfyUI-0.34.0\app\model_manager.py",".py","9327","0.009","0","2026/9/7 4:01:32","Archive"
"staging\comfyui-v0.34.0\ComfyUI-0.34.0\app\node_replace_manager.py","F:\一人公司\comfyui-production\staging\comfyui-v0.34.0\ComfyUI-0.34.0\app\node_replace_manager.py",".py","5653","0.005","0","2026/9/7 4:01:32","Archive"
"staging\comfyui-v0.34.0\ComfyUI-0.34.0\app\subgraph_manager.py","F:\一人公司\comfyui-production\staging\comfyui-v0.34.0\ComfyUI-0.34.0\app\subgraph_manager.py",".py","5245","0.005","0","2026/9/7 4:01:32","Archive"
"staging\comfyui-v0.34.0\ComfyUI-0.34.0\app\user_manager.py","F:\一人公司\comfyui-production\staging\comfyui-v0.34.0\ComfyUI-0.34.0\app\user_manager.py",".py","20149","0.019","0","2026/9/7 4:01:32","Archive"
"staging\comfyui-v0.34.0\ComfyUI-0.34.0\app\__init__.py","F:\一人公司\comfyui-production\staging\comfyui-v0.34.0\ComfyUI-0.34.0\app\__init__.py",".py","0","0","0","2026/9/7 4:01:32","Archive"
"staging\comfyui-v0.34.0\ComfyUI-0.34.0\app\assets\helpers.py","F:\一人公司\comfyui-production\staging\comfyui-v0.34.0\ComfyUI-0.34.0\app\assets\helpers.py",".py","2034","0.002","0","2026/9/7 4:01:32","Archive"
"staging\comfyui-v0.34.0\ComfyUI-0.34.0\app\assets\scanner.py","F:\一人公司\comfyui-production\staging\comfyui-v0.34.0\ComfyUI-0.34.0\app\assets\scanner.py",".py","21612","0.021","0","2026/9/7 4:01:32","Archive"
"staging\comfyui-v0.34.0\ComfyUI-0.34.0\app\assets\seeder.py","F:\一人公司\comfyui-production\staging\comfyui-v0.34.0\ComfyUI-0.34.0\app\assets\seeder.py",".py","29450","0.028","0","2026/9/7 4:01:32","Archive"
"staging\comfyui-v0.34.0\ComfyUI-0.34.0\app\assets\api\routes.py","F:\一人公司\comfyui-production\staging\comfyui-v0.34.0\ComfyUI-0.34.0\app\assets\api\routes.py",".py","34688","0.033","0","2026/9/7 4:01:32","Archive"
"staging\comfyui-v0.34.0\ComfyUI-0.34.0\app\assets\api\schemas_in.py","F:\一人公司\comfyui-production\staging\comfyui-v0.34.0\ComfyUI-0.34.0\app\assets\api\schemas_in.py",".py","11544","0.011","0","2026/9/7 4:01:32","Archive"
"staging\comfyui-v0.34.0\ComfyUI-0.34.0\app\assets\api\schemas_out.py","F:\一人公司\comfyui-production\staging\comfyui-v0.34.0\ComfyUI-0.34.0\app\assets\api\schemas_out.py",".py","2753","0.003","0","2026/9/7 4:01:32","Archive"
"staging\comfyui-v0.34.0\ComfyUI-0.34.0\app\assets\api\upload.py","F:\一人公司\comfyui-production\staging\comfyui-v0.34.0\ComfyUI-0.34.0\app\assets\api\upload.py",".py","6337","0.006","0","2026/9/7 4:01:32","Archive"
"staging\comfyui-v0.34.0\ComfyUI-0.34.0\app\assets\database\models.py","F:\一人公司\comfyui-production\staging\comfyui-v0.34.0\ComfyUI-0.34.0\app\assets\database\models.py",".py","8992","0.009","0","2026/9/7 4:01:32","Archive"
"staging\comfyui-v0.34.0\ComfyUI-0.34.0\app\assets\database\queries\asset.py","F:\一人公司\comfyui-production\staging\comfyui-v0.34.0\ComfyUI-0.34.0\app\assets\database\queries\asset.py",".py","4136","0.004","0","2026/9/7 4:01:32","Archive"
"staging\comfyui-v0.34.0\ComfyUI-0.34.0\app\assets\database\queries\asset_reference.py","F:\一人公司\comfyui-production\staging\comfyui-v0.34.0\ComfyUI-0.34.0\app\assets\database\queries\asset_reference.py",".py","33172","0.032","0","2026/9/7 4:01:32","Archive"
"staging\comfyui-v0.34.0\ComfyUI-0.34.0\app\assets\database\queries\common.py","F:\一人公司\comfyui-production\staging\comfyui-v0.34.0\ComfyUI-0.34.0\app\assets\database\queries\common.py",".py","4660","0.004","0","2026/9/7 4:01:32","Archive"
"staging\comfyui-v0.34.0\ComfyUI-0.34.0\app\assets\database\queries\tags.py","F:\一人公司\comfyui-production\staging\comfyui-v0.34.0\ComfyUI-0.34.0\app\assets\database\queries\tags.py",".py","13018","0.012","0","2026/9/7 4:01:32","Archive"
"staging\comfyui-v0.34.0\ComfyUI-0.34.0\app\assets\database\queries\__init__.py","F:\一人公司\comfyui-production\staging\comfyui-v0.34.0\ComfyUI-0.34.0\app\assets\database\queries\__init__.py",".py","4182","0.004","0","2026/9/7 4:01:32","Archive"
"staging\comfyui-v0.34.0\ComfyUI-0.34.0\app\assets\services\asset_management.py","F:\一人公司\comfyui-production\staging\comfyui-v0.34.0\ComfyUI-0.34.0\app\assets\services\asset_management.py",".py","16291","0.016","0","2026/9/7 4:01:32","Archive"
"staging\comfyui-v0.34.0\ComfyUI-0.34.0\app\assets\services\bulk_ingest.py","F:\一人公司\comfyui-production\staging\comfyui-v0.34.0\ComfyUI-0.34.0\app\assets\services\bulk_ingest.py",".py","8973","0.009","0","2026/9/7 4:01:32","Archive"
"staging\comfyui-v0.34.0\ComfyUI-0.34.0\app\assets\services\cursor.py","F:\一人公司\comfyui-production\staging\comfyui-v0.34.0\ComfyUI-0.34.0\app\assets\services\cursor.py",".py","8678","0.008","0","2026/9/7 4:01:32","Archive"
"staging\comfyui-v0.34.0\ComfyUI-0.34.0\app\assets\services\file_utils.py","F:\一人公司\comfyui-production\staging\comfyui-v0.34.0\ComfyUI-0.34.0\app\assets\services\file_utils.py",".py","2267","0.002","0","2026/9/7 4:01:32","Archive"
"staging\comfyui-v0.34.0\ComfyUI-0.34.0\app\assets\services\hashing.py","F:\一人公司\comfyui-production\staging\comfyui-v0.34.0\ComfyUI-0.34.0\app\assets\services\hashing.py",".py","3076","0.003","0","2026/9/7 4:01:32","Archive"
"staging\comfyui-v0.34.0\ComfyUI-0.34.0\app\assets\services\image_dimensions.py","F:\一人公司\comfyui-production\staging\comfyui-v0.34.0\ComfyUI-0.34.0\app\assets\services\image_dimensions.py",".py","2035","0.002","0","2026/9/7 4:01:32","Archive"
"staging\comfyui-v0.34.0\ComfyUI-0.34.0\app\assets\services\ingest.py","F:\一人公司\comfyui-production\staging\comfyui-v0.34.0\ComfyUI-0.34.0\app\assets\services\ingest.py",".py","22158","0.021","0","2026/9/7 4:01:32","Archive"
"staging\comfyui-v0.34.0\ComfyUI-0.34.0\app\assets\services\metadata_extract.py","F:\一人公司\comfyui-production\staging\comfyui-v0.34.0\ComfyUI-0.34.0\app\assets\services\metadata_extract.py",".py","10952","0.01","0","2026/9/7 4:01:32","Archive"
"staging\comfyui-v0.34.0\ComfyUI-0.34.0\app\assets\services\path_utils.py","F:\一人公司\comfyui-production\staging\comfyui-v0.34.0\ComfyUI-0.34.0\app\assets\services\path_utils.py",".py","13146","0.013","0","2026/9/7 4:01:32","Archive"
"staging\comfyui-v0.34.0\ComfyUI-0.34.0\app\assets\services\schemas.py","F:\一人公司\comfyui-production\staging\comfyui-v0.34.0\ComfyUI-0.34.0\app\assets\services\schemas.py",".py","2438","0.002","0","2026/9/7 4:01:32","Archive"
"staging\comfyui-v0.34.0\ComfyUI-0.34.0\app\assets\services\tagging.py","F:\一人公司\comfyui-production\staging\comfyui-v0.34.0\ComfyUI-0.34.0\app\assets\services\tagging.py",".py","2731","0.003","0","2026/9/7 4:01:32","Archive"
"staging\comfyui-v0.34.0\ComfyUI-0.34.0\app\assets\services\__init__.py","F:\一人公司\comfyui-production\staging\comfyui-v0.34.0\ComfyUI-0.34.0\app\assets\services\__init__.py",".py","2162","0.002","0","2026/9/7 4:01:32","Archive"
"staging\comfyui-v0.34.0\ComfyUI-0.34.0\app\database\db.py","F:\一人公司\comfyui-production\staging\comfyui-v0.34.0\ComfyUI-0.34.0\app\database\db.py",".py","7042","0.007","0","2026/9/7 4:01:32","Archive"
"staging\comfyui-v0.34.0\ComfyUI-0.34.0\app\database\models.py","F:\一人公司\comfyui-production\staging\comfyui-v0.34.0\ComfyUI-0.34.0\app\database\models.py",".py","932","0.001","0","2026/9/7 4:01:32","Archive"
"staging\comfyui-v0.34.0\ComfyUI-0.34.0\blueprints\Audio Generation (Stable Audio 3 Medium Base).json","F:\一人公司\comfyui-production\staging\comfyui-v0.34.0\ComfyUI-0.34.0\blueprints\Audio Generation (Stable Audio 3 Medium Base).json",".json","82233","0.078","0.0001","2026/9/7 4:01:32","Archive"
"staging\comfyui-v0.34.0\ComfyUI-0.34.0\blueprints\Audio Generation (Stable Audio 3 Medium).json","F:\一人公司\comfyui-production\staging\comfyui-v0.34.0\ComfyUI-0.34.0\blueprints\Audio Generation (Stable Audio 3 Medium).json",".json","82187","0.078","0.0001","2026/9/7 4:01:32","Archive"
"staging\comfyui-v0.34.0\ComfyUI-0.34.0\blueprints\Brightness and Contrast.json","F:\一人公司\comfyui-production\staging\comfyui-v0.34.0\ComfyUI-0.34.0\blueprints\Brightness and Contrast.json",".json","11739","0.011","0","2026/9/7 4:01:32","Archive"
"staging\comfyui-v0.34.0\ComfyUI-0.34.0\blueprints\Canny to Image (Z-Image-Turbo).json","F:\一人公司\comfyui-production\staging\comfyui-v0.34.0\ComfyUI-0.34.0\blueprints\Canny to Image (Z-Image-Turbo).json",".json","40591","0.039","0","2026/9/7 4:01:32","Archive"
"staging\comfyui-v0.34.0\ComfyUI-0.34.0\blueprints\Canny to Video (LTX 2.0).json","F:\一人公司\comfyui-production\staging\comfyui-v0.34.0\ComfyUI-0.34.0\blueprints\Canny to Video (LTX 2.0).json",".json","94615","0.09","0.0001","2026/9/7 4:01:32","Archive"
"staging\comfyui-v0.34.0\ComfyUI-0.34.0\blueprints\Character Replacement (SCAIL-2 Base).json","F:\一人公司\comfyui-production\staging\comfyui-v0.34.0\ComfyUI-0.34.0\blueprints\Character Replacement (SCAIL-2 Base).json",".json","107920","0.103","0.0001","2026/9/7 4:01:32","Archive"
"staging\comfyui-v0.34.0\ComfyUI-0.34.0\blueprints\Character Replacement (SCAIL-2 Extend).json","F:\一人公司\comfyui-production\staging\comfyui-v0.34.0\ComfyUI-0.34.0\blueprints\Character Replacement (SCAIL-2 Extend).json",".json","114792","0.109","0.0001","2026/9/7 4:01:32","Archive"
"staging\comfyui-v0.34.0\ComfyUI-0.34.0\blueprints\Chromatic Aberration.json","F:\一人公司\comfyui-production\staging\comfyui-v0.34.0\ComfyUI-0.34.0\blueprints\Chromatic Aberration.json",".json","11603","0.011","0","2026/9/7 4:01:32","Archive"
"staging\comfyui-v0.34.0\ComfyUI-0.34.0\blueprints\Color Adjustment.json","F:\一人公司\comfyui-production\staging\comfyui-v0.34.0\ComfyUI-0.34.0\blueprints\Color Adjustment.json",".json","17619","0.017","0","2026/9/7 4:01:32","Archive"
"staging\comfyui-v0.34.0\ComfyUI-0.34.0\blueprints\Color Balance.json","F:\一人公司\comfyui-production\staging\comfyui-v0.34.0\ComfyUI-0.34.0\blueprints\Color Balance.json",".json","31066","0.03","0","2026/9/7 4:01:32","Archive"
"staging\comfyui-v0.34.0\ComfyUI-0.34.0\blueprints\Color Curves.json","F:\一人公司\comfyui-production\staging\comfyui-v0.34.0\ComfyUI-0.34.0\blueprints\Color Curves.json",".json","16947","0.016","0","2026/9/7 4:01:32","Archive"
"staging\comfyui-v0.34.0\ComfyUI-0.34.0\blueprints\ControlNet (Z-Image-Turbo).json","F:\一人公司\comfyui-production\staging\comfyui-v0.34.0\ComfyUI-0.34.0\blueprints\ControlNet (Z-Image-Turbo).json",".json","36509","0.035","0","2026/9/7 4:01:32","Archive"
"staging\comfyui-v0.34.0\ComfyUI-0.34.0\blueprints\Crop Images 2x2.json","F:\一人公司\comfyui-production\staging\comfyui-v0.34.0\ComfyUI-0.34.0\blueprints\Crop Images 2x2.json",".json","41143","0.039","0","2026/9/7 4:01:32","Archive"
"staging\comfyui-v0.34.0\ComfyUI-0.34.0\blueprints\Crop Images 3x3.json","F:\一人公司\comfyui-production\staging\comfyui-v0.34.0\ComfyUI-0.34.0\blueprints\Crop Images 3x3.json",".json","75150","0.072","0.0001","2026/9/7 4:01:32","Archive"
"staging\comfyui-v0.34.0\ComfyUI-0.34.0\blueprints\Depth to Image (Z-Image-Turbo).json","F:\一人公司\comfyui-production\staging\comfyui-v0.34.0\ComfyUI-0.34.0\blueprints\Depth to Image (Z-Image-Turbo).json",".json","64705","0.062","0.0001","2026/9/7 4:01:32","Archive"
"staging\comfyui-v0.34.0\ComfyUI-0.34.0\blueprints\Depth to Video (ltx 2.0).json","F:\一人公司\comfyui-production\staging\comfyui-v0.34.0\ComfyUI-0.34.0\blueprints\Depth to Video (ltx 2.0).json",".json","138288","0.132","0.0001","2026/9/7 4:01:32","Archive"
"staging\comfyui-v0.34.0\ComfyUI-0.34.0\blueprints\Edge-Preserving Blur.json","F:\一人公司\comfyui-production\staging\comfyui-v0.34.0\ComfyUI-0.34.0\blueprints\Edge-Preserving Blur.json",".json","14090","0.013","0","2026/9/7 4:01:32","Archive"
"staging\comfyui-v0.34.0\ComfyUI-0.34.0\blueprints\Film Grain.json","F:\一人公司\comfyui-production\staging\comfyui-v0.34.0\ComfyUI-0.34.0\blueprints\Film Grain.json",".json","18522","0.018","0","2026/9/7 4:01:32","Archive"
"staging\comfyui-v0.34.0\ComfyUI-0.34.0\blueprints\First-Last-Frame to Video (LTX-2.3).json","F:\一人公司\comfyui-production\staging\comfyui-v0.34.0\ComfyUI-0.34.0\blueprints\First-Last-Frame to Video (LTX-2.3).json",".json","90337","0.086","0.0001","2026/9/7 4:01:32","Archive"
"staging\comfyui-v0.34.0\ComfyUI-0.34.0\blueprints\First-Last-Frame to Video.json","F:\一人公司\comfyui-production\staging\comfyui-v0.34.0\ComfyUI-0.34.0\blueprints\First-Last-Frame to Video.json",".json","90331","0.086","0.0001","2026/9/7 4:01:32","Archive"
"staging\comfyui-v0.34.0\ComfyUI-0.34.0\blueprints\Frame Interpolation.json","F:\一人公司\comfyui-production\staging\comfyui-v0.34.0\ComfyUI-0.34.0\blueprints\Frame Interpolation.json",".json","21545","0.021","0","2026/9/7 4:01:32","Archive"
"staging\comfyui-v0.34.0\ComfyUI-0.34.0\blueprints\Geometry Estimation (MoGe).json","F:\一人公司\comfyui-production\staging\comfyui-v0.34.0\ComfyUI-0.34.0\blueprints\Geometry Estimation (MoGe).json",".json","32563","0.031","0","2026/9/7 4:01:32","Archive"
"staging\comfyui-v0.34.0\ComfyUI-0.34.0\blueprints\Get Any Video Frame.json","F:\一人公司\comfyui-production\staging\comfyui-v0.34.0\ComfyUI-0.34.0\blueprints\Get Any Video Frame.json",".json","11376","0.011","0","2026/9/7 4:01:32","Archive"
"staging\comfyui-v0.34.0\ComfyUI-0.34.0\blueprints\Glow.json","F:\一人公司\comfyui-production\staging\comfyui-v0.34.0\ComfyUI-0.34.0\blueprints\Glow.json",".json","17819","0.017","0","2026/9/7 4:01:32","Archive"
"staging\comfyui-v0.34.0\ComfyUI-0.34.0\blueprints\Hue and Saturation.json","F:\一人公司\comfyui-production\staging\comfyui-v0.34.0\ComfyUI-0.34.0\blueprints\Hue and Saturation.json",".json","25103","0.024","0","2026/9/7 4:01:32","Archive"
"staging\comfyui-v0.34.0\ComfyUI-0.34.0\blueprints\Image Blur.json","F:\一人公司\comfyui-production\staging\comfyui-v0.34.0\ComfyUI-0.34.0\blueprints\Image Blur.json",".json","12416","0.012","0","2026/9/7 4:01:32","Archive"
"staging\comfyui-v0.34.0\ComfyUI-0.34.0\blueprints\Image Captioning (gemini).json","F:\一人公司\comfyui-production\staging\comfyui-v0.34.0\ComfyUI-0.34.0\blueprints\Image Captioning (gemini).json",".json","9141","0.009","0","2026/9/7 4:01:32","Archive"
"staging\comfyui-v0.34.0\ComfyUI-0.34.0\blueprints\Image Channels.json","F:\一人公司\comfyui-production\staging\comfyui-v0.34.0\ComfyUI-0.34.0\blueprints\Image Channels.json",".json","8288","0.008","0","2026/9/7 4:01:32","Archive"
"staging\comfyui-v0.34.0\ComfyUI-0.34.0\blueprints\Image Depth Estimation (Depth Anything 3).json","F:\一人公司\comfyui-production\staging\comfyui-v0.34.0\ComfyUI-0.34.0\blueprints\Image Depth Estimation (Depth Anything 3).json",".json","14824","0.014","0","2026/9/7 4:01:32","Archive"
"staging\comfyui-v0.34.0\ComfyUI-0.34.0\blueprints\Image Depth Estimation (Lotus Depth).json","F:\一人公司\comfyui-production\staging\comfyui-v0.34.0\ComfyUI-0.34.0\blueprints\Image Depth Estimation (Lotus Depth).json",".json","23785","0.023","0","2026/9/7 4:01:32","Archive"
"staging\comfyui-v0.34.0\ComfyUI-0.34.0\blueprints\Image Depth Estimation (MoGe).json","F:\一人公司\comfyui-production\staging\comfyui-v0.34.0\ComfyUI-0.34.0\blueprints\Image Depth Estimation (MoGe).json",".json","29580","0.028","0","2026/9/7 4:01:32","Archive"
"staging\comfyui-v0.34.0\ComfyUI-0.34.0\blueprints\Image Edit (Bernini-R).json","F:\一人公司\comfyui-production\staging\comfyui-v0.34.0\ComfyUI-0.34.0\blueprints\Image Edit (Bernini-R).json",".json","91961","0.088","0.0001","2026/9/7 4:01:32","Archive"
"staging\comfyui-v0.34.0\ComfyUI-0.34.0\blueprints\Image Edit (FireRed Image Edit 1.1).json","F:\一人公司\comfyui-production\staging\comfyui-v0.34.0\ComfyUI-0.34.0\blueprints\Image Edit (FireRed Image Edit 1.1).json",".json","56282","0.054","0.0001","2026/9/7 4:01:32","Archive"
"staging\comfyui-v0.34.0\ComfyUI-0.34.0\blueprints\Image Edit (Flux.2 Dev).json","F:\一人公司\comfyui-production\staging\comfyui-v0.34.0\ComfyUI-0.34.0\blueprints\Image Edit (Flux.2 Dev).json",".json","53711","0.051","0.0001","2026/9/7 4:01:32","Archive"
"staging\comfyui-v0.34.0\ComfyUI-0.34.0\blueprints\Image Edit (Flux.2 Klein 4B).json","F:\一人公司\comfyui-production\staging\comfyui-v0.34.0\ComfyUI-0.34.0\blueprints\Image Edit (Flux.2 Klein 4B).json",".json","47503","0.045","0","2026/9/7 4:01:32","Archive"
"staging\comfyui-v0.34.0\ComfyUI-0.34.0\blueprints\Image Edit (LongCat Image Edit).json","F:\一人公司\comfyui-production\staging\comfyui-v0.34.0\ComfyUI-0.34.0\blueprints\Image Edit (LongCat Image Edit).json",".json","36274","0.035","0","2026/9/7 4:01:32","Archive"
"staging\comfyui-v0.34.0\ComfyUI-0.34.0\blueprints\Image Edit (Qwen 2509).json","F:\一人公司\comfyui-production\staging\comfyui-v0.34.0\ComfyUI-0.34.0\blueprints\Image Edit (Qwen 2509).json",".json","49705","0.047","0","2026/9/7 4:01:32","Archive"
"staging\comfyui-v0.34.0\ComfyUI-0.34.0\blueprints\Image Edit (Qwen 2511).json","F:\一人公司\comfyui-production\staging\comfyui-v0.34.0\ComfyUI-0.34.0\blueprints\Image Edit (Qwen 2511).json",".json","39759","0.038","0","2026/9/7 4:01:32","Archive"
"staging\comfyui-v0.34.0\ComfyUI-0.34.0\blueprints\Image Face Detection (Mediapipe).json","F:\一人公司\comfyui-production\staging\comfyui-v0.34.0\ComfyUI-0.34.0\blueprints\Image Face Detection (Mediapipe).json",".json","19796","0.019","0","2026/9/7 4:01:32","Archive"
"staging\comfyui-v0.34.0\ComfyUI-0.34.0\blueprints\Image Inpainting (Flux.1 Fill Dev).json","F:\一人公司\comfyui-production\staging\comfyui-v0.34.0\ComfyUI-0.34.0\blueprints\Image Inpainting (Flux.1 Fill Dev).json",".json","30431","0.029","0","2026/9/7 4:01:32","Archive"
"staging\comfyui-v0.34.0\ComfyUI-0.34.0\blueprints\Image Inpainting (Qwen-image).json","F:\一人公司\comfyui-production\staging\comfyui-v0.34.0\ComfyUI-0.34.0\blueprints\Image Inpainting (Qwen-image).json",".json","48977","0.047","0","2026/9/7 4:01:32","Archive"
"staging\comfyui-v0.34.0\ComfyUI-0.34.0\blueprints\Image Levels.json","F:\一人公司\comfyui-production\staging\comfyui-v0.34.0\ComfyUI-0.34.0\blueprints\Image Levels.json",".json","20701","0.02","0","2026/9/7 4:01:32","Archive"
"staging\comfyui-v0.34.0\ComfyUI-0.34.0\blueprints\Image Outpainting (Qwen-Image).json","F:\一人公司\comfyui-production\staging\comfyui-v0.34.0\ComfyUI-0.34.0\blueprints\Image Outpainting (Qwen-Image).json",".json","68577","0.065","0.0001","2026/9/7 4:01:32","Archive"
"staging\comfyui-v0.34.0\ComfyUI-0.34.0\blueprints\Image Segmentation (SAM3).json","F:\一人公司\comfyui-production\staging\comfyui-v0.34.0\ComfyUI-0.34.0\blueprints\Image Segmentation (SAM3).json",".json","17905","0.017","0","2026/9/7 4:01:32","Archive"
"staging\comfyui-v0.34.0\ComfyUI-0.34.0\blueprints\Image to Gaussian Splat (TripoSplat).json","F:\一人公司\comfyui-production\staging\comfyui-v0.34.0\ComfyUI-0.34.0\blueprints\Image to Gaussian Splat (TripoSplat).json",".json","51314","0.049","0","2026/9/7 4:01:32","Archive"
"staging\comfyui-v0.34.0\ComfyUI-0.34.0\blueprints\Image to Layers(Qwen-Image-Layered).json","F:\一人公司\comfyui-production\staging\comfyui-v0.34.0\ComfyUI-0.34.0\blueprints\Image to Layers(Qwen-Image-Layered).json",".json","43792","0.042","0","2026/9/7 4:01:32","Archive"
"staging\comfyui-v0.34.0\ComfyUI-0.34.0\blueprints\Image to Model (Hunyuan3d 2.1).json","F:\一人公司\comfyui-production\staging\comfyui-v0.34.0\ComfyUI-0.34.0\blueprints\Image to Model (Hunyuan3d 2.1).json",".json","19657","0.019","0","2026/9/7 4:01:32","Archive"
"staging\comfyui-v0.34.0\ComfyUI-0.34.0\blueprints\Image to Pose Map (SDPose Multi-Person).json","F:\一人公司\comfyui-production\staging\comfyui-v0.34.0\ComfyUI-0.34.0\blueprints\Image to Pose Map (SDPose Multi-Person).json",".json","30441","0.029","0","2026/9/7 4:01:32","Archive"
"staging\comfyui-v0.34.0\ComfyUI-0.34.0\blueprints\Image to Pose Map (SDPose-OOD).json","F:\一人公司\comfyui-production\staging\comfyui-v0.34.0\ComfyUI-0.34.0\blueprints\Image to Pose Map (SDPose-OOD).json",".json","22116","0.021","0","2026/9/7 4:01:32","Archive"
"staging\comfyui-v0.34.0\ComfyUI-0.34.0\blueprints\Image to Video (LTX-2.3).json","F:\一人公司\comfyui-production\staging\comfyui-v0.34.0\ComfyUI-0.34.0\blueprints\Image to Video (LTX-2.3).json",".json","112711","0.107","0.0001","2026/9/7 4:01:32","Archive"
"staging\comfyui-v0.34.0\ComfyUI-0.34.0\blueprints\Image to Video (Wan 2.2).json","F:\一人公司\comfyui-production\staging\comfyui-v0.34.0\ComfyUI-0.34.0\blueprints\Image to Video (Wan 2.2).json",".json","57122","0.054","0.0001","2026/9/7 4:01:32","Archive"
"staging\comfyui-v0.34.0\ComfyUI-0.34.0\blueprints\Image Upscale(Z-image-Turbo).json","F:\一人公司\comfyui-production\staging\comfyui-v0.34.0\ComfyUI-0.34.0\blueprints\Image Upscale(Z-image-Turbo).json",".json","33906","0.032","0","2026/9/7 4:01:32","Archive"
"staging\comfyui-v0.34.0\ComfyUI-0.34.0\blueprints\Merge Videos.json","F:\一人公司\comfyui-production\staging\comfyui-v0.34.0\ComfyUI-0.34.0\blueprints\Merge Videos.json",".json","30883","0.029","0","2026/9/7 4:01:32","Archive"
"staging\comfyui-v0.34.0\ComfyUI-0.34.0\blueprints\Pose to Image (Z-Image-Turbo).json","F:\一人公司\comfyui-production\staging\comfyui-v0.34.0\ComfyUI-0.34.0\blueprints\Pose to Image (Z-Image-Turbo).json",".json","34128","0.033","0","2026/9/7 4:01:32","Archive"
"staging\comfyui-v0.34.0\ComfyUI-0.34.0\blueprints\Pose to Video (LTX 2.0).json","F:\一人公司\comfyui-production\staging\comfyui-v0.34.0\ComfyUI-0.34.0\blueprints\Pose to Video (LTX 2.0).json",".json","103279","0.098","0.0001","2026/9/7 4:01:32","Archive"
"staging\comfyui-v0.34.0\ComfyUI-0.34.0\blueprints\Prompt Enhance.json","F:\一人公司\comfyui-production\staging\comfyui-v0.34.0\ComfyUI-0.34.0\blueprints\Prompt Enhance.json",".json","6692","0.006","0","2026/9/7 4:01:32","Archive"
"staging\comfyui-v0.34.0\ComfyUI-0.34.0\blueprints\put_blueprints_here","F:\一人公司\comfyui-production\staging\comfyui-v0.34.0\ComfyUI-0.34.0\blueprints\put_blueprints_here","","0","0","0","2026/9/7 4:01:32","Archive"
"staging\comfyui-v0.34.0\ComfyUI-0.34.0\blueprints\Remove Background (BiRefNet).json","F:\一人公司\comfyui-production\staging\comfyui-v0.34.0\ComfyUI-0.34.0\blueprints\Remove Background (BiRefNet).json",".json","9659","0.009","0","2026/9/7 4:01:32","Archive"
"staging\comfyui-v0.34.0\ComfyUI-0.34.0\blueprints\Select Per-Line Text by Index.json","F:\一人公司\comfyui-production\staging\comfyui-v0.34.0\ComfyUI-0.34.0\blueprints\Select Per-Line Text by Index.json",".json","11824","0.011","0","2026/9/7 4:01:32","Archive"
"staging\comfyui-v0.34.0\ComfyUI-0.34.0\blueprints\Sharpen.json","F:\一人公司\comfyui-production\staging\comfyui-v0.34.0\ComfyUI-0.34.0\blueprints\Sharpen.json",".json","8427","0.008","0","2026/9/7 4:01:32","Archive"
"staging\comfyui-v0.34.0\ComfyUI-0.34.0\blueprints\Split Image Grid to Tiles.json","F:\一人公司\comfyui-production\staging\comfyui-v0.34.0\ComfyUI-0.34.0\blueprints\Split Image Grid to Tiles.json",".json","18393","0.018","0","2026/9/7 4:01:32","Archive"
"staging\comfyui-v0.34.0\ComfyUI-0.34.0\blueprints\Text to Audio (ACE-Step 1.5).json","F:\一人公司\comfyui-production\staging\comfyui-v0.34.0\ComfyUI-0.34.0\blueprints\Text to Audio (ACE-Step 1.5).json",".json","38594","0.037","0","2026/9/7 4:01:32","Archive"
"staging\comfyui-v0.34.0\ComfyUI-0.34.0\blueprints\Text to Image (Anima Base 1.0).json","F:\一人公司\comfyui-production\staging\comfyui-v0.34.0\ComfyUI-0.34.0\blueprints\Text to Image (Anima Base 1.0).json",".json","27777","0.026","0","2026/9/7 4:01:32","Archive"
"staging\comfyui-v0.34.0\ComfyUI-0.34.0\blueprints\Text to Image (Anima).json","F:\一人公司\comfyui-production\staging\comfyui-v0.34.0\ComfyUI-0.34.0\blueprints\Text to Image (Anima).json",".json","27725","0.026","0","2026/9/7 4:01:32","Archive"
"staging\comfyui-v0.34.0\ComfyUI-0.34.0\blueprints\Text to Image (Ernie Image Turbo).json","F:\一人公司\comfyui-production\staging\comfyui-v0.34.0\ComfyUI-0.34.0\blueprints\Text to Image (Ernie Image Turbo).json",".json","55939","0.053","0.0001","2026/9/7 4:01:32","Archive"
"staging\comfyui-v0.34.0\ComfyUI-0.34.0\blueprints\Text to Image (Ernie Image).json","F:\一人公司\comfyui-production\staging\comfyui-v0.34.0\ComfyUI-0.34.0\blueprints\Text to Image (Ernie Image).json",".json","57610","0.055","0.0001","2026/9/7 4:01:32","Archive"
"staging\comfyui-v0.34.0\ComfyUI-0.34.0\blueprints\Text to Image (Flux.1 Dev).json","F:\一人公司\comfyui-production\staging\comfyui-v0.34.0\ComfyUI-0.34.0\blueprints\Text to Image (Flux.1 Dev).json",".json","25903","0.025","0","2026/9/7 4:01:32","Archive"
"staging\comfyui-v0.34.0\ComfyUI-0.34.0\blueprints\Text to Image (Flux.1 Krea Dev).json","F:\一人公司\comfyui-production\staging\comfyui-v0.34.0\ComfyUI-0.34.0\blueprints\Text to Image (Flux.1 Krea Dev).json",".json","25918","0.025","0","2026/9/7 4:01:32","Archive"
"staging\comfyui-v0.34.0\ComfyUI-0.34.0\blueprints\Text to Image (Flux.2 Dev).json","F:\一人公司\comfyui-production\staging\comfyui-v0.34.0\ComfyUI-0.34.0\blueprints\Text to Image (Flux.2 Dev).json",".json","48813","0.047","0","2026/9/7 4:01:32","Archive"
"staging\comfyui-v0.34.0\ComfyUI-0.34.0\blueprints\Text to Image (Ideogram v4).json","F:\一人公司\comfyui-production\staging\comfyui-v0.34.0\ComfyUI-0.34.0\blueprints\Text to Image (Ideogram v4).json",".json","64885","0.062","0.0001","2026/9/7 4:01:32","Archive"
"staging\comfyui-v0.34.0\ComfyUI-0.34.0\blueprints\Text to Image (NetaYume Lumina).json","F:\一人公司\comfyui-production\staging\comfyui-v0.34.0\ComfyUI-0.34.0\blueprints\Text to Image (NetaYume Lumina).json",".json","37985","0.036","0","2026/9/7 4:01:32","Archive"
"staging\comfyui-v0.34.0\ComfyUI-0.34.0\blueprints\Text to Image (Qwen-Image 2512).json","F:\一人公司\comfyui-production\staging\comfyui-v0.34.0\ComfyUI-0.34.0\blueprints\Text to Image (Qwen-Image 2512).json",".json","51548","0.049","0","2026/9/7 4:01:32","Archive"
"staging\comfyui-v0.34.0\ComfyUI-0.34.0\blueprints\Text to Image (Qwen-Image).json","F:\一人公司\comfyui-production\staging\comfyui-v0.34.0\ComfyUI-0.34.0\blueprints\Text to Image (Qwen-Image).json",".json","48361","0.046","0","2026/9/7 4:01:32","Archive"
"staging\comfyui-v0.34.0\ComfyUI-0.34.0\blueprints\Text to Image (Z-Image-Base).json","F:\一人公司\comfyui-production\staging\comfyui-v0.34.0\ComfyUI-0.34.0\blueprints\Text to Image (Z-Image-Base).json",".json","29500","0.028","0","2026/9/7 4:01:32","Archive"
"staging\comfyui-v0.34.0\ComfyUI-0.34.0\blueprints\Text to Image (Z-Image-Turbo).json","F:\一人公司\comfyui-production\staging\comfyui-v0.34.0\ComfyUI-0.34.0\blueprints\Text to Image (Z-Image-Turbo).json",".json","27713","0.026","0","2026/9/7 4:01:32","Archive"
"staging\comfyui-v0.34.0\ComfyUI-0.34.0\blueprints\Text to Image.json","F:\一人公司\comfyui-production\staging\comfyui-v0.34.0\ComfyUI-0.34.0\blueprints\Text to Image.json",".json","28761","0.027","0","2026/9/7 4:01:32","Archive"
"staging\comfyui-v0.34.0\ComfyUI-0.34.0\blueprints\Text to Video (LTX-2.3).json","F:\一人公司\comfyui-production\staging\comfyui-v0.34.0\ComfyUI-0.34.0\blueprints\Text to Video (LTX-2.3).json",".json","114448","0.109","0.0001","2026/9/7 4:01:32","Archive"
"staging\comfyui-v0.34.0\ComfyUI-0.34.0\blueprints\Text to Video (Wan 2.2).json","F:\一人公司\comfyui-production\staging\comfyui-v0.34.0\ComfyUI-0.34.0\blueprints\Text to Video (Wan 2.2).json",".json","44740","0.043","0","2026/9/7 4:01:32","Archive"
"staging\comfyui-v0.34.0\ComfyUI-0.34.0\blueprints\Unsharp Mask.json","F:\一人公司\comfyui-production\staging\comfyui-v0.34.0\ComfyUI-0.34.0\blueprints\Unsharp Mask.json",".json","12672","0.012","0","2026/9/7 4:01:32","Archive"
"staging\comfyui-v0.34.0\ComfyUI-0.34.0\blueprints\Video Captioning (Gemini).json","F:\一人公司\comfyui-production\staging\comfyui-v0.34.0\ComfyUI-0.34.0\blueprints\Video Captioning (Gemini).json",".json","11008","0.01","0","2026/9/7 4:01:32","Archive"
"staging\comfyui-v0.34.0\ComfyUI-0.34.0\blueprints\Video Depth Estimation (Depth Anything 3).json","F:\一人公司\comfyui-production\staging\comfyui-v0.34.0\ComfyUI-0.34.0\blueprints\Video Depth Estimation (Depth Anything 3).json",".json","20989","0.02","0","2026/9/7 4:01:32","Archive"
"staging\comfyui-v0.34.0\ComfyUI-0.34.0\blueprints\Video Depth Estimation (MoGe).json","F:\一人公司\comfyui-production\staging\comfyui-v0.34.0\ComfyUI-0.34.0\blueprints\Video Depth Estimation (MoGe).json",".json","31524","0.03","0","2026/9/7 4:01:32","Archive"
"staging\comfyui-v0.34.0\ComfyUI-0.34.0\blueprints\Video Edit (Bernini-R).json","F:\一人公司\comfyui-production\staging\comfyui-v0.34.0\ComfyUI-0.34.0\blueprints\Video Edit (Bernini-R).json",".json","98014","0.093","0.0001","2026/9/7 4:01:32","Archive"
"staging\comfyui-v0.34.0\ComfyUI-0.34.0\blueprints\Video Face Detection (Mediapipe).json","F:\一人公司\comfyui-production\staging\comfyui-v0.34.0\ComfyUI-0.34.0\blueprints\Video Face Detection (Mediapipe).json",".json","28158","0.027","0","2026/9/7 4:01:32","Archive"
"staging\comfyui-v0.34.0\ComfyUI-0.34.0\blueprints\Video Inpaint (VOID).json","F:\一人公司\comfyui-production\staging\comfyui-v0.34.0\ComfyUI-0.34.0\blueprints\Video Inpaint (VOID).json",".json","112980","0.108","0.0001","2026/9/7 4:01:32","Archive"
"staging\comfyui-v0.34.0\ComfyUI-0.34.0\blueprints\Video Inpainting (Wan2.1 VACE).json","F:\一人公司\comfyui-production\staging\comfyui-v0.34.0\ComfyUI-0.34.0\blueprints\Video Inpainting (Wan2.1 VACE).json",".json","109322","0.104","0.0001","2026/9/7 4:01:32","Archive"
"staging\comfyui-v0.34.0\ComfyUI-0.34.0\blueprints\Video Segmentation (SAM3).json","F:\一人公司\comfyui-production\staging\comfyui-v0.34.0\ComfyUI-0.34.0\blueprints\Video Segmentation (SAM3).json",".json","20772","0.02","0","2026/9/7 4:01:32","Archive"
"staging\comfyui-v0.34.0\ComfyUI-0.34.0\blueprints\Video Stitch.json","F:\一人公司\comfyui-production\staging\comfyui-v0.34.0\ComfyUI-0.34.0\blueprints\Video Stitch.json",".json","22207","0.021","0","2026/9/7 4:01:32","Archive"
"staging\comfyui-v0.34.0\ComfyUI-0.34.0\blueprints\Video to Pose Map (SDPose Multi-Person).json","F:\一人公司\comfyui-production\staging\comfyui-v0.34.0\ComfyUI-0.34.0\blueprints\Video to Pose Map (SDPose Multi-Person).json",".json","33283","0.032","0","2026/9/7 4:01:32","Archive"
"staging\comfyui-v0.34.0\ComfyUI-0.34.0\blueprints\Video Upscale(GAN x4).json","F:\一人公司\comfyui-production\staging\comfyui-v0.34.0\ComfyUI-0.34.0\blueprints\Video Upscale(GAN x4).json",".json","10022","0.01","0","2026/9/7 4:01:32","Archive"
"staging\comfyui-v0.34.0\ComfyUI-0.34.0\blueprints\.glsl\Brightness_and_Contrast_1.frag","F:\一人公司\comfyui-production\staging\comfyui-v0.34.0\ComfyUI-0.34.0\blueprints\.glsl\Brightness_and_Contrast_1.frag",".frag","981","0.001","0","2026/9/7 4:01:32","Archive"
"staging\comfyui-v0.34.0\ComfyUI-0.34.0\blueprints\.glsl\Chromatic_Aberration_16.frag","F:\一人公司\comfyui-production\staging\comfyui-v0.34.0\ComfyUI-0.34.0\blueprints\.glsl\Chromatic_Aberration_16.frag",".frag","2160","0.002","0","2026/9/7 4:01:32","Archive"
"staging\comfyui-v0.34.0\ComfyUI-0.34.0\blueprints\.glsl\Color_Adjustment_15.frag","F:\一人公司\comfyui-production\staging\comfyui-v0.34.0\ComfyUI-0.34.0\blueprints\.glsl\Color_Adjustment_15.frag",".frag","2738","0.003","0","2026/9/7 4:01:32","Archive"
"staging\comfyui-v0.34.0\ComfyUI-0.34.0\blueprints\.glsl\Color_Balance_15.frag","F:\一人公司\comfyui-production\staging\comfyui-v0.34.0\ComfyUI-0.34.0\blueprints\.glsl\Color_Balance_15.frag",".frag","2589","0.002","0","2026/9/7 4:01:32","Archive"
"staging\comfyui-v0.34.0\ComfyUI-0.34.0\blueprints\.glsl\Color_Curves_8.frag","F:\一人公司\comfyui-production\staging\comfyui-v0.34.0\ComfyUI-0.34.0\blueprints\.glsl\Color_Curves_8.frag",".frag","1643","0.002","0","2026/9/7 4:01:32","Archive"
"staging\comfyui-v0.34.0\ComfyUI-0.34.0\blueprints\.glsl\Edge-Preserving_Blur_128.frag","F:\一人公司\comfyui-production\staging\comfyui-v0.34.0\ComfyUI-0.34.0\blueprints\.glsl\Edge-Preserving_Blur_128.frag",".frag","2750","0.003","0","2026/9/7 4:01:32","Archive"
"staging\comfyui-v0.34.0\ComfyUI-0.34.0\blueprints\.glsl\Film_Grain_15.frag","F:\一人公司\comfyui-production\staging\comfyui-v0.34.0\ComfyUI-0.34.0\blueprints\.glsl\Film_Grain_15.frag",".frag","3847","0.004","0","2026/9/7 4:01:32","Archive"
"staging\comfyui-v0.34.0\ComfyUI-0.34.0\blueprints\.glsl\Glow_30.frag","F:\一人公司\comfyui-production\staging\comfyui-v0.34.0\ComfyUI-0.34.0\blueprints\.glsl\Glow_30.frag",".frag","3495","0.003","0","2026/9/7 4:01:32","Archive"
"staging\comfyui-v0.34.0\ComfyUI-0.34.0\blueprints\.glsl\Hue_and_Saturation_1.frag","F:\一人公司\comfyui-production\staging\comfyui-v0.34.0\ComfyUI-0.34.0\blueprints\.glsl\Hue_and_Saturation_1.frag",".frag","6311","0.006","0","2026/9/7 4:01:32","Archive"
"staging\comfyui-v0.34.0\ComfyUI-0.34.0\blueprints\.glsl\Image_Blur_1.frag","F:\一人公司\comfyui-production\staging\comfyui-v0.34.0\ComfyUI-0.34.0\blueprints\.glsl\Image_Blur_1.frag",".frag","3008","0.003","0","2026/9/7 4:01:32","Archive"
"staging\comfyui-v0.34.0\ComfyUI-0.34.0\blueprints\.glsl\Image_Channels_23.frag","F:\一人公司\comfyui-production\staging\comfyui-v0.34.0\ComfyUI-0.34.0\blueprints\.glsl\Image_Channels_23.frag",".frag","618","0.001","0","2026/9/7 4:01:32","Archive"
"staging\comfyui-v0.34.0\ComfyUI-0.34.0\blueprints\.glsl\Image_Levels_1.frag","F:\一人公司\comfyui-production\staging\comfyui-v0.34.0\ComfyUI-0.34.0\blueprints\.glsl\Image_Levels_1.frag",".frag","2335","0.002","0","2026/9/7 4:01:32","Archive"
"staging\comfyui-v0.34.0\ComfyUI-0.34.0\blueprints\.glsl\README.md","F:\一人公司\comfyui-production\staging\comfyui-v0.34.0\ComfyUI-0.34.0\blueprints\.glsl\README.md",".md","742","0.001","0","2026/9/7 4:01:32","Archive"
"staging\comfyui-v0.34.0\ComfyUI-0.34.0\blueprints\.glsl\Sharpen_23.frag","F:\一人公司\comfyui-production\staging\comfyui-v0.34.0\ComfyUI-0.34.0\blueprints\.glsl\Sharpen_23.frag",".frag","915","0.001","0","2026/9/7 4:01:32","Archive"
"staging\comfyui-v0.34.0\ComfyUI-0.34.0\blueprints\.glsl\Unsharp_Mask_26.frag","F:\一人公司\comfyui-production\staging\comfyui-v0.34.0\ComfyUI-0.34.0\blueprints\.glsl\Unsharp_Mask_26.frag",".frag","1870","0.002","0","2026/9/7 4:01:32","Archive"
"staging\comfyui-v0.34.0\ComfyUI-0.34.0\blueprints\.glsl\update_blueprints.py","F:\一人公司\comfyui-production\staging\comfyui-v0.34.0\ComfyUI-0.34.0\blueprints\.glsl\update_blueprints.py",".py","5197","0.005","0","2026/9/7 4:01:32","Archive"
"staging\comfyui-v0.34.0\ComfyUI-0.34.0\comfy\bg_removal_model.py","F:\一人公司\comfyui-production\staging\comfyui-v0.34.0\ComfyUI-0.34.0\comfy\bg_removal_model.py",".py","3012","0.003","0","2026/9/7 4:01:32","Archive"
"staging\comfyui-v0.34.0\ComfyUI-0.34.0\comfy\clip_config_bigg.json","F:\一人公司\comfyui-production\staging\comfyui-v0.34.0\ComfyUI-0.34.0\comfy\clip_config_bigg.json",".json","524","0","0","2026/9/7 4:01:32","Archive"
"staging\comfyui-v0.34.0\ComfyUI-0.34.0\comfy\clip_model.py","F:\一人公司\comfyui-production\staging\comfyui-v0.34.0\ComfyUI-0.34.0\comfy\clip_model.py",".py","16546","0.016","0","2026/9/7 4:01:32","Archive"
"staging\comfyui-v0.34.0\ComfyUI-0.34.0\comfy\clip_vision.py","F:\一人公司\comfyui-production\staging\comfyui-v0.34.0\ComfyUI-0.34.0\comfy\clip_vision.py",".py","8873","0.008","0","2026/9/7 4:01:32","Archive"
"staging\comfyui-v0.34.0\ComfyUI-0.34.0\comfy\clip_vision_config_g.json","F:\一人公司\comfyui-production\staging\comfyui-v0.34.0\ComfyUI-0.34.0\comfy\clip_vision_config_g.json",".json","419","0","0","2026/9/7 4:01:32","Archive"
"staging\comfyui-v0.34.0\ComfyUI-0.34.0\comfy\clip_vision_config_h.json","F:\一人公司\comfyui-production\staging\comfyui-v0.34.0\ComfyUI-0.34.0\comfy\clip_vision_config_h.json",".json","419","0","0","2026/9/7 4:01:32","Archive"
"staging\comfyui-v0.34.0\ComfyUI-0.34.0\comfy\clip_vision_config_vitl.json","F:\一人公司\comfyui-production\staging\comfyui-v0.34.0\ComfyUI-0.34.0\comfy\clip_vision_config_vitl.json",".json","424","0","0","2026/9/7 4:01:32","Archive"
"staging\comfyui-v0.34.0\ComfyUI-0.34.0\comfy\clip_vision_config_vitl_336.json","F:\一人公司\comfyui-production\staging\comfyui-v0.34.0\ComfyUI-0.34.0\comfy\clip_vision_config_vitl_336.json",".json","423","0","0","2026/9/7 4:01:32","Archive"
"staging\comfyui-v0.34.0\ComfyUI-0.34.0\comfy\clip_vision_config_vitl_336_llava.json","F:\一人公司\comfyui-production\staging\comfyui-v0.34.0\ComfyUI-0.34.0\comfy\clip_vision_config_vitl_336_llava.json",".json","453","0","0","2026/9/7 4:01:32","Archive"
"staging\comfyui-v0.34.0\ComfyUI-0.34.0\comfy\clip_vision_siglip2_base_naflex.json","F:\一人公司\comfyui-production\staging\comfyui-v0.34.0\ComfyUI-0.34.0\comfy\clip_vision_siglip2_base_naflex.json",".json","336","0","0","2026/9/7 4:01:32","Archive"
"staging\comfyui-v0.34.0\ComfyUI-0.34.0\comfy\clip_vision_siglip_384.json","F:\一人公司\comfyui-production\staging\comfyui-v0.34.0\ComfyUI-0.34.0\comfy\clip_vision_siglip_384.json",".json","314","0","0","2026/9/7 4:01:32","Archive"
"staging\comfyui-v0.34.0\ComfyUI-0.34.0\comfy\clip_vision_siglip_512.json","F:\一人公司\comfyui-production\staging\comfyui-v0.34.0\ComfyUI-0.34.0\comfy\clip_vision_siglip_512.json",".json","314","0","0","2026/9/7 4:01:32","Archive"
"staging\comfyui-v0.34.0\ComfyUI-0.34.0\comfy\cli_args.py","F:\一人公司\comfyui-production\staging\comfyui-v0.34.0\ComfyUI-0.34.0\comfy\cli_args.py",".py","21604","0.021","0","2026/9/7 4:01:32","Archive"
"staging\comfyui-v0.34.0\ComfyUI-0.34.0\comfy\comfy_api_env.py","F:\一人公司\comfyui-production\staging\comfyui-v0.34.0\ComfyUI-0.34.0\comfy\comfy_api_env.py",".py","1743","0.002","0","2026/9/7 4:01:32","Archive"
"staging\comfyui-v0.34.0\ComfyUI-0.34.0\comfy\conds.py","F:\一人公司\comfyui-production\staging\comfyui-v0.34.0\ComfyUI-0.34.0\comfy\conds.py",".py","4522","0.004","0","2026/9/7 4:01:32","Archive"
"staging\comfyui-v0.34.0\ComfyUI-0.34.0\comfy\context_windows.py","F:\一人公司\comfyui-production\staging\comfyui-v0.34.0\ComfyUI-0.34.0\comfy\context_windows.py",".py","54095","0.052","0.0001","2026/9/7 4:01:32","Archive"
"staging\comfyui-v0.34.0\ComfyUI-0.34.0\comfy\controlnet.py","F:\一人公司\comfyui-production\staging\comfyui-v0.34.0\ComfyUI-0.34.0\comfy\controlnet.py",".py","46883","0.045","0","2026/9/7 4:01:32","Archive"
"staging\comfyui-v0.34.0\ComfyUI-0.34.0\comfy\deploy_environment.py","F:\一人公司\comfyui-production\staging\comfyui-v0.34.0\ComfyUI-0.34.0\comfy\deploy_environment.py",".py","1233","0.001","0","2026/9/7 4:01:32","Archive"
"staging\comfyui-v0.34.0\ComfyUI-0.34.0\comfy\diffusers_convert.py","F:\一人公司\comfyui-production\staging\comfyui-v0.34.0\ComfyUI-0.34.0\comfy\diffusers_convert.py",".py","6796","0.006","0","2026/9/7 4:01:32","Archive"
"staging\comfyui-v0.34.0\ComfyUI-0.34.0\comfy\diffusers_load.py","F:\一人公司\comfyui-production\staging\comfyui-v0.34.0\ComfyUI-0.34.0\comfy\diffusers_load.py",".py","1437","0.001","0","2026/9/7 4:01:32","Archive"
"staging\comfyui-v0.34.0\ComfyUI-0.34.0\comfy\float.py","F:\一人公司\comfyui-production\staging\comfyui-v0.34.0\ComfyUI-0.34.0\comfy\float.py",".py","9897","0.009","0","2026/9/7 4:01:32","Archive"
"staging\comfyui-v0.34.0\ComfyUI-0.34.0\comfy\gligen.py","F:\一人公司\comfyui-production\staging\comfyui-v0.34.0\ComfyUI-0.34.0\comfy\gligen.py",".py","10800","0.01","0","2026/9/7 4:01:32","Archive"
"staging\comfyui-v0.34.0\ComfyUI-0.34.0\comfy\hooks.py","F:\一人公司\comfyui-production\staging\comfyui-v0.34.0\ComfyUI-0.34.0\comfy\hooks.py",".py","32753","0.031","0","2026/9/7 4:01:32","Archive"
"staging\comfyui-v0.34.0\ComfyUI-0.34.0\comfy\internal_logging.py","F:\一人公司\comfyui-production\staging\comfyui-v0.34.0\ComfyUI-0.34.0\comfy\internal_logging.py",".py","197","0","0","2026/9/7 4:01:32","Archive"
"staging\comfyui-v0.34.0\ComfyUI-0.34.0\comfy\latent_formats.py","F:\一人公司\comfyui-production\staging\comfyui-v0.34.0\ComfyUI-0.34.0\comfy\latent_formats.py",".py","43383","0.041","0","2026/9/7 4:01:32","Archive"
"staging\comfyui-v0.34.0\ComfyUI-0.34.0\comfy\lora.py","F:\一人公司\comfyui-production\staging\comfyui-v0.34.0\ComfyUI-0.34.0\comfy\lora.py",".py","24565","0.023","0","2026/9/7 4:01:32","Archive"
"staging\comfyui-v0.34.0\ComfyUI-0.34.0\comfy\lora_convert.py","F:\一人公司\comfyui-production\staging\comfyui-v0.34.0\ComfyUI-0.34.0\comfy\lora_convert.py",".py","1927","0.002","0","2026/9/7 4:01:32","Archive"
"staging\comfyui-v0.34.0\ComfyUI-0.34.0\comfy\memory_management.py","F:\一人公司\comfyui-production\staging\comfyui-v0.34.0\ComfyUI-0.34.0\comfy\memory_management.py",".py","7033","0.007","0","2026/9/7 4:01:32","Archive"
"staging\comfyui-v0.34.0\ComfyUI-0.34.0\comfy\model_base.py","F:\一人公司\comfyui-production\staging\comfyui-v0.34.0\ComfyUI-0.34.0\comfy\model_base.py",".py","136271","0.13","0.0001","2026/9/7 4:01:32","Archive"
"staging\comfyui-v0.34.0\ComfyUI-0.34.0\comfy\model_detection.py","F:\一人公司\comfyui-production\staging\comfyui-v0.34.0\ComfyUI-0.34.0\comfy\model_detection.py",".py","88204","0.084","0.0001","2026/9/7 4:01:32","Archive"
"staging\comfyui-v0.34.0\ComfyUI-0.34.0\comfy\model_management.py","F:\一人公司\comfyui-production\staging\comfyui-v0.34.0\ComfyUI-0.34.0\comfy\model_management.py",".py","70346","0.067","0.0001","2026/9/7 4:01:32","Archive"
"staging\comfyui-v0.34.0\ComfyUI-0.34.0\comfy\model_patcher.py","F:\一人公司\comfyui-production\staging\comfyui-v0.34.0\ComfyUI-0.34.0\comfy\model_patcher.py",".py","101716","0.097","0.0001","2026/9/7 4:01:32","Archive"
"staging\comfyui-v0.34.0\ComfyUI-0.34.0\comfy\model_prefetch.py","F:\一人公司\comfyui-production\staging\comfyui-v0.34.0\ComfyUI-0.34.0\comfy\model_prefetch.py",".py","6770","0.006","0","2026/9/7 4:01:32","Archive"
"staging\comfyui-v0.34.0\ComfyUI-0.34.0\comfy\model_sampling.py","F:\一人公司\comfyui-production\staging\comfyui-v0.34.0\ComfyUI-0.34.0\comfy\model_sampling.py",".py","15897","0.015","0","2026/9/7 4:01:32","Archive"
"staging\comfyui-v0.34.0\ComfyUI-0.34.0\comfy\multigpu.py","F:\一人公司\comfyui-production\staging\comfyui-v0.34.0\ComfyUI-0.34.0\comfy\multigpu.py",".py","10940","0.01","0","2026/9/7 4:01:32","Archive"
"staging\comfyui-v0.34.0\ComfyUI-0.34.0\comfy\nested_tensor.py","F:\一人公司\comfyui-production\staging\comfyui-v0.34.0\ComfyUI-0.34.0\comfy\nested_tensor.py",".py","2583","0.002","0","2026/9/7 4:01:32","Archive"
"staging\comfyui-v0.34.0\ComfyUI-0.34.0\comfy\ops.py","F:\一人公司\comfyui-production\staging\comfyui-v0.34.0\ComfyUI-0.34.0\comfy\ops.py",".py","78001","0.074","0.0001","2026/9/7 4:01:32","Archive"
"staging\comfyui-v0.34.0\ComfyUI-0.34.0\comfy\options.py","F:\一人公司\comfyui-production\staging\comfyui-v0.34.0\ComfyUI-0.34.0\comfy\options.py",".py","111","0","0","2026/9/7 4:01:32","Archive"
"staging\comfyui-v0.34.0\ComfyUI-0.34.0\comfy\patcher_extension.py","F:\一人公司\comfyui-production\staging\comfyui-v0.34.0\ComfyUI-0.34.0\comfy\patcher_extension.py",".py","6886","0.007","0","2026/9/7 4:01:32","Archive"
"staging\comfyui-v0.34.0\ComfyUI-0.34.0\comfy\pinned_memory.py","F:\一人公司\comfyui-production\staging\comfyui-v0.34.0\ComfyUI-0.34.0\comfy\pinned_memory.py",".py","4602","0.004","0","2026/9/7 4:01:32","Archive"
"staging\comfyui-v0.34.0\ComfyUI-0.34.0\comfy\pixel_space_convert.py","F:\一人公司\comfyui-production\staging\comfyui-v0.34.0\ComfyUI-0.34.0\comfy\pixel_space_convert.py",".py","528","0.001","0","2026/9/7 4:01:32","Archive"
"staging\comfyui-v0.34.0\ComfyUI-0.34.0\comfy\quant_ops.py","F:\一人公司\comfyui-production\staging\comfyui-v0.34.0\ComfyUI-0.34.0\comfy\quant_ops.py",".py","11286","0.011","0","2026/9/7 4:01:32","Archive"
"staging\comfyui-v0.34.0\ComfyUI-0.34.0\comfy\rmsnorm.py","F:\一人公司\comfyui-production\staging\comfyui-v0.34.0\ComfyUI-0.34.0\comfy\rmsnorm.py",".py","504","0","0","2026/9/7 4:01:32","Archive"
"staging\comfyui-v0.34.0\ComfyUI-0.34.0\comfy\sample.py","F:\一人公司\comfyui-production\staging\comfyui-v0.34.0\ComfyUI-0.34.0\comfy\sample.py",".py","5007","0.005","0","2026/9/7 4:01:32","Archive"
"staging\comfyui-v0.34.0\ComfyUI-0.34.0\comfy\samplers.py","F:\一人公司\comfyui-production\staging\comfyui-v0.34.0\ComfyUI-0.34.0\comfy\samplers.py",".py","64366","0.061","0.0001","2026/9/7 4:01:32","Archive"
"staging\comfyui-v0.34.0\ComfyUI-0.34.0\comfy\sampler_helpers.py","F:\一人公司\comfyui-production\staging\comfyui-v0.34.0\ComfyUI-0.34.0\comfy\sampler_helpers.py",".py","11596","0.011","0","2026/9/7 4:01:32","Archive"
"staging\comfyui-v0.34.0\ComfyUI-0.34.0\comfy\sd.py","F:\一人公司\comfyui-production\staging\comfyui-v0.34.0\ComfyUI-0.34.0\comfy\sd.py",".py","140441","0.134","0.0001","2026/9/7 4:01:32","Archive"
"staging\comfyui-v0.34.0\ComfyUI-0.34.0\comfy\sd1_clip.py","F:\一人公司\comfyui-production\staging\comfyui-v0.34.0\ComfyUI-0.34.0\comfy\sd1_clip.py",".py","30624","0.029","0","2026/9/7 4:01:32","Archive"
"staging\comfyui-v0.34.0\ComfyUI-0.34.0\comfy\sd1_clip_config.json","F:\一人公司\comfyui-production\staging\comfyui-v0.34.0\ComfyUI-0.34.0\comfy\sd1_clip_config.json",".json","616","0.001","0","2026/9/7 4:01:32","Archive"
"staging\comfyui-v0.34.0\ComfyUI-0.34.0\comfy\sdxl_clip.py","F:\一人公司\comfyui-production\staging\comfyui-v0.34.0\ComfyUI-0.34.0\comfy\sdxl_clip.py",".py","5133","0.005","0","2026/9/7 4:01:32","Archive"
"staging\comfyui-v0.34.0\ComfyUI-0.34.0\comfy\supported_models.py","F:\一人公司\comfyui-production\staging\comfyui-v0.34.0\ComfyUI-0.34.0\comfy\supported_models.py",".py","84613","0.081","0.0001","2026/9/7 4:01:32","Archive"
"staging\comfyui-v0.34.0\ComfyUI-0.34.0\comfy\supported_models_base.py","F:\一人公司\comfyui-production\staging\comfyui-v0.34.0\ComfyUI-0.34.0\comfy\supported_models_base.py",".py","4623","0.004","0","2026/9/7 4:01:32","Archive"
"staging\comfyui-v0.34.0\ComfyUI-0.34.0\comfy\utils.py","F:\一人公司\comfyui-production\staging\comfyui-v0.34.0\ComfyUI-0.34.0\comfy\utils.py",".py","64114","0.061","0.0001","2026/9/7 4:01:32","Archive"
"staging\comfyui-v0.34.0\ComfyUI-0.34.0\comfy\audio_encoders\audio_encoders.py","F:\一人公司\comfyui-production\staging\comfyui-v0.34.0\ComfyUI-0.34.0\comfy\audio_encoders\audio_encoders.py",".py","3489","0.003","0","2026/9/7 4:01:32","Archive"
"staging\comfyui-v0.34.0\ComfyUI-0.34.0\comfy\audio_encoders\wav2vec2.py","F:\一人公司\comfyui-production\staging\comfyui-v0.34.0\ComfyUI-0.34.0\comfy\audio_encoders\wav2vec2.py",".py","10639","0.01","0","2026/9/7 4:01:32","Archive"
"staging\comfyui-v0.34.0\ComfyUI-0.34.0\comfy\audio_encoders\whisper.py","F:\一人公司\comfyui-production\staging\comfyui-v0.34.0\ComfyUI-0.34.0\comfy\audio_encoders\whisper.py",".py","5953","0.006","0","2026/9/7 4:01:32","Archive"
"staging\comfyui-v0.34.0\ComfyUI-0.34.0\comfy\background_removal\birefnet.json","F:\一人公司\comfyui-production\staging\comfyui-v0.34.0\ComfyUI-0.34.0\comfy\background_removal\birefnet.json",".json","158","0","0","2026/9/7 4:01:32","Archive"
"staging\comfyui-v0.34.0\ComfyUI-0.34.0\comfy\background_removal\birefnet.py","F:\一人公司\comfyui-production\staging\comfyui-v0.34.0\ComfyUI-0.34.0\comfy\background_removal\birefnet.py",".py","29610","0.028","0","2026/9/7 4:01:32","Archive"
"staging\comfyui-v0.34.0\ComfyUI-0.34.0\comfy\cldm\cldm.py","F:\一人公司\comfyui-production\staging\comfyui-v0.34.0\ComfyUI-0.34.0\comfy\cldm\cldm.py",".py","19828","0.019","0","2026/9/7 4:01:32","Archive"
"staging\comfyui-v0.34.0\ComfyUI-0.34.0\comfy\cldm\control_types.py","F:\一人公司\comfyui-production\staging\comfyui-v0.34.0\ComfyUI-0.34.0\comfy\cldm\control_types.py",".py","207","0","0","2026/9/7 4:01:32","Archive"
"staging\comfyui-v0.34.0\ComfyUI-0.34.0\comfy\cldm\dit_embedder.py","F:\一人公司\comfyui-production\staging\comfyui-v0.34.0\ComfyUI-0.34.0\comfy\cldm\dit_embedder.py",".py","4204","0.004","0","2026/9/7 4:01:32","Archive"
"staging\comfyui-v0.34.0\ComfyUI-0.34.0\comfy\cldm\mmdit.py","F:\一人公司\comfyui-production\staging\comfyui-v0.34.0\ComfyUI-0.34.0\comfy\cldm\mmdit.py",".py","2555","0.002","0","2026/9/7 4:01:32","Archive"
"staging\comfyui-v0.34.0\ComfyUI-0.34.0\comfy\comfy_types\node_typing.py","F:\一人公司\comfyui-production\staging\comfyui-v0.34.0\ComfyUI-0.34.0\comfy\comfy_types\node_typing.py",".py","15221","0.015","0","2026/9/7 4:01:32","Archive"
"staging\comfyui-v0.34.0\ComfyUI-0.34.0\comfy\comfy_types\README.md","F:\一人公司\comfyui-production\staging\comfyui-v0.34.0\ComfyUI-0.34.0\comfy\comfy_types\README.md",".md","1350","0.001","0","2026/9/7 4:01:32","Archive"
"staging\comfyui-v0.34.0\ComfyUI-0.34.0\comfy\comfy_types\__init__.py","F:\一人公司\comfyui-production\staging\comfyui-v0.34.0\ComfyUI-0.34.0\comfy\comfy_types\__init__.py",".py","1251","0.001","0","2026/9/7 4:01:32","Archive"
"staging\comfyui-v0.34.0\ComfyUI-0.34.0\comfy\comfy_types\examples\example_nodes.py","F:\一人公司\comfyui-production\staging\comfyui-v0.34.0\ComfyUI-0.34.0\comfy\comfy_types\examples\example_nodes.py",".py","781","0.001","0","2026/9/7 4:01:32","Archive"
"staging\comfyui-v0.34.0\ComfyUI-0.34.0\comfy\comfy_types\examples\input_options.png","F:\一人公司\comfyui-production\staging\comfyui-v0.34.0\ComfyUI-0.34.0\comfy\comfy_types\examples\input_options.png",".png","19341","0.018","0","2026/9/7 4:01:32","Archive"
"staging\comfyui-v0.34.0\ComfyUI-0.34.0\comfy\comfy_types\examples\input_types.png","F:\一人公司\comfyui-production\staging\comfyui-v0.34.0\ComfyUI-0.34.0\comfy\comfy_types\examples\input_types.png",".png","16809","0.016","0","2026/9/7 4:01:32","Archive"
"staging\comfyui-v0.34.0\ComfyUI-0.34.0\comfy\comfy_types\examples\required_hint.png","F:\一人公司\comfyui-production\staging\comfyui-v0.34.0\ComfyUI-0.34.0\comfy\comfy_types\examples\required_hint.png",".png","19286","0.018","0","2026/9/7 4:01:32","Archive"
"staging\comfyui-v0.34.0\ComfyUI-0.34.0\comfy\extra_samplers\uni_pc.py","F:\一人公司\comfyui-production\staging\comfyui-v0.34.0\ComfyUI-0.34.0\comfy\extra_samplers\uni_pc.py",".py","38202","0.036","0","2026/9/7 4:01:32","Archive"
"staging\comfyui-v0.34.0\ComfyUI-0.34.0\comfy\image_encoders\dino2.py","F:\一人公司\comfyui-production\staging\comfyui-v0.34.0\ComfyUI-0.34.0\comfy\image_encoders\dino2.py",".py","23172","0.022","0","2026/9/7 4:01:32","Archive"
"staging\comfyui-v0.34.0\ComfyUI-0.34.0\comfy\image_encoders\dino2_giant.json","F:\一人公司\comfyui-production\staging\comfyui-v0.34.0\ComfyUI-0.34.0\comfy\image_encoders\dino2_giant.json",".json","512","0","0","2026/9/7 4:01:32","Archive"
"staging\comfyui-v0.34.0\ComfyUI-0.34.0\comfy\image_encoders\dino2_large.json","F:\一人公司\comfyui-production\staging\comfyui-v0.34.0\ComfyUI-0.34.0\comfy\image_encoders\dino2_large.json",".json","538","0.001","0","2026/9/7 4:01:32","Archive"
"staging\comfyui-v0.34.0\ComfyUI-0.34.0\comfy\image_encoders\dino3.py","F:\一人公司\comfyui-production\staging\comfyui-v0.34.0\ComfyUI-0.34.0\comfy\image_encoders\dino3.py",".py","13013","0.012","0","2026/9/7 4:01:32","Archive"
"staging\comfyui-v0.34.0\ComfyUI-0.34.0\comfy\image_encoders\dino3_large.json","F:\一人公司\comfyui-production\staging\comfyui-v0.34.0\ComfyUI-0.34.0\comfy\image_encoders\dino3_large.json",".json","543","0.001","0","2026/9/7 4:01:32","Archive"
"staging\comfyui-v0.34.0\ComfyUI-0.34.0\comfy\image_encoders\naf.py","F:\一人公司\comfyui-production\staging\comfyui-v0.34.0\ComfyUI-0.34.0\comfy\image_encoders\naf.py",".py","14039","0.013","0","2026/9/7 4:01:32","Archive"
"staging\comfyui-v0.34.0\ComfyUI-0.34.0\comfy\k_diffusion\deis.py","F:\一人公司\comfyui-production\staging\comfyui-v0.34.0\ComfyUI-0.34.0\comfy\k_diffusion\deis.py",".py","5799","0.006","0","2026/9/7 4:01:32","Archive"
"staging\comfyui-v0.34.0\ComfyUI-0.34.0\comfy\k_diffusion\sampling.py","F:\一人公司\comfyui-production\staging\comfyui-v0.34.0\ComfyUI-0.34.0\comfy\k_diffusion\sampling.py",".py","89343","0.085","0.0001","2026/9/7 4:01:32","Archive"
"staging\comfyui-v0.34.0\ComfyUI-0.34.0\comfy\k_diffusion\sa_solver.py","F:\一人公司\comfyui-production\staging\comfyui-v0.34.0\ComfyUI-0.34.0\comfy\k_diffusion\sa_solver.py",".py","5622","0.005","0","2026/9/7 4:01:32","Archive"
"staging\comfyui-v0.34.0\ComfyUI-0.34.0\comfy\k_diffusion\utils.py","F:\一人公司\comfyui-production\staging\comfyui-v0.34.0\ComfyUI-0.34.0\comfy\k_diffusion\utils.py",".py","12718","0.012","0","2026/9/7 4:01:32","Archive"
"staging\comfyui-v0.34.0\ComfyUI-0.34.0\comfy\ldm\colormap.py","F:\一人公司\comfyui-production\staging\comfyui-v0.34.0\ComfyUI-0.34.0\comfy\ldm\colormap.py",".py","848","0.001","0","2026/9/7 4:01:32","Archive"
"staging\comfyui-v0.34.0\ComfyUI-0.34.0\comfy\ldm\common_dit.py","F:\一人公司\comfyui-production\staging\comfyui-v0.34.0\ComfyUI-0.34.0\comfy\ldm\common_dit.py",".py","474","0","0","2026/9/7 4:01:32","Archive"
"staging\comfyui-v0.34.0\ComfyUI-0.34.0\comfy\ldm\util.py","F:\一人公司\comfyui-production\staging\comfyui-v0.34.0\ComfyUI-0.34.0\comfy\ldm\util.py",".py","7232","0.007","0","2026/9/7 4:01:32","Archive"
"staging\comfyui-v0.34.0\ComfyUI-0.34.0\comfy\ldm\ace\ace_step15.py","F:\一人公司\comfyui-production\staging\comfyui-v0.34.0\ComfyUI-0.34.0\comfy\ldm\ace\ace_step15.py",".py","47063","0.045","0","2026/9/7 4:01:32","Archive"
"staging\comfyui-v0.34.0\ComfyUI-0.34.0\comfy\ldm\ace\attention.py","F:\一人公司\comfyui-production\staging\comfyui-v0.34.0\ComfyUI-0.34.0\comfy\ldm\ace\attention.py",".py","30473","0.029","0","2026/9/7 4:01:32","Archive"
"staging\comfyui-v0.34.0\ComfyUI-0.34.0\comfy\ldm\ace\lyric_encoder.py","F:\一人公司\comfyui-production\staging\comfyui-v0.34.0\ComfyUI-0.34.0\comfy\ldm\ace\lyric_encoder.py",".py","43155","0.041","0","2026/9/7 4:01:32","Archive"
"staging\comfyui-v0.34.0\ComfyUI-0.34.0\comfy\ldm\ace\model.py","F:\一人公司\comfyui-production\staging\comfyui-v0.34.0\ComfyUI-0.34.0\comfy\ldm\ace\model.py",".py","17216","0.016","0","2026/9/7 4:01:32","Archive"
"staging\comfyui-v0.34.0\ComfyUI-0.34.0\comfy\ldm\ace\vae\autoencoder_dc.py","F:\一人公司\comfyui-production\staging\comfyui-v0.34.0\ComfyUI-0.34.0\comfy\ldm\ace\vae\autoencoder_dc.py",".py","22909","0.022","0","2026/9/7 4:01:32","Archive"
"staging\comfyui-v0.34.0\ComfyUI-0.34.0\comfy\ldm\ace\vae\music_dcae_pipeline.py","F:\一人公司\comfyui-production\staging\comfyui-v0.34.0\ComfyUI-0.34.0\comfy\ldm\ace\vae\music_dcae_pipeline.py",".py","3622","0.003","0","2026/9/7 4:01:32","Archive"
"staging\comfyui-v0.34.0\ComfyUI-0.34.0\comfy\ldm\ace\vae\music_log_mel.py","F:\一人公司\comfyui-production\staging\comfyui-v0.34.0\ComfyUI-0.34.0\comfy\ldm\ace\vae\music_log_mel.py",".py","3090","0.003","0","2026/9/7 4:01:32","Archive"
"staging\comfyui-v0.34.0\ComfyUI-0.34.0\comfy\ldm\ace\vae\music_vocoder.py","F:\一人公司\comfyui-production\staging\comfyui-v0.34.0\ComfyUI-0.34.0\comfy\ldm\ace\vae\music_vocoder.py",".py","18149","0.017","0","2026/9/7 4:01:32","Archive"
"staging\comfyui-v0.34.0\ComfyUI-0.34.0\comfy\ldm\anima\lllite.py","F:\一人公司\comfyui-production\staging\comfyui-v0.34.0\ComfyUI-0.34.0\comfy\ldm\anima\lllite.py",".py","13185","0.013","0","2026/9/7 4:01:32","Archive"
"staging\comfyui-v0.34.0\ComfyUI-0.34.0\comfy\ldm\anima\model.py","F:\一人公司\comfyui-production\staging\comfyui-v0.34.0\ComfyUI-0.34.0\comfy\ldm\anima\model.py",".py","9793","0.009","0","2026/9/7 4:01:32","Archive"
"staging\comfyui-v0.34.0\ComfyUI-0.34.0\comfy\ldm\audio\autoencoder.py","F:\一人公司\comfyui-production\staging\comfyui-v0.34.0\ComfyUI-0.34.0\comfy\ldm\audio\autoencoder.py",".py","9969","0.01","0","2026/9/7 4:01:32","Archive"
"staging\comfyui-v0.34.0\ComfyUI-0.34.0\comfy\ldm\audio\dit.py","F:\一人公司\comfyui-production\staging\comfyui-v0.34.0\ComfyUI-0.34.0\comfy\ldm\audio\dit.py",".py","39377","0.038","0","2026/9/7 4:01:32","Archive"
"staging\comfyui-v0.34.0\ComfyUI-0.34.0\comfy\ldm\audio\embedders.py","F:\一人公司\comfyui-production\staging\comfyui-v0.34.0\ComfyUI-0.34.0\comfy\ldm\audio\embedders.py",".py","4519","0.004","0","2026/9/7 4:01:32","Archive"
"staging\comfyui-v0.34.0\ComfyUI-0.34.0\comfy\ldm\audio\vae_sa3.py","F:\一人公司\comfyui-production\staging\comfyui-v0.34.0\ComfyUI-0.34.0\comfy\ldm\audio\vae_sa3.py",".py","21879","0.021","0","2026/9/7 4:01:32","Archive"
"staging\comfyui-v0.34.0\ComfyUI-0.34.0\comfy\ldm\aura\mmdit.py","F:\一人公司\comfyui-production\staging\comfyui-v0.34.0\ComfyUI-0.34.0\comfy\ldm\aura\mmdit.py",".py","20461","0.02","0","2026/9/7 4:01:32","Archive"
"staging\comfyui-v0.34.0\ComfyUI-0.34.0\comfy\ldm\boogu\model.py","F:\一人公司\comfyui-production\staging\comfyui-v0.34.0\ComfyUI-0.34.0\comfy\ldm\boogu\model.py",".py","16984","0.016","0","2026/9/7 4:01:32","Archive"
"staging\comfyui-v0.34.0\ComfyUI-0.34.0\comfy\ldm\cascade\common.py","F:\一人公司\comfyui-production\staging\comfyui-v0.34.0\ComfyUI-0.34.0\comfy\ldm\cascade\common.py",".py","6786","0.006","0","2026/9/7 4:01:32","Archive"
"staging\comfyui-v0.34.0\ComfyUI-0.34.0\comfy\ldm\cascade\controlnet.py","F:\一人公司\comfyui-production\staging\comfyui-v0.34.0\ComfyUI-0.34.0\comfy\ldm\cascade\controlnet.py",".py","4304","0.004","0","2026/9/7 4:01:32","Archive"
"staging\comfyui-v0.34.0\ComfyUI-0.34.0\comfy\ldm\cascade\stage_a.py","F:\一人公司\comfyui-production\staging\comfyui-v0.34.0\ComfyUI-0.34.0\comfy\ldm\cascade\stage_a.py",".py","9705","0.009","0","2026/9/7 4:01:32","Archive"
"staging\comfyui-v0.34.0\ComfyUI-0.34.0\comfy\ldm\cascade\stage_b.py","F:\一人公司\comfyui-production\staging\comfyui-v0.34.0\ComfyUI-0.34.0\comfy\ldm\cascade\stage_b.py",".py","14263","0.014","0","2026/9/7 4:01:32","Archive"
"staging\comfyui-v0.34.0\ComfyUI-0.34.0\comfy\ldm\cascade\stage_c.py","F:\一人公司\comfyui-production\staging\comfyui-v0.34.0\ComfyUI-0.34.0\comfy\ldm\cascade\stage_c.py",".py","15204","0.014","0","2026/9/7 4:01:32","Archive"
"staging\comfyui-v0.34.0\ComfyUI-0.34.0\comfy\ldm\cascade\stage_c_coder.py","F:\一人公司\comfyui-production\staging\comfyui-v0.34.0\ComfyUI-0.34.0\comfy\ldm\cascade\stage_c_coder.py",".py","3501","0.003","0","2026/9/7 4:01:32","Archive"
"staging\comfyui-v0.34.0\ComfyUI-0.34.0\comfy\ldm\chroma\layers.py","F:\一人公司\comfyui-production\staging\comfyui-v0.34.0\ComfyUI-0.34.0\comfy\ldm\chroma\layers.py",".py","2271","0.002","0","2026/9/7 4:01:32","Archive"
"staging\comfyui-v0.34.0\ComfyUI-0.34.0\comfy\ldm\chroma\model.py","F:\一人公司\comfyui-production\staging\comfyui-v0.34.0\ComfyUI-0.34.0\comfy\ldm\chroma\model.py",".py","13282","0.013","0","2026/9/7 4:01:32","Archive"
"staging\comfyui-v0.34.0\ComfyUI-0.34.0\comfy\ldm\chroma_radiance\layers.py","F:\一人公司\comfyui-production\staging\comfyui-v0.34.0\ComfyUI-0.34.0\comfy\ldm\chroma_radiance\layers.py",".py","8597","0.008","0","2026/9/7 4:01:32","Archive"
"staging\comfyui-v0.34.0\ComfyUI-0.34.0\comfy\ldm\chroma_radiance\model.py","F:\一人公司\comfyui-production\staging\comfyui-v0.34.0\ComfyUI-0.34.0\comfy\ldm\chroma_radiance\model.py",".py","13191","0.013","0","2026/9/7 4:01:32","Archive"
"staging\comfyui-v0.34.0\ComfyUI-0.34.0\comfy\ldm\cogvideo\model.py","F:\一人公司\comfyui-production\staging\comfyui-v0.34.0\ComfyUI-0.34.0\comfy\ldm\cogvideo\model.py",".py","26761","0.026","0","2026/9/7 4:01:32","Archive"
"staging\comfyui-v0.34.0\ComfyUI-0.34.0\comfy\ldm\cogvideo\vae.py","F:\一人公司\comfyui-production\staging\comfyui-v0.34.0\ComfyUI-0.34.0\comfy\ldm\cogvideo\vae.py",".py","24518","0.023","0","2026/9/7 4:01:32","Archive"
"staging\comfyui-v0.34.0\ComfyUI-0.34.0\comfy\ldm\cogvideo\__init__.py","F:\一人公司\comfyui-production\staging\comfyui-v0.34.0\ComfyUI-0.34.0\comfy\ldm\cogvideo\__init__.py",".py","0","0","0","2026/9/7 4:01:32","Archive"
"staging\comfyui-v0.34.0\ComfyUI-0.34.0\comfy\ldm\cosmos\blocks.py","F:\一人公司\comfyui-production\staging\comfyui-v0.34.0\ComfyUI-0.34.0\comfy\ldm\cosmos\blocks.py",".py","31086","0.03","0","2026/9/7 4:01:32","Archive"
"staging\comfyui-v0.34.0\ComfyUI-0.34.0\comfy\ldm\cosmos\model.py","F:\一人公司\comfyui-production\staging\comfyui-v0.34.0\ComfyUI-0.34.0\comfy\ldm\cosmos\model.py",".py","24058","0.023","0","2026/9/7 4:01:32","Archive"
"staging\comfyui-v0.34.0\ComfyUI-0.34.0\comfy\ldm\cosmos\position_embedding.py","F:\一人公司\comfyui-production\staging\comfyui-v0.34.0\ComfyUI-0.34.0\comfy\ldm\cosmos\position_embedding.py",".py","8929","0.009","0","2026/9/7 4:01:32","Archive"
"staging\comfyui-v0.34.0\ComfyUI-0.34.0\comfy\ldm\cosmos\predict2.py","F:\一人公司\comfyui-production\staging\comfyui-v0.34.0\ComfyUI-0.34.0\comfy\ldm\cosmos\predict2.py",".py","41717","0.04","0","2026/9/7 4:01:32","Archive"
"staging\comfyui-v0.34.0\ComfyUI-0.34.0\comfy\ldm\cosmos\vae.py","F:\一人公司\comfyui-production\staging\comfyui-v0.34.0\ComfyUI-0.34.0\comfy\ldm\cosmos\vae.py",".py","4985","0.005","0","2026/9/7 4:01:32","Archive"
"staging\comfyui-v0.34.0\ComfyUI-0.34.0\comfy\ldm\cosmos\cosmos_tokenizer\layers3d.py","F:\一人公司\comfyui-production\staging\comfyui-v0.34.0\ComfyUI-0.34.0\comfy\ldm\cosmos\cosmos_tokenizer\layers3d.py",".py","33866","0.032","0","2026/9/7 4:01:32","Archive"
"staging\comfyui-v0.34.0\ComfyUI-0.34.0\comfy\ldm\cosmos\cosmos_tokenizer\patching.py","F:\一人公司\comfyui-production\staging\comfyui-v0.34.0\ComfyUI-0.34.0\comfy\ldm\cosmos\cosmos_tokenizer\patching.py",".py","13796","0.013","0","2026/9/7 4:01:32","Archive"
"staging\comfyui-v0.34.0\ComfyUI-0.34.0\comfy\ldm\cosmos\cosmos_tokenizer\utils.py","F:\一人公司\comfyui-production\staging\comfyui-v0.34.0\ComfyUI-0.34.0\comfy\ldm\cosmos\cosmos_tokenizer\utils.py",".py","3168","0.003","0","2026/9/7 4:01:32","Archive"
"staging\comfyui-v0.34.0\ComfyUI-0.34.0\comfy\ldm\depth_anything_3\camera.py","F:\一人公司\comfyui-production\staging\comfyui-v0.34.0\ComfyUI-0.34.0\comfy\ldm\depth_anything_3\camera.py",".py","7458","0.007","0","2026/9/7 4:01:32","Archive"
"staging\comfyui-v0.34.0\ComfyUI-0.34.0\comfy\ldm\depth_anything_3\dpt.py","F:\一人公司\comfyui-production\staging\comfyui-v0.34.0\ComfyUI-0.34.0\comfy\ldm\depth_anything_3\dpt.py",".py","22891","0.022","0","2026/9/7 4:01:32","Archive"
"staging\comfyui-v0.34.0\ComfyUI-0.34.0\comfy\ldm\depth_anything_3\model.py","F:\一人公司\comfyui-production\staging\comfyui-v0.34.0\ComfyUI-0.34.0\comfy\ldm\depth_anything_3\model.py",".py","9254","0.009","0","2026/9/7 4:01:32","Archive"
"staging\comfyui-v0.34.0\ComfyUI-0.34.0\comfy\ldm\depth_anything_3\preprocess.py","F:\一人公司\comfyui-production\staging\comfyui-v0.34.0\ComfyUI-0.34.0\comfy\ldm\depth_anything_3\preprocess.py",".py","5100","0.005","0","2026/9/7 4:01:32","Archive"
"staging\comfyui-v0.34.0\ComfyUI-0.34.0\comfy\ldm\depth_anything_3\ray_pose.py","F:\一人公司\comfyui-production\staging\comfyui-v0.34.0\ComfyUI-0.34.0\comfy\ldm\depth_anything_3\ray_pose.py",".py","11705","0.011","0","2026/9/7 4:01:32","Archive"
"staging\comfyui-v0.34.0\ComfyUI-0.34.0\comfy\ldm\depth_anything_3\reference_view_selector.py","F:\一人公司\comfyui-production\staging\comfyui-v0.34.0\ComfyUI-0.34.0\comfy\ldm\depth_anything_3\reference_view_selector.py",".py","3557","0.003","0","2026/9/7 4:01:32","Archive"
"staging\comfyui-v0.34.0\ComfyUI-0.34.0\comfy\ldm\depth_anything_3\transform.py","F:\一人公司\comfyui-production\staging\comfyui-v0.34.0\ComfyUI-0.34.0\comfy\ldm\depth_anything_3\transform.py",".py","6010","0.006","0","2026/9/7 4:01:32","Archive"
"staging\comfyui-v0.34.0\ComfyUI-0.34.0\comfy\ldm\ernie\model.py","F:\一人公司\comfyui-production\staging\comfyui-v0.34.0\ComfyUI-0.34.0\comfy\ldm\ernie\model.py",".py","13464","0.013","0","2026/9/7 4:01:32","Archive"
"staging\comfyui-v0.34.0\ComfyUI-0.34.0\comfy\ldm\flux\controlnet.py","F:\一人公司\comfyui-production\staging\comfyui-v0.34.0\ComfyUI-0.34.0\comfy\ldm\flux\controlnet.py",".py","9227","0.009","0","2026/9/7 4:01:32","Archive"
"staging\comfyui-v0.34.0\ComfyUI-0.34.0\comfy\ldm\flux\layers.py","F:\一人公司\comfyui-production\staging\comfyui-v0.34.0\ComfyUI-0.34.0\comfy\ldm\flux\layers.py",".py","16070","0.015","0","2026/9/7 4:01:32","Archive"
"staging\comfyui-v0.34.0\ComfyUI-0.34.0\comfy\ldm\flux\math.py","F:\一人公司\comfyui-production\staging\comfyui-v0.34.0\ComfyUI-0.34.0\comfy\ldm\flux\math.py",".py","2072","0.002","0","2026/9/7 4:01:32","Archive"
"staging\comfyui-v0.34.0\ComfyUI-0.34.0\comfy\ldm\flux\model.py","F:\一人公司\comfyui-production\staging\comfyui-v0.34.0\ComfyUI-0.34.0\comfy\ldm\flux\model.py",".py","18114","0.017","0","2026/9/7 4:01:32","Archive"
"staging\comfyui-v0.34.0\ComfyUI-0.34.0\comfy\ldm\flux\redux.py","F:\一人公司\comfyui-production\staging\comfyui-v0.34.0\ComfyUI-0.34.0\comfy\ldm\flux\redux.py",".py","724","0.001","0","2026/9/7 4:01:32","Archive"
"staging\comfyui-v0.34.0\ComfyUI-0.34.0\comfy\ldm\genmo\joint_model\asymm_models_joint.py","F:\一人公司\comfyui-production\staging\comfyui-v0.34.0\ComfyUI-0.34.0\comfy\ldm\genmo\joint_model\asymm_models_joint.py",".py","19553","0.019","0","2026/9/7 4:01:32","Archive"
"staging\comfyui-v0.34.0\ComfyUI-0.34.0\comfy\ldm\genmo\joint_model\layers.py","F:\一人公司\comfyui-production\staging\comfyui-v0.34.0\ComfyUI-0.34.0\comfy\ldm\genmo\joint_model\layers.py",".py","5053","0.005","0","2026/9/7 4:01:32","Archive"
"staging\comfyui-v0.34.0\ComfyUI-0.34.0\comfy\ldm\genmo\joint_model\rope_mixed.py","F:\一人公司\comfyui-production\staging\comfyui-v0.34.0\ComfyUI-0.34.0\comfy\ldm\genmo\joint_model\rope_mixed.py",".py","2649","0.003","0","2026/9/7 4:01:32","Archive"
"staging\comfyui-v0.34.0\ComfyUI-0.34.0\comfy\ldm\genmo\joint_model\temporal_rope.py","F:\一人公司\comfyui-production\staging\comfyui-v0.34.0\ComfyUI-0.34.0\comfy\ldm\genmo\joint_model\temporal_rope.py",".py","1255","0.001","0","2026/9/7 4:01:32","Archive"
"staging\comfyui-v0.34.0\ComfyUI-0.34.0\comfy\ldm\genmo\joint_model\utils.py","F:\一人公司\comfyui-production\staging\comfyui-v0.34.0\ComfyUI-0.34.0\comfy\ldm\genmo\joint_model\utils.py",".py","3671","0.004","0","2026/9/7 4:01:32","Archive"
"staging\comfyui-v0.34.0\ComfyUI-0.34.0\comfy\ldm\genmo\vae\model.py","F:\一人公司\comfyui-production\staging\comfyui-v0.34.0\ComfyUI-0.34.0\comfy\ldm\genmo\vae\model.py",".py","22276","0.021","0","2026/9/7 4:01:32","Archive"
"staging\comfyui-v0.34.0\ComfyUI-0.34.0\comfy\ldm\hidream\model.py","F:\一人公司\comfyui-production\staging\comfyui-v0.34.0\ComfyUI-0.34.0\comfy\ldm\hidream\model.py",".py","34966","0.033","0","2026/9/7 4:01:32","Archive"
"staging\comfyui-v0.34.0\ComfyUI-0.34.0\comfy\ldm\hidream_o1\attention.py","F:\一人公司\comfyui-production\staging\comfyui-v0.34.0\ComfyUI-0.34.0\comfy\ldm\hidream_o1\attention.py",".py","2159","0.002","0","2026/9/7 4:01:32","Archive"
"staging\comfyui-v0.34.0\ComfyUI-0.34.0\comfy\ldm\hidream_o1\conditioning.py","F:\一人公司\comfyui-production\staging\comfyui-v0.34.0\ComfyUI-0.34.0\comfy\ldm\hidream_o1\conditioning.py",".py","9472","0.009","0","2026/9/7 4:01:32","Archive"
"staging\comfyui-v0.34.0\ComfyUI-0.34.0\comfy\ldm\hidream_o1\model.py","F:\一人公司\comfyui-production\staging\comfyui-v0.34.0\ComfyUI-0.34.0\comfy\ldm\hidream_o1\model.py",".py","14346","0.014","0","2026/9/7 4:01:32","Archive"
"staging\comfyui-v0.34.0\ComfyUI-0.34.0\comfy\ldm\hidream_o1\utils.py","F:\一人公司\comfyui-production\staging\comfyui-v0.34.0\ComfyUI-0.34.0\comfy\ldm\hidream_o1\utils.py",".py","7357","0.007","0","2026/9/7 4:01:32","Archive"
"staging\comfyui-v0.34.0\ComfyUI-0.34.0\comfy\ldm\hunyuan3d\model.py","F:\一人公司\comfyui-production\staging\comfyui-v0.34.0\ComfyUI-0.34.0\comfy\ldm\hunyuan3d\model.py",".py","6453","0.006","0","2026/9/7 4:01:32","Archive"
"staging\comfyui-v0.34.0\ComfyUI-0.34.0\comfy\ldm\hunyuan3d\vae.py","F:\一人公司\comfyui-production\staging\comfyui-v0.34.0\ComfyUI-0.34.0\comfy\ldm\hunyuan3d\vae.py",".py","36006","0.034","0","2026/9/7 4:01:32","Archive"
"staging\comfyui-v0.34.0\ComfyUI-0.34.0\comfy\ldm\hunyuan3dv2_1\hunyuandit.py","F:\一人公司\comfyui-production\staging\comfyui-v0.34.0\ComfyUI-0.34.0\comfy\ldm\hunyuan3dv2_1\hunyuandit.py",".py","23509","0.022","0","2026/9/7 4:01:32","Archive"
"staging\comfyui-v0.34.0\ComfyUI-0.34.0\comfy\ldm\hunyuan_video\model.py","F:\一人公司\comfyui-production\staging\comfyui-v0.34.0\ComfyUI-0.34.0\comfy\ldm\hunyuan_video\model.py",".py","22456","0.021","0","2026/9/7 4:01:32","Archive"
"staging\comfyui-v0.34.0\ComfyUI-0.34.0\comfy\ldm\hunyuan_video\upsampler.py","F:\一人公司\comfyui-production\staging\comfyui-v0.34.0\ComfyUI-0.34.0\comfy\ldm\hunyuan_video\upsampler.py",".py","4254","0.004","0","2026/9/7 4:01:32","Archive"
"staging\comfyui-v0.34.0\ComfyUI-0.34.0\comfy\ldm\hunyuan_video\vae.py","F:\一人公司\comfyui-production\staging\comfyui-v0.34.0\ComfyUI-0.34.0\comfy\ldm\hunyuan_video\vae.py",".py","5728","0.005","0","2026/9/7 4:01:32","Archive"
"staging\comfyui-v0.34.0\ComfyUI-0.34.0\comfy\ldm\hunyuan_video\vae_refiner.py","F:\一人公司\comfyui-production\staging\comfyui-v0.34.0\ComfyUI-0.34.0\comfy\ldm\hunyuan_video\vae_refiner.py",".py","11941","0.011","0","2026/9/7 4:01:32","Archive"
"staging\comfyui-v0.34.0\ComfyUI-0.34.0\comfy\ldm\hydit\attn_layers.py","F:\一人公司\comfyui-production\staging\comfyui-v0.34.0\ComfyUI-0.34.0\comfy\ldm\hydit\attn_layers.py",".py","9869","0.009","0","2026/9/7 4:01:32","Archive"
"staging\comfyui-v0.34.0\ComfyUI-0.34.0\comfy\ldm\hydit\controlnet.py","F:\一人公司\comfyui-production\staging\comfyui-v0.34.0\ComfyUI-0.34.0\comfy\ldm\hydit\controlnet.py",".py","10282","0.01","0","2026/9/7 4:01:32","Archive"
"staging\comfyui-v0.34.0\ComfyUI-0.34.0\comfy\ldm\hydit\models.py","F:\一人公司\comfyui-production\staging\comfyui-v0.34.0\ComfyUI-0.34.0\comfy\ldm\hydit\models.py",".py","17193","0.016","0","2026/9/7 4:01:32","Archive"
"staging\comfyui-v0.34.0\ComfyUI-0.34.0\comfy\ldm\hydit\poolers.py","F:\一人公司\comfyui-production\staging\comfyui-v0.34.0\ComfyUI-0.34.0\comfy\ldm\hydit\poolers.py",".py","1919","0.002","0","2026/9/7 4:01:32","Archive"
"staging\comfyui-v0.34.0\ComfyUI-0.34.0\comfy\ldm\hydit\posemb_layers.py","F:\一人公司\comfyui-production\staging\comfyui-v0.34.0\ComfyUI-0.34.0\comfy\ldm\hydit\posemb_layers.py",".py","8689","0.008","0","2026/9/7 4:01:32","Archive"
"staging\comfyui-v0.34.0\ComfyUI-0.34.0\comfy\ldm\ideogram4\model.py","F:\一人公司\comfyui-production\staging\comfyui-v0.34.0\ComfyUI-0.34.0\comfy\ldm\ideogram4\model.py",".py","15859","0.015","0","2026/9/7 4:01:32","Archive"
"staging\comfyui-v0.34.0\ComfyUI-0.34.0\comfy\ldm\joyimage\model.py","F:\一人公司\comfyui-production\staging\comfyui-v0.34.0\ComfyUI-0.34.0\comfy\ldm\joyimage\model.py",".py","17719","0.017","0","2026/9/7 4:01:32","Archive"
"staging\comfyui-v0.34.0\ComfyUI-0.34.0\comfy\ldm\kandinsky5\model.py","F:\一人公司\comfyui-production\staging\comfyui-v0.34.0\ComfyUI-0.34.0\comfy\ldm\kandinsky5\model.py",".py","21652","0.021","0","2026/9/7 4:01:32","Archive"
"staging\comfyui-v0.34.0\ComfyUI-0.34.0\comfy\ldm\krea2\model.py","F:\一人公司\comfyui-production\staging\comfyui-v0.34.0\ComfyUI-0.34.0\comfy\ldm\krea2\model.py",".py","19037","0.018","0","2026/9/7 4:01:32","Archive"
"staging\comfyui-v0.34.0\ComfyUI-0.34.0\comfy\ldm\lens\model.py","F:\一人公司\comfyui-production\staging\comfyui-v0.34.0\ComfyUI-0.34.0\comfy\ldm\lens\model.py",".py","21207","0.02","0","2026/9/7 4:01:32","Archive"
"staging\comfyui-v0.34.0\ComfyUI-0.34.0\comfy\ldm\lightricks\av_model.py","F:\一人公司\comfyui-production\staging\comfyui-v0.34.0\ComfyUI-0.34.0\comfy\ldm\lightricks\av_model.py",".py","50116","0.048","0","2026/9/7 4:01:32","Archive"
"staging\comfyui-v0.34.0\ComfyUI-0.34.0\comfy\ldm\lightricks\duration_head.py","F:\一人公司\comfyui-production\staging\comfyui-v0.34.0\ComfyUI-0.34.0\comfy\ldm\lightricks\duration_head.py",".py","3690","0.004","0","2026/9/7 4:01:32","Archive"
"staging\comfyui-v0.34.0\ComfyUI-0.34.0\comfy\ldm\lightricks\embeddings_connector.py","F:\一人公司\comfyui-production\staging\comfyui-v0.34.0\ComfyUI-0.34.0\comfy\ldm\lightricks\embeddings_connector.py",".py","12027","0.011","0","2026/9/7 4:01:32","Archive"
"staging\comfyui-v0.34.0\ComfyUI-0.34.0\comfy\ldm\lightricks\latent_upsampler.py","F:\一人公司\comfyui-production\staging\comfyui-v0.34.0\ComfyUI-0.34.0\comfy\ldm\lightricks\latent_upsampler.py",".py","10673","0.01","0","2026/9/7 4:01:32","Archive"
"staging\comfyui-v0.34.0\ComfyUI-0.34.0\comfy\ldm\lightricks\model.py","F:\一人公司\comfyui-production\staging\comfyui-v0.34.0\ComfyUI-0.34.0\comfy\ldm\lightricks\model.py",".py","59498","0.057","0.0001","2026/9/7 4:01:32","Archive"
"staging\comfyui-v0.34.0\ComfyUI-0.34.0\comfy\ldm\lightricks\symmetric_patchifier.py","F:\一人公司\comfyui-production\staging\comfyui-v0.34.0\ComfyUI-0.34.0\comfy\ldm\lightricks\symmetric_patchifier.py",".py","7408","0.007","0","2026/9/7 4:01:32","Archive"
"staging\comfyui-v0.34.0\ComfyUI-0.34.0\comfy\ldm\lightricks\vae\audio_vae.py","F:\一人公司\comfyui-production\staging\comfyui-v0.34.0\ComfyUI-0.34.0\comfy\ldm\lightricks\vae\audio_vae.py",".py","8938","0.009","0","2026/9/7 4:01:32","Archive"
"staging\comfyui-v0.34.0\ComfyUI-0.34.0\comfy\ldm\lightricks\vae\causal_audio_autoencoder.py","F:\一人公司\comfyui-production\staging\comfyui-v0.34.0\ComfyUI-0.34.0\comfy\ldm\lightricks\vae\causal_audio_autoencoder.py",".py","32884","0.031","0","2026/9/7 4:01:32","Archive"
"staging\comfyui-v0.34.0\ComfyUI-0.34.0\comfy\ldm\lightricks\vae\causal_conv3d.py","F:\一人公司\comfyui-production\staging\comfyui-v0.34.0\ComfyUI-0.34.0\comfy\ldm\lightricks\vae\causal_conv3d.py",".py","3307","0.003","0","2026/9/7 4:01:32","Archive"
"staging\comfyui-v0.34.0\ComfyUI-0.34.0\comfy\ldm\lightricks\vae\causal_video_autoencoder.py","F:\一人公司\comfyui-production\staging\comfyui-v0.34.0\ComfyUI-0.34.0\comfy\ldm\lightricks\vae\causal_video_autoencoder.py",".py","51072","0.049","0","2026/9/7 4:01:32","Archive"
"staging\comfyui-v0.34.0\ComfyUI-0.34.0\comfy\ldm\lightricks\vae\conv_nd_factory.py","F:\一人公司\comfyui-production\staging\comfyui-v0.34.0\ComfyUI-0.34.0\comfy\ldm\lightricks\vae\conv_nd_factory.py",".py","2570","0.002","0","2026/9/7 4:01:32","Archive"
"staging\comfyui-v0.34.0\ComfyUI-0.34.0\comfy\ldm\lightricks\vae\dual_conv3d.py","F:\一人公司\comfyui-production\staging\comfyui-v0.34.0\ComfyUI-0.34.0\comfy\ldm\lightricks\vae\dual_conv3d.py",".py","6885","0.007","0","2026/9/7 4:01:32","Archive"
"staging\comfyui-v0.34.0\ComfyUI-0.34.0\comfy\ldm\lightricks\vae\na_diffusion_decoder.py","F:\一人公司\comfyui-production\staging\comfyui-v0.34.0\ComfyUI-0.34.0\comfy\ldm\lightricks\vae\na_diffusion_decoder.py",".py","22211","0.021","0","2026/9/7 4:01:32","Archive"
"staging\comfyui-v0.34.0\ComfyUI-0.34.0\comfy\ldm\lightricks\vae\pixel_norm.py","F:\一人公司\comfyui-production\staging\comfyui-v0.34.0\ComfyUI-0.34.0\comfy\ldm\lightricks\vae\pixel_norm.py",".py","307","0","0","2026/9/7 4:01:32","Archive"
"staging\comfyui-v0.34.0\ComfyUI-0.34.0\comfy\ldm\lightricks\vocoders\vocoder.py","F:\一人公司\comfyui-production\staging\comfyui-v0.34.0\ComfyUI-0.34.0\comfy\ldm\lightricks\vocoders\vocoder.py",".py","25768","0.025","0","2026/9/7 4:01:32","Archive"
"staging\comfyui-v0.34.0\ComfyUI-0.34.0\comfy\ldm\lumina\controlnet.py","F:\一人公司\comfyui-production\staging\comfyui-v0.34.0\ComfyUI-0.34.0\comfy\ldm\lumina\controlnet.py",".py","6539","0.006","0","2026/9/7 4:01:32","Archive"
"staging\comfyui-v0.34.0\ComfyUI-0.34.0\comfy\ldm\lumina\model.py","F:\一人公司\comfyui-production\staging\comfyui-v0.34.0\ComfyUI-0.34.0\comfy\ldm\lumina\model.py",".py","47324","0.045","0","2026/9/7 4:01:32","Archive"
"staging\comfyui-v0.34.0\ComfyUI-0.34.0\comfy\ldm\mage_flow\model.py","F:\一人公司\comfyui-production\staging\comfyui-v0.34.0\ComfyUI-0.34.0\comfy\ldm\mage_flow\model.py",".py","8944","0.009","0","2026/9/7 4:01:32","Archive"
"staging\comfyui-v0.34.0\ComfyUI-0.34.0\comfy\ldm\mage_flow\vae.py","F:\一人公司\comfyui-production\staging\comfyui-v0.34.0\ComfyUI-0.34.0\comfy\ldm\mage_flow\vae.py",".py","17763","0.017","0","2026/9/7 4:01:32","Archive"
"staging\comfyui-v0.34.0\ComfyUI-0.34.0\comfy\ldm\minimax\audio_vae.py","F:\一人公司\comfyui-production\staging\comfyui-v0.34.0\ComfyUI-0.34.0\comfy\ldm\minimax\audio_vae.py",".py","15950","0.015","0","2026/9/7 4:01:32","Archive"
"staging\comfyui-v0.34.0\ComfyUI-0.34.0\comfy\ldm\minimax\model.py","F:\一人公司\comfyui-production\staging\comfyui-v0.34.0\ComfyUI-0.34.0\comfy\ldm\minimax\model.py",".py","37476","0.036","0","2026/9/7 4:01:32","Archive"
"staging\comfyui-v0.34.0\ComfyUI-0.34.0\comfy\ldm\minimax\vae.py","F:\一人公司\comfyui-production\staging\comfyui-v0.34.0\ComfyUI-0.34.0\comfy\ldm\minimax\vae.py",".py","28758","0.027","0","2026/9/7 4:01:32","Archive"
"staging\comfyui-v0.34.0\ComfyUI-0.34.0\comfy\ldm\minimax\__pycache__\model.cpython-312.pyc","F:\一人公司\comfyui-production\staging\comfyui-v0.34.0\ComfyUI-0.34.0\comfy\ldm\minimax\__pycache__\model.cpython-312.pyc",".pyc","49613","0.047","0","2026/9/7 4:02:02","Archive"
"staging\comfyui-v0.34.0\ComfyUI-0.34.0\comfy\ldm\minimax_music\ar.py","F:\一人公司\comfyui-production\staging\comfyui-v0.34.0\ComfyUI-0.34.0\comfy\ldm\minimax_music\ar.py",".py","17082","0.016","0","2026/9/7 4:01:32","Archive"
"staging\comfyui-v0.34.0\ComfyUI-0.34.0\comfy\ldm\minimax_music\dav.py","F:\一人公司\comfyui-production\staging\comfyui-v0.34.0\ComfyUI-0.34.0\comfy\ldm\minimax_music\dav.py",".py","4249","0.004","0","2026/9/7 4:01:32","Archive"
"staging\comfyui-v0.34.0\ComfyUI-0.34.0\comfy\ldm\minimax_music\dit.py","F:\一人公司\comfyui-production\staging\comfyui-v0.34.0\ComfyUI-0.34.0\comfy\ldm\minimax_music\dit.py",".py","9326","0.009","0","2026/9/7 4:01:32","Archive"
"staging\comfyui-v0.34.0\ComfyUI-0.34.0\comfy\ldm\minimax_music\prompt.py","F:\一人公司\comfyui-production\staging\comfyui-v0.34.0\ComfyUI-0.34.0\comfy\ldm\minimax_music\prompt.py",".py","2200","0.002","0","2026/9/7 4:01:32","Archive"
"staging\comfyui-v0.34.0\ComfyUI-0.34.0\comfy\ldm\minimax_music\__init__.py","F:\一人公司\comfyui-production\staging\comfyui-v0.34.0\ComfyUI-0.34.0\comfy\ldm\minimax_music\__init__.py",".py","0","0","0","2026/9/7 4:01:32","Archive"
"staging\comfyui-v0.34.0\ComfyUI-0.34.0\comfy\ldm\mmaudio\vae\activations.py","F:\一人公司\comfyui-production\staging\comfyui-v0.34.0\ComfyUI-0.34.0\comfy\ldm\mmaudio\vae\activations.py",".py","4517","0.004","0","2026/9/7 4:01:32","Archive"
"staging\comfyui-v0.34.0\ComfyUI-0.34.0\comfy\ldm\mmaudio\vae\alias_free_torch.py","F:\一人公司\comfyui-production\staging\comfyui-v0.34.0\ComfyUI-0.34.0\comfy\ldm\mmaudio\vae\alias_free_torch.py",".py","5719","0.005","0","2026/9/7 4:01:32","Archive"
"staging\comfyui-v0.34.0\ComfyUI-0.34.0\comfy\ldm\mmaudio\vae\autoencoder.py","F:\一人公司\comfyui-production\staging\comfyui-v0.34.0\ComfyUI-0.34.0\comfy\ldm\mmaudio\vae\autoencoder.py",".py","4717","0.004","0","2026/9/7 4:01:32","Archive"
"staging\comfyui-v0.34.0\ComfyUI-0.34.0\comfy\ldm\mmaudio\vae\bigvgan.py","F:\一人公司\comfyui-production\staging\comfyui-v0.34.0\ComfyUI-0.34.0\comfy\ldm\mmaudio\vae\bigvgan.py",".py","8366","0.008","0","2026/9/7 4:01:32","Archive"
"staging\comfyui-v0.34.0\ComfyUI-0.34.0\comfy\ldm\mmaudio\vae\distributions.py","F:\一人公司\comfyui-production\staging\comfyui-v0.34.0\ComfyUI-0.34.0\comfy\ldm\mmaudio\vae\distributions.py",".py","2964","0.003","0","2026/9/7 4:01:32","Archive"
"staging\comfyui-v0.34.0\ComfyUI-0.34.0\comfy\ldm\mmaudio\vae\vae.py","F:\一人公司\comfyui-production\staging\comfyui-v0.34.0\ComfyUI-0.34.0\comfy\ldm\mmaudio\vae\vae.py",".py","14532","0.014","0","2026/9/7 4:01:32","Archive"
"staging\comfyui-v0.34.0\ComfyUI-0.34.0\comfy\ldm\mmaudio\vae\vae_modules.py","F:\一人公司\comfyui-production\staging\comfyui-v0.34.0\ComfyUI-0.34.0\comfy\ldm\mmaudio\vae\vae_modules.py",".py","3875","0.004","0","2026/9/7 4:01:32","Archive"
"staging\comfyui-v0.34.0\ComfyUI-0.34.0\comfy\ldm\mmaudio\vae\__init__.py","F:\一人公司\comfyui-production\staging\comfyui-v0.34.0\ComfyUI-0.34.0\comfy\ldm\mmaudio\vae\__init__.py",".py","0","0","0","2026/9/7 4:01:32","Archive"
"staging\comfyui-v0.34.0\ComfyUI-0.34.0\comfy\ldm\models\autoencoder.py","F:\一人公司\comfyui-production\staging\comfyui-v0.34.0\ComfyUI-0.34.0\comfy\ldm\models\autoencoder.py",".py","9782","0.009","0","2026/9/7 4:01:32","Archive"
"staging\comfyui-v0.34.0\ComfyUI-0.34.0\comfy\ldm\modules\attention.py","F:\一人公司\comfyui-production\staging\comfyui-v0.34.0\ComfyUI-0.34.0\comfy\ldm\modules\attention.py",".py","50995","0.049","0","2026/9/7 4:01:32","Archive"
"staging\comfyui-v0.34.0\ComfyUI-0.34.0\comfy\ldm\modules\ema.py","F:\一人公司\comfyui-production\staging\comfyui-v0.34.0\ComfyUI-0.34.0\comfy\ldm\modules\ema.py",".py","3110","0.003","0","2026/9/7 4:01:32","Archive"
"staging\comfyui-v0.34.0\ComfyUI-0.34.0\comfy\ldm\modules\sdpose.py","F:\一人公司\comfyui-production\staging\comfyui-v0.34.0\ComfyUI-0.34.0\comfy\ldm\modules\sdpose.py",".py","5770","0.006","0","2026/9/7 4:01:32","Archive"
"staging\comfyui-v0.34.0\ComfyUI-0.34.0\comfy\ldm\modules\sub_quadratic_attention.py","F:\一人公司\comfyui-production\staging\comfyui-v0.34.0\ComfyUI-0.34.0\comfy\ldm\modules\sub_quadratic_attention.py",".py","9586","0.009","0","2026/9/7 4:01:32","Archive"
"staging\comfyui-v0.34.0\ComfyUI-0.34.0\comfy\ldm\modules\temporal_ae.py","F:\一人公司\comfyui-production\staging\comfyui-v0.34.0\ComfyUI-0.34.0\comfy\ldm\modules\temporal_ae.py",".py","7945","0.008","0","2026/9/7 4:01:32","Archive"
"staging\comfyui-v0.34.0\ComfyUI-0.34.0\comfy\ldm\modules\diffusionmodules\mmdit.py","F:\一人公司\comfyui-production\staging\comfyui-v0.34.0\ComfyUI-0.34.0\comfy\ldm\modules\diffusionmodules\mmdit.py",".py","38026","0.036","0","2026/9/7 4:01:32","Archive"
"staging\comfyui-v0.34.0\ComfyUI-0.34.0\comfy\ldm\modules\diffusionmodules\model.py","F:\一人公司\comfyui-production\staging\comfyui-v0.34.0\ComfyUI-0.34.0\comfy\ldm\modules\diffusionmodules\model.py",".py","31484","0.03","0","2026/9/7 4:01:32","Archive"
"staging\comfyui-v0.34.0\ComfyUI-0.34.0\comfy\ldm\modules\diffusionmodules\openaimodel.py","F:\一人公司\comfyui-production\staging\comfyui-v0.34.0\ComfyUI-0.34.0\comfy\ldm\modules\diffusionmodules\openaimodel.py",".py","37937","0.036","0","2026/9/7 4:01:32","Archive"
"staging\comfyui-v0.34.0\ComfyUI-0.34.0\comfy\ldm\modules\diffusionmodules\upscaling.py","F:\一人公司\comfyui-production\staging\comfyui-v0.34.0\ComfyUI-0.34.0\comfy\ldm\modules\diffusionmodules\upscaling.py",".py","3645","0.003","0","2026/9/7 4:01:32","Archive"
"staging\comfyui-v0.34.0\ComfyUI-0.34.0\comfy\ldm\modules\diffusionmodules\util.py","F:\一人公司\comfyui-production\staging\comfyui-v0.34.0\ComfyUI-0.34.0\comfy\ldm\modules\diffusionmodules\util.py",".py","11888","0.011","0","2026/9/7 4:01:32","Archive"
"staging\comfyui-v0.34.0\ComfyUI-0.34.0\comfy\ldm\modules\diffusionmodules\__init__.py","F:\一人公司\comfyui-production\staging\comfyui-v0.34.0\ComfyUI-0.34.0\comfy\ldm\modules\diffusionmodules\__init__.py",".py","0","0","0","2026/9/7 4:01:32","Archive"
"staging\comfyui-v0.34.0\ComfyUI-0.34.0\comfy\ldm\modules\diffusionmodules\__pycache__\util.cpython-312.pyc","F:\一人公司\comfyui-production\staging\comfyui-v0.34.0\ComfyUI-0.34.0\comfy\ldm\modules\diffusionmodules\__pycache__\util.cpython-312.pyc",".pyc","16660","0.016","0","2026/9/7 4:02:04","Archive"
"staging\comfyui-v0.34.0\ComfyUI-0.34.0\comfy\ldm\modules\diffusionmodules\__pycache__\__init__.cpython-312.pyc","F:\一人公司\comfyui-production\staging\comfyui-v0.34.0\ComfyUI-0.34.0\comfy\ldm\modules\diffusionmodules\__pycache__\__init__.cpython-312.pyc",".pyc","220","0","0","2026/9/7 4:02:04","Archive"
"staging\comfyui-v0.34.0\ComfyUI-0.34.0\comfy\ldm\modules\distributions\distributions.py","F:\一人公司\comfyui-production\staging\comfyui-v0.34.0\ComfyUI-0.34.0\comfy\ldm\modules\distributions\distributions.py",".py","2964","0.003","0","2026/9/7 4:01:32","Archive"
"staging\comfyui-v0.34.0\ComfyUI-0.34.0\comfy\ldm\modules\distributions\__init__.py","F:\一人公司\comfyui-production\staging\comfyui-v0.34.0\ComfyUI-0.34.0\comfy\ldm\modules\distributions\__init__.py",".py","0","0","0","2026/9/7 4:01:32","Archive"
"staging\comfyui-v0.34.0\ComfyUI-0.34.0\comfy\ldm\modules\encoders\noise_aug_modules.py","F:\一人公司\comfyui-production\staging\comfyui-v0.34.0\ComfyUI-0.34.0\comfy\ldm\modules\encoders\noise_aug_modules.py",".py","1390","0.001","0","2026/9/7 4:01:32","Archive"
"staging\comfyui-v0.34.0\ComfyUI-0.34.0\comfy\ldm\modules\encoders\__init__.py","F:\一人公司\comfyui-production\staging\comfyui-v0.34.0\ComfyUI-0.34.0\comfy\ldm\modules\encoders\__init__.py",".py","0","0","0","2026/9/7 4:01:32","Archive"
"staging\comfyui-v0.34.0\ComfyUI-0.34.0\comfy\ldm\modules\__pycache__\attention.cpython-312.pyc","F:\一人公司\comfyui-production\staging\comfyui-v0.34.0\ComfyUI-0.34.0\comfy\ldm\modules\__pycache__\attention.cpython-312.pyc",".pyc","58387","0.056","0.0001","2026/9/7 4:02:04","Archive"
"staging\comfyui-v0.34.0\ComfyUI-0.34.0\comfy\ldm\modules\__pycache__\sub_quadratic_attention.cpython-312.pyc","F:\一人公司\comfyui-production\staging\comfyui-v0.34.0\ComfyUI-0.34.0\comfy\ldm\modules\__pycache__\sub_quadratic_attention.cpython-312.pyc",".pyc","11915","0.011","0","2026/9/7 4:02:04","Archive"
"staging\comfyui-v0.34.0\ComfyUI-0.34.0\comfy\ldm\moge\geometry.py","F:\一人公司\comfyui-production\staging\comfyui-v0.34.0\ComfyUI-0.34.0\comfy\ldm\moge\geometry.py",".py","8537","0.008","0","2026/9/7 4:01:32","Archive"
"staging\comfyui-v0.34.0\ComfyUI-0.34.0\comfy\ldm\moge\model.py","F:\一人公司\comfyui-production\staging\comfyui-v0.34.0\ComfyUI-0.34.0\comfy\ldm\moge\model.py",".py","16818","0.016","0","2026/9/7 4:01:32","Archive"
"staging\comfyui-v0.34.0\ComfyUI-0.34.0\comfy\ldm\moge\modules.py","F:\一人公司\comfyui-production\staging\comfyui-v0.34.0\ComfyUI-0.34.0\comfy\ldm\moge\modules.py",".py","9815","0.009","0","2026/9/7 4:01:32","Archive"
"staging\comfyui-v0.34.0\ComfyUI-0.34.0\comfy\ldm\moge\panorama.py","F:\一人公司\comfyui-production\staging\comfyui-v0.34.0\ComfyUI-0.34.0\comfy\ldm\moge\panorama.py",".py","14230","0.014","0","2026/9/7 4:01:32","Archive"
"staging\comfyui-v0.34.0\ComfyUI-0.34.0\comfy\ldm\omnigen\omnigen2.py","F:\一人公司\comfyui-production\staging\comfyui-v0.34.0\ComfyUI-0.34.0\comfy\ldm\omnigen\omnigen2.py",".py","23079","0.022","0","2026/9/7 4:01:32","Archive"
"staging\comfyui-v0.34.0\ComfyUI-0.34.0\comfy\ldm\pixart\blocks.py","F:\一人公司\comfyui-production\staging\comfyui-v0.34.0\ComfyUI-0.34.0\comfy\ldm\pixart\blocks.py",".py","16840","0.016","0","2026/9/7 4:01:32","Archive"
"staging\comfyui-v0.34.0\ComfyUI-0.34.0\comfy\ldm\pixart\pixartms.py","F:\一人公司\comfyui-production\staging\comfyui-v0.34.0\ComfyUI-0.34.0\comfy\ldm\pixart\pixartms.py",".py","10402","0.01","0","2026/9/7 4:01:32","Archive"
"staging\comfyui-v0.34.0\ComfyUI-0.34.0\comfy\ldm\pixeldit\model.py","F:\一人公司\comfyui-production\staging\comfyui-v0.34.0\ComfyUI-0.34.0\comfy\ldm\pixeldit\model.py",".py","11836","0.011","0","2026/9/7 4:01:32","Archive"
"staging\comfyui-v0.34.0\ComfyUI-0.34.0\comfy\ldm\pixeldit\modules.py","F:\一人公司\comfyui-production\staging\comfyui-v0.34.0\ComfyUI-0.34.0\comfy\ldm\pixeldit\modules.py",".py","9967","0.01","0","2026/9/7 4:01:32","Archive"
"staging\comfyui-v0.34.0\ComfyUI-0.34.0\comfy\ldm\pixeldit\pid.py","F:\一人公司\comfyui-production\staging\comfyui-v0.34.0\ComfyUI-0.34.0\comfy\ldm\pixeldit\pid.py",".py","12041","0.011","0","2026/9/7 4:01:32","Archive"
"staging\comfyui-v0.34.0\ComfyUI-0.34.0\comfy\ldm\qwen_image\controlnet.py","F:\一人公司\comfyui-production\staging\comfyui-v0.34.0\ComfyUI-0.34.0\comfy\ldm\qwen_image\controlnet.py",".py","10346","0.01","0","2026/9/7 4:01:32","Archive"
"staging\comfyui-v0.34.0\ComfyUI-0.34.0\comfy\ldm\qwen_image\model.py","F:\一人公司\comfyui-production\staging\comfyui-v0.34.0\ComfyUI-0.34.0\comfy\ldm\qwen_image\model.py",".py","26510","0.025","0","2026/9/7 4:01:32","Archive"
"staging\comfyui-v0.34.0\ComfyUI-0.34.0\comfy\ldm\rt_detr\rtdetr_v4.py","F:\一人公司\comfyui-production\staging\comfyui-v0.34.0\ComfyUI-0.34.0\comfy\ldm\rt_detr\rtdetr_v4.py",".py","37309","0.036","0","2026/9/7 4:01:32","Archive"
"staging\comfyui-v0.34.0\ComfyUI-0.34.0\comfy\ldm\sam3\detector.py","F:\一人公司\comfyui-production\staging\comfyui-v0.34.0\ComfyUI-0.34.0\comfy\ldm\sam3\detector.py",".py","32478","0.031","0","2026/9/7 4:01:32","Archive"
"staging\comfyui-v0.34.0\ComfyUI-0.34.0\comfy\ldm\sam3\sam.py","F:\一人公司\comfyui-production\staging\comfyui-v0.34.0\ComfyUI-0.34.0\comfy\ldm\sam3\sam.py",".py","20819","0.02","0","2026/9/7 4:01:32","Archive"
"staging\comfyui-v0.34.0\ComfyUI-0.34.0\comfy\ldm\sam3\tracker.py","F:\一人公司\comfyui-production\staging\comfyui-v0.34.0\ComfyUI-0.34.0\comfy\ldm\sam3\tracker.py",".py","95411","0.091","0.0001","2026/9/7 4:01:32","Archive"
"staging\comfyui-v0.34.0\ComfyUI-0.34.0\comfy\ldm\sam3d_body\utils.py","F:\一人公司\comfyui-production\staging\comfyui-v0.34.0\ComfyUI-0.34.0\comfy\ldm\sam3d_body\utils.py",".py","14064","0.013","0","2026/9/7 4:01:32","Archive"
"staging\comfyui-v0.34.0\ComfyUI-0.34.0\comfy\ldm\sam3d_body\mhr\mhr_head.py","F:\一人公司\comfyui-production\staging\comfyui-v0.34.0\ComfyUI-0.34.0\comfy\ldm\sam3d_body\mhr\mhr_head.py",".py","14628","0.014","0","2026/9/7 4:01:32","Archive"
"staging\comfyui-v0.34.0\ComfyUI-0.34.0\comfy\ldm\sam3d_body\mhr\mhr_rig.py","F:\一人公司\comfyui-production\staging\comfyui-v0.34.0\ComfyUI-0.34.0\comfy\ldm\sam3d_body\mhr\mhr_rig.py",".py","10711","0.01","0","2026/9/7 4:01:32","Archive"
"staging\comfyui-v0.34.0\ComfyUI-0.34.0\comfy\ldm\sam3d_body\mhr\mhr_utils.py","F:\一人公司\comfyui-production\staging\comfyui-v0.34.0\ComfyUI-0.34.0\comfy\ldm\sam3d_body\mhr\mhr_utils.py",".py","8652","0.008","0","2026/9/7 4:01:32","Archive"
"staging\comfyui-v0.34.0\ComfyUI-0.34.0\comfy\ldm\sam3d_body\model\camera_modules.py","F:\一人公司\comfyui-production\staging\comfyui-v0.34.0\ComfyUI-0.34.0\comfy\ldm\sam3d_body\model\camera_modules.py",".py","5505","0.005","0","2026/9/7 4:01:32","Archive"
"staging\comfyui-v0.34.0\ComfyUI-0.34.0\comfy\ldm\sam3d_body\model\model.py","F:\一人公司\comfyui-production\staging\comfyui-v0.34.0\ComfyUI-0.34.0\comfy\ldm\sam3d_body\model\model.py",".py","53422","0.051","0","2026/9/7 4:01:32","Archive"
"staging\comfyui-v0.34.0\ComfyUI-0.34.0\comfy\ldm\sam3d_body\model\prompt.py","F:\一人公司\comfyui-production\staging\comfyui-v0.34.0\ComfyUI-0.34.0\comfy\ldm\sam3d_body\model\prompt.py",".py","11257","0.011","0","2026/9/7 4:01:32","Archive"
"staging\comfyui-v0.34.0\ComfyUI-0.34.0\comfy\ldm\sam3d_body\model\transformer.py","F:\一人公司\comfyui-production\staging\comfyui-v0.34.0\ComfyUI-0.34.0\comfy\ldm\sam3d_body\model\transformer.py",".py","4610","0.004","0","2026/9/7 4:01:32","Archive"
"staging\comfyui-v0.34.0\ComfyUI-0.34.0\comfy\ldm\seedvr\attention.py","F:\一人公司\comfyui-production\staging\comfyui-v0.34.0\ComfyUI-0.34.0\comfy\ldm\seedvr\attention.py",".py","1901","0.002","0","2026/9/7 4:01:32","Archive"
"staging\comfyui-v0.34.0\ComfyUI-0.34.0\comfy\ldm\seedvr\color_fix.py","F:\一人公司\comfyui-production\staging\comfyui-v0.34.0\ComfyUI-0.34.0\comfy\ldm\seedvr\color_fix.py",".py","9044","0.009","0","2026/9/7 4:01:32","Archive"
"staging\comfyui-v0.34.0\ComfyUI-0.34.0\comfy\ldm\seedvr\constants.py","F:\一人公司\comfyui-production\staging\comfyui-v0.34.0\ComfyUI-0.34.0\comfy\ldm\seedvr\constants.py",".py","2694","0.003","0","2026/9/7 4:01:32","Archive"
"staging\comfyui-v0.34.0\ComfyUI-0.34.0\comfy\ldm\seedvr\model.py","F:\一人公司\comfyui-production\staging\comfyui-v0.34.0\ComfyUI-0.34.0\comfy\ldm\seedvr\model.py",".py","49021","0.047","0","2026/9/7 4:01:32","Archive"
"staging\comfyui-v0.34.0\ComfyUI-0.34.0\comfy\ldm\seedvr\vae.py","F:\一人公司\comfyui-production\staging\comfyui-v0.34.0\ComfyUI-0.34.0\comfy\ldm\seedvr\vae.py",".py","60366","0.058","0.0001","2026/9/7 4:01:32","Archive"
"staging\comfyui-v0.34.0\ComfyUI-0.34.0\comfy\ldm\supir\supir_modules.py","F:\一人公司\comfyui-production\staging\comfyui-v0.34.0\ComfyUI-0.34.0\comfy\ldm\supir\supir_modules.py",".py","9452","0.009","0","2026/9/7 4:01:32","Archive"
"staging\comfyui-v0.34.0\ComfyUI-0.34.0\comfy\ldm\supir\supir_patch.py","F:\一人公司\comfyui-production\staging\comfyui-v0.34.0\ComfyUI-0.34.0\comfy\ldm\supir\supir_patch.py",".py","4647","0.004","0","2026/9/7 4:01:32","Archive"
"staging\comfyui-v0.34.0\ComfyUI-0.34.0\comfy\ldm\supir\__init__.py","F:\一人公司\comfyui-production\staging\comfyui-v0.34.0\ComfyUI-0.34.0\comfy\ldm\supir\__init__.py",".py","0","0","0","2026/9/7 4:01:32","Archive"
"staging\comfyui-v0.34.0\ComfyUI-0.34.0\comfy\ldm\trellis2\flexgemm.py","F:\一人公司\comfyui-production\staging\comfyui-v0.34.0\ComfyUI-0.34.0\comfy\ldm\trellis2\flexgemm.py",".py","5897","0.006","0","2026/9/7 4:01:32","Archive"
"staging\comfyui-v0.34.0\ComfyUI-0.34.0\comfy\ldm\trellis2\model.py","F:\一人公司\comfyui-production\staging\comfyui-v0.34.0\ComfyUI-0.34.0\comfy\ldm\trellis2\model.py",".py","51263","0.049","0","2026/9/7 4:01:32","Archive"
"staging\comfyui-v0.34.0\ComfyUI-0.34.0\comfy\ldm\trellis2\vae.py","F:\一人公司\comfyui-production\staging\comfyui-v0.34.0\ComfyUI-0.34.0\comfy\ldm\trellis2\vae.py",".py","43080","0.041","0","2026/9/7 4:01:32","Archive"
"staging\comfyui-v0.34.0\ComfyUI-0.34.0\comfy\ldm\triposplat\gaussian.py","F:\一人公司\comfyui-production\staging\comfyui-v0.34.0\ComfyUI-0.34.0\comfy\ldm\triposplat\gaussian.py",".py","8094","0.008","0","2026/9/7 4:01:32","Archive"
"staging\comfyui-v0.34.0\ComfyUI-0.34.0\comfy\ldm\triposplat\model.py","F:\一人公司\comfyui-production\staging\comfyui-v0.34.0\ComfyUI-0.34.0\comfy\ldm\triposplat\model.py",".py","17213","0.016","0","2026/9/7 4:01:32","Archive"
"staging\comfyui-v0.34.0\ComfyUI-0.34.0\comfy\ldm\triposplat\preview.py","F:\一人公司\comfyui-production\staging\comfyui-v0.34.0\ComfyUI-0.34.0\comfy\ldm\triposplat\preview.py",".py","4601","0.004","0","2026/9/7 4:01:32","Archive"
"staging\comfyui-v0.34.0\ComfyUI-0.34.0\comfy\ldm\triposplat\vae.py","F:\一人公司\comfyui-production\staging\comfyui-v0.34.0\ComfyUI-0.34.0\comfy\ldm\triposplat\vae.py",".py","20308","0.019","0","2026/9/7 4:01:32","Archive"
"staging\comfyui-v0.34.0\ComfyUI-0.34.0\comfy\ldm\wan\ar_model.py","F:\一人公司\comfyui-production\staging\comfyui-v0.34.0\ComfyUI-0.34.0\comfy\ldm\wan\ar_model.py",".py","11294","0.011","0","2026/9/7 4:01:32","Archive"
"staging\comfyui-v0.34.0\ComfyUI-0.34.0\comfy\ldm\wan\model.py","F:\一人公司\comfyui-production\staging\comfyui-v0.34.0\ComfyUI-0.34.0\comfy\ldm\wan\model.py",".py","82479","0.079","0.0001","2026/9/7 4:01:32","Archive"
"staging\comfyui-v0.34.0\ComfyUI-0.34.0\comfy\ldm\wan\model_animate.py","F:\一人公司\comfyui-production\staging\comfyui-v0.34.0\ComfyUI-0.34.0\comfy\ldm\wan\model_animate.py",".py","23547","0.022","0","2026/9/7 4:01:32","Archive"
"staging\comfyui-v0.34.0\ComfyUI-0.34.0\comfy\ldm\wan\model_animate2.py","F:\一人公司\comfyui-production\staging\comfyui-v0.34.0\ComfyUI-0.34.0\comfy\ldm\wan\model_animate2.py",".py","22137","0.021","0","2026/9/7 4:01:32","Archive"
"staging\comfyui-v0.34.0\ComfyUI-0.34.0\comfy\ldm\wan\model_multitalk.py","F:\一人公司\comfyui-production\staging\comfyui-v0.34.0\ComfyUI-0.34.0\comfy\ldm\wan\model_multitalk.py",".py","20285","0.019","0","2026/9/7 4:01:32","Archive"
"staging\comfyui-v0.34.0\ComfyUI-0.34.0\comfy\ldm\wan\model_wandancer.py","F:\一人公司\comfyui-production\staging\comfyui-v0.34.0\ComfyUI-0.34.0\comfy\ldm\wan\model_wandancer.py",".py","12483","0.012","0","2026/9/7 4:01:32","Archive"
"staging\comfyui-v0.34.0\ComfyUI-0.34.0\comfy\ldm\wan\uni3c.py","F:\一人公司\comfyui-production\staging\comfyui-v0.34.0\ComfyUI-0.34.0\comfy\ldm\wan\uni3c.py",".py","6469","0.006","0","2026/9/7 4:01:32","Archive"
"staging\comfyui-v0.34.0\ComfyUI-0.34.0\comfy\ldm\wan\vae.py","F:\一人公司\comfyui-production\staging\comfyui-v0.34.0\ComfyUI-0.34.0\comfy\ldm\wan\vae.py",".py","17610","0.017","0","2026/9/7 4:01:32","Archive"
"staging\comfyui-v0.34.0\ComfyUI-0.34.0\comfy\ldm\wan\vae2_2.py","F:\一人公司\comfyui-production\staging\comfyui-v0.34.0\ComfyUI-0.34.0\comfy\ldm\wan\vae2_2.py",".py","22621","0.022","0","2026/9/7 4:01:32","Archive"
"staging\comfyui-v0.34.0\ComfyUI-0.34.0\comfy\ldm\__pycache__\common_dit.cpython-312.pyc","F:\一人公司\comfyui-production\staging\comfyui-v0.34.0\ComfyUI-0.34.0\comfy\ldm\__pycache__\common_dit.cpython-312.pyc",".pyc","1146","0.001","0","2026/9/7 4:02:03","Archive"
"staging\comfyui-v0.34.0\ComfyUI-0.34.0\comfy\ldm\__pycache__\util.cpython-312.pyc","F:\一人公司\comfyui-production\staging\comfyui-v0.34.0\ComfyUI-0.34.0\comfy\ldm\__pycache__\util.cpython-312.pyc",".pyc","10323","0.01","0","2026/9/7 4:02:04","Archive"
"staging\comfyui-v0.34.0\ComfyUI-0.34.0\comfy\sd1_tokenizer\merges.txt","F:\一人公司\comfyui-production\staging\comfyui-v0.34.0\ComfyUI-0.34.0\comfy\sd1_tokenizer\merges.txt",".txt","524619","0.5","0.0005","2026/9/7 4:01:32","Archive"
"staging\comfyui-v0.34.0\ComfyUI-0.34.0\comfy\sd1_tokenizer\special_tokens_map.json","F:\一人公司\comfyui-production\staging\comfyui-v0.34.0\ComfyUI-0.34.0\comfy\sd1_tokenizer\special_tokens_map.json",".json","472","0","0","2026/9/7 4:01:32","Archive"
"staging\comfyui-v0.34.0\ComfyUI-0.34.0\comfy\sd1_tokenizer\tokenizer_config.json","F:\一人公司\comfyui-production\staging\comfyui-v0.34.0\ComfyUI-0.34.0\comfy\sd1_tokenizer\tokenizer_config.json",".json","808","0.001","0","2026/9/7 4:01:32","Archive"
"staging\comfyui-v0.34.0\ComfyUI-0.34.0\comfy\sd1_tokenizer\vocab.json","F:\一人公司\comfyui-production\staging\comfyui-v0.34.0\ComfyUI-0.34.0\comfy\sd1_tokenizer\vocab.json",".json","1059962","1.011","0.001","2026/9/7 4:01:32","Archive"
"staging\comfyui-v0.34.0\ComfyUI-0.34.0\comfy\t2i_adapter\adapter.py","F:\一人公司\comfyui-production\staging\comfyui-v0.34.0\ComfyUI-0.34.0\comfy\t2i_adapter\adapter.py",".py","10054","0.01","0","2026/9/7 4:01:32","Archive"
"staging\comfyui-v0.34.0\ComfyUI-0.34.0\comfy\taesd\taehv.py","F:\一人公司\comfyui-production\staging\comfyui-v0.34.0\ComfyUI-0.34.0\comfy\taesd\taehv.py",".py","11063","0.011","0","2026/9/7 4:01:32","Archive"
"staging\comfyui-v0.34.0\ComfyUI-0.34.0\comfy\taesd\taesd.py","F:\一人公司\comfyui-production\staging\comfyui-v0.34.0\ComfyUI-0.34.0\comfy\taesd\taesd.py",".py","5409","0.005","0","2026/9/7 4:01:32","Archive"
"staging\comfyui-v0.34.0\ComfyUI-0.34.0\comfy\text_encoders\ace.py","F:\一人公司\comfyui-production\staging\comfyui-v0.34.0\ComfyUI-0.34.0\comfy\text_encoders\ace.py",".py","6323","0.006","0","2026/9/7 4:01:32","Archive"
"staging\comfyui-v0.34.0\ComfyUI-0.34.0\comfy\text_encoders\ace15.py","F:\一人公司\comfyui-production\staging\comfyui-v0.34.0\ComfyUI-0.34.0\comfy\text_encoders\ace15.py",".py","18753","0.018","0","2026/9/7 4:01:32","Archive"
"staging\comfyui-v0.34.0\ComfyUI-0.34.0\comfy\text_encoders\ace_text_cleaners.py","F:\一人公司\comfyui-production\staging\comfyui-v0.34.0\ComfyUI-0.34.0\comfy\text_encoders\ace_text_cleaners.py",".py","13349","0.013","0","2026/9/7 4:01:32","Archive"
"staging\comfyui-v0.34.0\ComfyUI-0.34.0\comfy\text_encoders\anima.py","F:\一人公司\comfyui-production\staging\comfyui-v0.34.0\ComfyUI-0.34.0\comfy\text_encoders\anima.py",".py","3862","0.004","0","2026/9/7 4:01:32","Archive"
"staging\comfyui-v0.34.0\ComfyUI-0.34.0\comfy\text_encoders\aura_t5.py","F:\一人公司\comfyui-production\staging\comfyui-v0.34.0\ComfyUI-0.34.0\comfy\text_encoders\aura_t5.py",".py","1694","0.002","0","2026/9/7 4:01:32","Archive"
"staging\comfyui-v0.34.0\ComfyUI-0.34.0\comfy\text_encoders\bert.py","F:\一人公司\comfyui-production\staging\comfyui-v0.34.0\ComfyUI-0.34.0\comfy\text_encoders\bert.py",".py","6821","0.007","0","2026/9/7 4:01:32","Archive"
"staging\comfyui-v0.34.0\ComfyUI-0.34.0\comfy\text_encoders\boogu.py","F:\一人公司\comfyui-production\staging\comfyui-v0.34.0\ComfyUI-0.34.0\comfy\text_encoders\boogu.py",".py","3891","0.004","0","2026/9/7 4:01:32","Archive"
"staging\comfyui-v0.34.0\ComfyUI-0.34.0\comfy\text_encoders\bpe_tokenizer.py","F:\一人公司\comfyui-production\staging\comfyui-v0.34.0\ComfyUI-0.34.0\comfy\text_encoders\bpe_tokenizer.py",".py","11241","0.011","0","2026/9/7 4:01:32","Archive"
"staging\comfyui-v0.34.0\ComfyUI-0.34.0\comfy\text_encoders\byt5_config_small_glyph.json","F:\一人公司\comfyui-production\staging\comfyui-v0.34.0\ComfyUI-0.34.0\comfy\text_encoders\byt5_config_small_glyph.json",".json","505","0","0","2026/9/7 4:01:32","Archive"
"staging\comfyui-v0.34.0\ComfyUI-0.34.0\comfy\text_encoders\cogvideo.py","F:\一人公司\comfyui-production\staging\comfyui-v0.34.0\ComfyUI-0.34.0\comfy\text_encoders\cogvideo.py",".py","2338","0.002","0","2026/9/7 4:01:32","Archive"
"staging\comfyui-v0.34.0\ComfyUI-0.34.0\comfy\text_encoders\cosmos.py","F:\一人公司\comfyui-production\staging\comfyui-v0.34.0\ComfyUI-0.34.0\comfy\text_encoders\cosmos.py",".py","2551","0.002","0","2026/9/7 4:01:32","Archive"
"staging\comfyui-v0.34.0\ComfyUI-0.34.0\comfy\text_encoders\ernie.py","F:\一人公司\comfyui-production\staging\comfyui-v0.34.0\ComfyUI-0.34.0\comfy\text_encoders\ernie.py",".py","2334","0.002","0","2026/9/7 4:01:32","Archive"
"staging\comfyui-v0.34.0\ComfyUI-0.34.0\comfy\text_encoders\flux.py","F:\一人公司\comfyui-production\staging\comfyui-v0.34.0\ComfyUI-0.34.0\comfy\text_encoders\flux.py",".py","11480","0.011","0","2026/9/7 4:01:32","Archive"
"staging\comfyui-v0.34.0\ComfyUI-0.34.0\comfy\text_encoders\gemma4.py","F:\一人公司\comfyui-production\staging\comfyui-v0.34.0\ComfyUI-0.34.0\comfy\text_encoders\gemma4.py",".py","88444","0.084","0.0001","2026/9/7 4:01:32","Archive"
"staging\comfyui-v0.34.0\ComfyUI-0.34.0\comfy\text_encoders\genmo.py","F:\一人公司\comfyui-production\staging\comfyui-v0.34.0\ComfyUI-0.34.0\comfy\text_encoders\genmo.py",".py","1829","0.002","0","2026/9/7 4:01:32","Archive"
"staging\comfyui-v0.34.0\ComfyUI-0.34.0\comfy\text_encoders\gpt_oss.py","F:\一人公司\comfyui-production\staging\comfyui-v0.34.0\ComfyUI-0.34.0\comfy\text_encoders\gpt_oss.py",".py","25254","0.024","0","2026/9/7 4:01:32","Archive"
"staging\comfyui-v0.34.0\ComfyUI-0.34.0\comfy\text_encoders\hidream.py","F:\一人公司\comfyui-production\staging\comfyui-v0.34.0\ComfyUI-0.34.0\comfy\text_encoders\hidream.py",".py","7067","0.007","0","2026/9/7 4:01:32","Archive"
"staging\comfyui-v0.34.0\ComfyUI-0.34.0\comfy\text_encoders\hidream_o1.py","F:\一人公司\comfyui-production\staging\comfyui-v0.34.0\ComfyUI-0.34.0\comfy\text_encoders\hidream_o1.py",".py","4036","0.004","0","2026/9/7 4:01:32","Archive"
"staging\comfyui-v0.34.0\ComfyUI-0.34.0\comfy\text_encoders\hunyuan_image.py","F:\一人公司\comfyui-production\staging\comfyui-v0.34.0\ComfyUI-0.34.0\comfy\text_encoders\hunyuan_image.py",".py","5813","0.006","0","2026/9/7 4:01:32","Archive"
"staging\comfyui-v0.34.0\ComfyUI-0.34.0\comfy\text_encoders\hunyuan_video.py","F:\一人公司\comfyui-production\staging\comfyui-v0.34.0\ComfyUI-0.34.0\comfy\text_encoders\hunyuan_video.py",".py","9481","0.009","0","2026/9/7 4:01:32","Archive"
"staging\comfyui-v0.34.0\ComfyUI-0.34.0\comfy\text_encoders\hydit.py","F:\一人公司\comfyui-production\staging\comfyui-v0.34.0\ComfyUI-0.34.0\comfy\text_encoders\hydit.py",".py","4696","0.004","0","2026/9/7 4:01:32","Archive"
"staging\comfyui-v0.34.0\ComfyUI-0.34.0\comfy\text_encoders\hydit_clip.json","F:\一人公司\comfyui-production\staging\comfyui-v0.34.0\ComfyUI-0.34.0\comfy\text_encoders\hydit_clip.json",".json","897","0.001","0","2026/9/7 4:01:32","Archive"
"staging\comfyui-v0.34.0\ComfyUI-0.34.0\comfy\text_encoders\ideogram4.py","F:\一人公司\comfyui-production\staging\comfyui-v0.34.0\ComfyUI-0.34.0\comfy\text_encoders\ideogram4.py",".py","6423","0.006","0","2026/9/7 4:01:32","Archive"
"staging\comfyui-v0.34.0\ComfyUI-0.34.0\comfy\text_encoders\jina_clip_2.py","F:\一人公司\comfyui-production\staging\comfyui-v0.34.0\ComfyUI-0.34.0\comfy\text_encoders\jina_clip_2.py",".py","10826","0.01","0","2026/9/7 4:01:32","Archive"
"staging\comfyui-v0.34.0\ComfyUI-0.34.0\comfy\text_encoders\joyimage.py","F:\一人公司\comfyui-production\staging\comfyui-v0.34.0\ComfyUI-0.34.0\comfy\text_encoders\joyimage.py",".py","4376","0.004","0","2026/9/7 4:01:32","Archive"
"staging\comfyui-v0.34.0\ComfyUI-0.34.0\comfy\text_encoders\kandinsky5.py","F:\一人公司\comfyui-production\staging\comfyui-v0.34.0\ComfyUI-0.34.0\comfy\text_encoders\kandinsky5.py",".py","4324","0.004","0","2026/9/7 4:01:32","Archive"
"staging\comfyui-v0.34.0\ComfyUI-0.34.0\comfy\text_encoders\krea2.py","F:\一人公司\comfyui-production\staging\comfyui-v0.34.0\ComfyUI-0.34.0\comfy\text_encoders\krea2.py",".py","4368","0.004","0","2026/9/7 4:01:32","Archive"
"staging\comfyui-v0.34.0\ComfyUI-0.34.0\comfy\text_encoders\llama.py","F:\一人公司\comfyui-production\staging\comfyui-v0.34.0\ComfyUI-0.34.0\comfy\text_encoders\llama.py",".py","55886","0.053","0.0001","2026/9/7 4:01:32","Archive"
"staging\comfyui-v0.34.0\ComfyUI-0.34.0\comfy\text_encoders\longcat_image.py","F:\一人公司\comfyui-production\staging\comfyui-v0.34.0\ComfyUI-0.34.0\comfy\text_encoders\longcat_image.py",".py","7895","0.008","0","2026/9/7 4:01:32","Archive"
"staging\comfyui-v0.34.0\ComfyUI-0.34.0\comfy\text_encoders\long_clipl.py","F:\一人公司\comfyui-production\staging\comfyui-v0.34.0\ComfyUI-0.34.0\comfy\text_encoders\long_clipl.py",".py","1085","0.001","0","2026/9/7 4:01:32","Archive"
"staging\comfyui-v0.34.0\ComfyUI-0.34.0\comfy\text_encoders\lt.py","F:\一人公司\comfyui-production\staging\comfyui-v0.34.0\ComfyUI-0.34.0\comfy\text_encoders\lt.py",".py","16745","0.016","0","2026/9/7 4:01:32","Archive"
"staging\comfyui-v0.34.0\ComfyUI-0.34.0\comfy\text_encoders\lumina2.py","F:\一人公司\comfyui-production\staging\comfyui-v0.34.0\ComfyUI-0.34.0\comfy\text_encoders\lumina2.py",".py","5154","0.005","0","2026/9/7 4:01:32","Archive"
"staging\comfyui-v0.34.0\ComfyUI-0.34.0\comfy\text_encoders\mage_flow.py","F:\一人公司\comfyui-production\staging\comfyui-v0.34.0\ComfyUI-0.34.0\comfy\text_encoders\mage_flow.py",".py","5329","0.005","0","2026/9/7 4:01:32","Archive"
"staging\comfyui-v0.34.0\ComfyUI-0.34.0\comfy\text_encoders\minimax.py","F:\一人公司\comfyui-production\staging\comfyui-v0.34.0\ComfyUI-0.34.0\comfy\text_encoders\minimax.py",".py","10361","0.01","0","2026/9/7 4:01:32","Archive"
"staging\comfyui-v0.34.0\ComfyUI-0.34.0\comfy\text_encoders\minimax_music.py","F:\一人公司\comfyui-production\staging\comfyui-v0.34.0\ComfyUI-0.34.0\comfy\text_encoders\minimax_music.py",".py","5385","0.005","0","2026/9/7 4:01:32","Archive"
"staging\comfyui-v0.34.0\ComfyUI-0.34.0\comfy\text_encoders\mt5_config_xl.json","F:\一人公司\comfyui-production\staging\comfyui-v0.34.0\ComfyUI-0.34.0\comfy\text_encoders\mt5_config_xl.json",".json","510","0","0","2026/9/7 4:01:32","Archive"
"staging\comfyui-v0.34.0\ComfyUI-0.34.0\comfy\text_encoders\newbie.py","F:\一人公司\comfyui-production\staging\comfyui-v0.34.0\ComfyUI-0.34.0\comfy\text_encoders\newbie.py",".py","2911","0.003","0","2026/9/7 4:01:32","Archive"
"staging\comfyui-v0.34.0\ComfyUI-0.34.0\comfy\text_encoders\omnigen2.py","F:\一人公司\comfyui-production\staging\comfyui-v0.34.0\ComfyUI-0.34.0\comfy\text_encoders\omnigen2.py",".py","2732","0.003","0","2026/9/7 4:01:32","Archive"
"staging\comfyui-v0.34.0\ComfyUI-0.34.0\comfy\text_encoders\ovis.py","F:\一人公司\comfyui-production\staging\comfyui-v0.34.0\ComfyUI-0.34.0\comfy\text_encoders\ovis.py",".py","3660","0.003","0","2026/9/7 4:01:32","Archive"
"staging\comfyui-v0.34.0\ComfyUI-0.34.0\comfy\text_encoders\pixart_t5.py","F:\一人公司\comfyui-production\staging\comfyui-v0.34.0\ComfyUI-0.34.0\comfy\text_encoders\pixart_t5.py",".py","2146","0.002","0","2026/9/7 4:01:32","Archive"
"staging\comfyui-v0.34.0\ComfyUI-0.34.0\comfy\text_encoders\pixeldit.py","F:\一人公司\comfyui-production\staging\comfyui-v0.34.0\ComfyUI-0.34.0\comfy\text_encoders\pixeldit.py",".py","5261","0.005","0","2026/9/7 4:01:32","Archive"
"staging\comfyui-v0.34.0\ComfyUI-0.34.0\comfy\text_encoders\qwen35.py","F:\一人公司\comfyui-production\staging\comfyui-v0.34.0\ComfyUI-0.34.0\comfy\text_encoders\qwen35.py",".py","41370","0.039","0","2026/9/7 4:01:32","Archive"
"staging\comfyui-v0.34.0\ComfyUI-0.34.0\comfy\text_encoders\qwen3vl.py","F:\一人公司\comfyui-production\staging\comfyui-v0.34.0\ComfyUI-0.34.0\comfy\text_encoders\qwen3vl.py",".py","11549","0.011","0","2026/9/7 4:01:32","Archive"
"staging\comfyui-v0.34.0\ComfyUI-0.34.0\comfy\text_encoders\qwen_image.py","F:\一人公司\comfyui-production\staging\comfyui-v0.34.0\ComfyUI-0.34.0\comfy\text_encoders\qwen_image.py",".py","5442","0.005","0","2026/9/7 4:01:32","Archive"
"staging\comfyui-v0.34.0\ComfyUI-0.34.0\comfy\text_encoders\qwen_vl.py","F:\一人公司\comfyui-production\staging\comfyui-v0.34.0\ComfyUI-0.34.0\comfy\text_encoders\qwen_vl.py",".py","17764","0.017","0","2026/9/7 4:01:32","Archive"
"staging\comfyui-v0.34.0\ComfyUI-0.34.0\comfy\text_encoders\sa3.py","F:\一人公司\comfyui-production\staging\comfyui-v0.34.0\ComfyUI-0.34.0\comfy\text_encoders\sa3.py",".py","10160","0.01","0","2026/9/7 4:01:32","Archive"
"staging\comfyui-v0.34.0\ComfyUI-0.34.0\comfy\text_encoders\sam3_clip.py","F:\一人公司\comfyui-production\staging\comfyui-v0.34.0\ComfyUI-0.34.0\comfy\text_encoders\sam3_clip.py",".py","4227","0.004","0","2026/9/7 4:01:32","Archive"
"staging\comfyui-v0.34.0\ComfyUI-0.34.0\comfy\text_encoders\sa_t5.py","F:\一人公司\comfyui-production\staging\comfyui-v0.34.0\ComfyUI-0.34.0\comfy\text_encoders\sa_t5.py",".py","1625","0.002","0","2026/9/7 4:01:32","Archive"
"staging\comfyui-v0.34.0\ComfyUI-0.34.0\comfy\text_encoders\sd2_clip.py","F:\一人公司\comfyui-production\staging\comfyui-v0.34.0\ComfyUI-0.34.0\comfy\text_encoders\sd2_clip.py",".py","1521","0.001","0","2026/9/7 4:01:32","Archive"
"staging\comfyui-v0.34.0\ComfyUI-0.34.0\comfy\text_encoders\sd2_clip_config.json","F:\一人公司\comfyui-production\staging\comfyui-v0.34.0\ComfyUI-0.34.0\comfy\text_encoders\sd2_clip_config.json",".json","524","0","0","2026/9/7 4:01:32","Archive"
"staging\comfyui-v0.34.0\ComfyUI-0.34.0\comfy\text_encoders\sd3_clip.py","F:\一人公司\comfyui-production\staging\comfyui-v0.34.0\ComfyUI-0.34.0\comfy\text_encoders\sd3_clip.py",".py","7876","0.008","0","2026/9/7 4:01:32","Archive"
"staging\comfyui-v0.34.0\ComfyUI-0.34.0\comfy\text_encoders\spiece_tokenizer.py","F:\一人公司\comfyui-production\staging\comfyui-v0.34.0\ComfyUI-0.34.0\comfy\text_encoders\spiece_tokenizer.py",".py","2419","0.002","0","2026/9/7 4:01:32","Archive"
"staging\comfyui-v0.34.0\ComfyUI-0.34.0\comfy\text_encoders\t5.py","F:\一人公司\comfyui-production\staging\comfyui-v0.34.0\ComfyUI-0.34.0\comfy\text_encoders\t5.py",".py","12665","0.012","0","2026/9/7 4:01:32","Archive"
"staging\comfyui-v0.34.0\ComfyUI-0.34.0\comfy\text_encoders\t5_config_base.json","F:\一人公司\comfyui-production\staging\comfyui-v0.34.0\ComfyUI-0.34.0\comfy\text_encoders\t5_config_base.json",".json","495","0","0","2026/9/7 4:01:32","Archive"
"staging\comfyui-v0.34.0\ComfyUI-0.34.0\comfy\text_encoders\t5_config_xxl.json","F:\一人公司\comfyui-production\staging\comfyui-v0.34.0\ComfyUI-0.34.0\comfy\text_encoders\t5_config_xxl.json",".json","509","0","0","2026/9/7 4:01:32","Archive"
"staging\comfyui-v0.34.0\ComfyUI-0.34.0\comfy\text_encoders\t5_old_config_xxl.json","F:\一人公司\comfyui-production\staging\comfyui-v0.34.0\ComfyUI-0.34.0\comfy\text_encoders\t5_old_config_xxl.json",".json","499","0","0","2026/9/7 4:01:32","Archive"
"staging\comfyui-v0.34.0\ComfyUI-0.34.0\comfy\text_encoders\t5_pile_config_xl.json","F:\一人公司\comfyui-production\staging\comfyui-v0.34.0\ComfyUI-0.34.0\comfy\text_encoders\t5_pile_config_xl.json",".json","510","0","0","2026/9/7 4:01:32","Archive"
"staging\comfyui-v0.34.0\ComfyUI-0.34.0\comfy\text_encoders\umt5_config_base.json","F:\一人公司\comfyui-production\staging\comfyui-v0.34.0\ComfyUI-0.34.0\comfy\text_encoders\umt5_config_base.json",".json","510","0","0","2026/9/7 4:01:32","Archive"
"staging\comfyui-v0.34.0\ComfyUI-0.34.0\comfy\text_encoders\umt5_config_xxl.json","F:\一人公司\comfyui-production\staging\comfyui-v0.34.0\ComfyUI-0.34.0\comfy\text_encoders\umt5_config_xxl.json",".json","512","0","0","2026/9/7 4:01:32","Archive"
"staging\comfyui-v0.34.0\ComfyUI-0.34.0\comfy\text_encoders\wan.py","F:\一人公司\comfyui-production\staging\comfyui-v0.34.0\ComfyUI-0.34.0\comfy\text_encoders\wan.py",".py","2232","0.002","0","2026/9/7 4:01:32","Archive"
"staging\comfyui-v0.34.0\ComfyUI-0.34.0\comfy\text_encoders\z_image.py","F:\一人公司\comfyui-production\staging\comfyui-v0.34.0\ComfyUI-0.34.0\comfy\text_encoders\z_image.py",".py","2702","0.003","0","2026/9/7 4:01:32","Archive"
"staging\comfyui-v0.34.0\ComfyUI-0.34.0\comfy\text_encoders\ace_lyrics_tokenizer\vocab.json","F:\一人公司\comfyui-production\staging\comfyui-v0.34.0\ComfyUI-0.34.0\comfy\text_encoders\ace_lyrics_tokenizer\vocab.json",".json","364005","0.347","0.0003","2026/9/7 4:01:32","Archive"
"staging\comfyui-v0.34.0\ComfyUI-0.34.0\comfy\text_encoders\byt5_tokenizer\added_tokens.json","F:\一人公司\comfyui-production\staging\comfyui-v0.34.0\ComfyUI-0.34.0\comfy\text_encoders\byt5_tokenizer\added_tokens.json",".json","3018","0.003","0","2026/9/7 4:01:32","Archive"
"staging\comfyui-v0.34.0\ComfyUI-0.34.0\comfy\text_encoders\byt5_tokenizer\special_tokens_map.json","F:\一人公司\comfyui-production\staging\comfyui-v0.34.0\ComfyUI-0.34.0\comfy\text_encoders\byt5_tokenizer\special_tokens_map.json",".json","3090","0.003","0","2026/9/7 4:01:32","Archive"
"staging\comfyui-v0.34.0\ComfyUI-0.34.0\comfy\text_encoders\byt5_tokenizer\tokenizer_config.json","F:\一人公司\comfyui-production\staging\comfyui-v0.34.0\ComfyUI-0.34.0\comfy\text_encoders\byt5_tokenizer\tokenizer_config.json",".json","25602","0.024","0","2026/9/7 4:01:32","Archive"
"staging\comfyui-v0.34.0\ComfyUI-0.34.0\comfy\text_encoders\hydit_clip_tokenizer\special_tokens_map.json","F:\一人公司\comfyui-production\staging\comfyui-v0.34.0\ComfyUI-0.34.0\comfy\text_encoders\hydit_clip_tokenizer\special_tokens_map.json",".json","125","0","0","2026/9/7 4:01:32","Archive"
"staging\comfyui-v0.34.0\ComfyUI-0.34.0\comfy\text_encoders\hydit_clip_tokenizer\tokenizer_config.json","F:\一人公司\comfyui-production\staging\comfyui-v0.34.0\ComfyUI-0.34.0\comfy\text_encoders\hydit_clip_tokenizer\tokenizer_config.json",".json","559","0.001","0","2026/9/7 4:01:32","Archive"
"staging\comfyui-v0.34.0\ComfyUI-0.34.0\comfy\text_encoders\hydit_clip_tokenizer\vocab.txt","F:\一人公司\comfyui-production\staging\comfyui-v0.34.0\ComfyUI-0.34.0\comfy\text_encoders\hydit_clip_tokenizer\vocab.txt",".txt","316627","0.302","0.0003","2026/9/7 4:01:32","Archive"
"staging\comfyui-v0.34.0\ComfyUI-0.34.0\comfy\text_encoders\llama_tokenizer\tokenizer.json","F:\一人公司\comfyui-production\staging\comfyui-v0.34.0\ComfyUI-0.34.0\comfy\text_encoders\llama_tokenizer\tokenizer.json",".json","9085835","8.665","0.0085","2026/9/7 4:01:32","Archive"
"staging\comfyui-v0.34.0\ComfyUI-0.34.0\comfy\text_encoders\llama_tokenizer\tokenizer_config.json","F:\一人公司\comfyui-production\staging\comfyui-v0.34.0\ComfyUI-0.34.0\comfy\text_encoders\llama_tokenizer\tokenizer_config.json",".json","51699","0.049","0","2026/9/7 4:01:32","Archive"
"staging\comfyui-v0.34.0\ComfyUI-0.34.0\comfy\text_encoders\qwen25_tokenizer\merges.txt","F:\一人公司\comfyui-production\staging\comfyui-v0.34.0\ComfyUI-0.34.0\comfy\text_encoders\qwen25_tokenizer\merges.txt",".txt","1671853","1.594","0.0016","2026/9/7 4:01:32","Archive"
"staging\comfyui-v0.34.0\ComfyUI-0.34.0\comfy\text_encoders\qwen25_tokenizer\tokenizer_config.json","F:\一人公司\comfyui-production\staging\comfyui-v0.34.0\ComfyUI-0.34.0\comfy\text_encoders\qwen25_tokenizer\tokenizer_config.json",".json","8018","0.008","0","2026/9/7 4:01:32","Archive"
"staging\comfyui-v0.34.0\ComfyUI-0.34.0\comfy\text_encoders\qwen25_tokenizer\vocab.json","F:\一人公司\comfyui-production\staging\comfyui-v0.34.0\ComfyUI-0.34.0\comfy\text_encoders\qwen25_tokenizer\vocab.json",".json","2776833","2.648","0.0026","2026/9/7 4:01:32","Archive"
"staging\comfyui-v0.34.0\ComfyUI-0.34.0\comfy\text_encoders\qwen35_tokenizer\merges.txt","F:\一人公司\comfyui-production\staging\comfyui-v0.34.0\ComfyUI-0.34.0\comfy\text_encoders\qwen35_tokenizer\merges.txt",".txt","3353259","3.198","0.0031","2026/9/7 4:01:32","Archive"
"staging\comfyui-v0.34.0\ComfyUI-0.34.0\comfy\text_encoders\qwen35_tokenizer\tokenizer_config.json","F:\一人公司\comfyui-production\staging\comfyui-v0.34.0\ComfyUI-0.34.0\comfy\text_encoders\qwen35_tokenizer\tokenizer_config.json",".json","16709","0.016","0","2026/9/7 4:01:32","Archive"
"staging\comfyui-v0.34.0\ComfyUI-0.34.0\comfy\text_encoders\qwen35_tokenizer\vocab.json","F:\一人公司\comfyui-production\staging\comfyui-v0.34.0\ComfyUI-0.34.0\comfy\text_encoders\qwen35_tokenizer\vocab.json",".json","6722759","6.411","0.0063","2026/9/7 4:01:32","Archive"
"staging\comfyui-v0.34.0\ComfyUI-0.34.0\comfy\text_encoders\t5_pile_tokenizer\tokenizer.model","F:\一人公司\comfyui-production\staging\comfyui-v0.34.0\ComfyUI-0.34.0\comfy\text_encoders\t5_pile_tokenizer\tokenizer.model",".model","499723","0.477","0.0005","2026/9/7 4:01:32","Archive"
"staging\comfyui-v0.34.0\ComfyUI-0.34.0\comfy\text_encoders\t5_tokenizer\special_tokens_map.json","F:\一人公司\comfyui-production\staging\comfyui-v0.34.0\ComfyUI-0.34.0\comfy\text_encoders\t5_tokenizer\special_tokens_map.json",".json","2543","0.002","0","2026/9/7 4:01:32","Archive"
"staging\comfyui-v0.34.0\ComfyUI-0.34.0\comfy\text_encoders\t5_tokenizer\tokenizer.json","F:\一人公司\comfyui-production\staging\comfyui-v0.34.0\ComfyUI-0.34.0\comfy\text_encoders\t5_tokenizer\tokenizer.json",".json","2424256","2.312","0.0023","2026/9/7 4:01:32","Archive"
"staging\comfyui-v0.34.0\ComfyUI-0.34.0\comfy\text_encoders\t5_tokenizer\tokenizer_config.json","F:\一人公司\comfyui-production\staging\comfyui-v0.34.0\ComfyUI-0.34.0\comfy\text_encoders\t5_tokenizer\tokenizer_config.json",".json","20790","0.02","0","2026/9/7 4:01:32","Archive"
"staging\comfyui-v0.34.0\ComfyUI-0.34.0\comfy\weight_adapter\base.py","F:\一人公司\comfyui-production\staging\comfyui-v0.34.0\ComfyUI-0.34.0\comfy\weight_adapter\base.py",".py","12559","0.012","0","2026/9/7 4:01:32","Archive"
"staging\comfyui-v0.34.0\ComfyUI-0.34.0\comfy\weight_adapter\boft.py","F:\一人公司\comfyui-production\staging\comfyui-v0.34.0\ComfyUI-0.34.0\comfy\weight_adapter\boft.py",".py","6938","0.007","0","2026/9/7 4:01:32","Archive"
"staging\comfyui-v0.34.0\ComfyUI-0.34.0\comfy\weight_adapter\bypass.py","F:\一人公司\comfyui-production\staging\comfyui-v0.34.0\ComfyUI-0.34.0\comfy\weight_adapter\bypass.py",".py","16599","0.016","0","2026/9/7 4:01:32","Archive"
"staging\comfyui-v0.34.0\ComfyUI-0.34.0\comfy\weight_adapter\glora.py","F:\一人公司\comfyui-production\staging\comfyui-v0.34.0\ComfyUI-0.34.0\comfy\weight_adapter\glora.py",".py","9717","0.009","0","2026/9/7 4:01:32","Archive"
"staging\comfyui-v0.34.0\ComfyUI-0.34.0\comfy\weight_adapter\loha.py","F:\一人公司\comfyui-production\staging\comfyui-v0.34.0\ComfyUI-0.34.0\comfy\weight_adapter\loha.py",".py","12945","0.012","0","2026/9/7 4:01:32","Archive"
"staging\comfyui-v0.34.0\ComfyUI-0.34.0\comfy\weight_adapter\lokr.py","F:\一人公司\comfyui-production\staging\comfyui-v0.34.0\ComfyUI-0.34.0\comfy\weight_adapter\lokr.py",".py","15709","0.015","0","2026/9/7 4:01:32","Archive"
"staging\comfyui-v0.34.0\ComfyUI-0.34.0\comfy\weight_adapter\lora.py","F:\一人公司\comfyui-production\staging\comfyui-v0.34.0\ComfyUI-0.34.0\comfy\weight_adapter\lora.py",".py","13419","0.013","0","2026/9/7 4:01:32","Archive"
"staging\comfyui-v0.34.0\ComfyUI-0.34.0\comfy\weight_adapter\oft.py","F:\一人公司\comfyui-production\staging\comfyui-v0.34.0\ComfyUI-0.34.0\comfy\weight_adapter\oft.py",".py","11266","0.011","0","2026/9/7 4:01:32","Archive"
"staging\comfyui-v0.34.0\ComfyUI-0.34.0\comfy\weight_adapter\__init__.py","F:\一人公司\comfyui-production\staging\comfyui-v0.34.0\ComfyUI-0.34.0\comfy\weight_adapter\__init__.py",".py","1004","0.001","0","2026/9/7 4:01:32","Archive"
"staging\comfyui-v0.34.0\ComfyUI-0.34.0\comfy\__pycache__\cli_args.cpython-312.pyc","F:\一人公司\comfyui-production\staging\comfyui-v0.34.0\ComfyUI-0.34.0\comfy\__pycache__\cli_args.cpython-312.pyc",".pyc","26828","0.026","0","2026/9/7 4:02:03","Archive"
"staging\comfyui-v0.34.0\ComfyUI-0.34.0\comfy\__pycache__\float.cpython-312.pyc","F:\一人公司\comfyui-production\staging\comfyui-v0.34.0\ComfyUI-0.34.0\comfy\__pycache__\float.cpython-312.pyc",".pyc","15383","0.015","0","2026/9/7 4:02:04","Archive"
"staging\comfyui-v0.34.0\ComfyUI-0.34.0\comfy\__pycache__\internal_logging.cpython-312.pyc","F:\一人公司\comfyui-production\staging\comfyui-v0.34.0\ComfyUI-0.34.0\comfy\__pycache__\internal_logging.cpython-312.pyc",".pyc","618","0.001","0","2026/9/7 4:02:04","Archive"
"staging\comfyui-v0.34.0\ComfyUI-0.34.0\comfy\__pycache__\memory_management.cpython-312.pyc","F:\一人公司\comfyui-production\staging\comfyui-v0.34.0\ComfyUI-0.34.0\comfy\__pycache__\memory_management.cpython-312.pyc",".pyc","9894","0.009","0","2026/9/7 4:02:03","Archive"
"staging\comfyui-v0.34.0\ComfyUI-0.34.0\comfy\__pycache__\model_management.cpython-312.pyc","F:\一人公司\comfyui-production\staging\comfyui-v0.34.0\ComfyUI-0.34.0\comfy\__pycache__\model_management.cpython-312.pyc",".pyc","89546","0.085","0.0001","2026/9/7 4:02:03","Archive"
"staging\comfyui-v0.34.0\ComfyUI-0.34.0\comfy\__pycache__\model_prefetch.cpython-312.pyc","F:\一人公司\comfyui-production\staging\comfyui-v0.34.0\ComfyUI-0.34.0\comfy\__pycache__\model_prefetch.cpython-312.pyc",".pyc","8146","0.008","0","2026/9/7 4:02:04","Archive"
"staging\comfyui-v0.34.0\ComfyUI-0.34.0\comfy\__pycache__\ops.cpython-312.pyc","F:\一人公司\comfyui-production\staging\comfyui-v0.34.0\ComfyUI-0.34.0\comfy\__pycache__\ops.cpython-312.pyc",".pyc","93480","0.089","0.0001","2026/9/7 4:02:04","Archive"
"staging\comfyui-v0.34.0\ComfyUI-0.34.0\comfy\__pycache__\options.cpython-312.pyc","F:\一人公司\comfyui-production\staging\comfyui-v0.34.0\ComfyUI-0.34.0\comfy\__pycache__\options.cpython-312.pyc",".pyc","344","0","0","2026/9/7 4:02:03","Archive"
"staging\comfyui-v0.34.0\ComfyUI-0.34.0\comfy\__pycache__\patcher_extension.cpython-312.pyc","F:\一人公司\comfyui-production\staging\comfyui-v0.34.0\ComfyUI-0.34.0\comfy\__pycache__\patcher_extension.cpython-312.pyc",".pyc","9669","0.009","0","2026/9/7 4:02:04","Archive"
"staging\comfyui-v0.34.0\ComfyUI-0.34.0\comfy\__pycache__\pinned_memory.cpython-312.pyc","F:\一人公司\comfyui-production\staging\comfyui-v0.34.0\ComfyUI-0.34.0\comfy\__pycache__\pinned_memory.cpython-312.pyc",".pyc","6551","0.006","0","2026/9/7 4:02:04","Archive"
"staging\comfyui-v0.34.0\ComfyUI-0.34.0\comfy\__pycache__\quant_ops.cpython-312.pyc","F:\一人公司\comfyui-production\staging\comfyui-v0.34.0\ComfyUI-0.34.0\comfy\__pycache__\quant_ops.cpython-312.pyc",".pyc","13120","0.013","0","2026/9/7 4:02:03","Archive"
"staging\comfyui-v0.34.0\ComfyUI-0.34.0\comfy\__pycache__\rmsnorm.cpython-312.pyc","F:\一人公司\comfyui-production\staging\comfyui-v0.34.0\ComfyUI-0.34.0\comfy\__pycache__\rmsnorm.cpython-312.pyc",".pyc","1056","0.001","0","2026/9/7 4:02:03","Archive"
"staging\comfyui-v0.34.0\ComfyUI-0.34.0\comfy\__pycache__\utils.cpython-312.pyc","F:\一人公司\comfyui-production\staging\comfyui-v0.34.0\ComfyUI-0.34.0\comfy\__pycache__\utils.cpython-312.pyc",".pyc","76143","0.073","0.0001","2026/9/7 4:02:04","Archive"
"staging\comfyui-v0.34.0\ComfyUI-0.34.0\comfy_api\feature_flags.py","F:\一人公司\comfyui-production\staging\comfyui-v0.34.0\ComfyUI-0.34.0\comfy_api\feature_flags.py",".py","5039","0.005","0","2026/9/7 4:01:32","Archive"
"staging\comfyui-v0.34.0\ComfyUI-0.34.0\comfy_api\generate_api_stubs.py","F:\一人公司\comfyui-production\staging\comfyui-v0.34.0\ComfyUI-0.34.0\comfy_api\generate_api_stubs.py",".py","2869","0.003","0","2026/9/7 4:01:32","Archive"
"staging\comfyui-v0.34.0\ComfyUI-0.34.0\comfy_api\util.py","F:\一人公司\comfyui-production\staging\comfyui-v0.34.0\ComfyUI-0.34.0\comfy_api\util.py",".py","210","0","0","2026/9/7 4:01:32","Archive"
"staging\comfyui-v0.34.0\ComfyUI-0.34.0\comfy_api\version_list.py","F:\一人公司\comfyui-production\staging\comfyui-v0.34.0\ComfyUI-0.34.0\comfy_api\version_list.py",".py","323","0","0","2026/9/7 4:01:32","Archive"
"staging\comfyui-v0.34.0\ComfyUI-0.34.0\comfy_api\input\basic_types.py","F:\一人公司\comfyui-production\staging\comfyui-v0.34.0\ComfyUI-0.34.0\comfy_api\input\basic_types.py",".py","256","0","0","2026/9/7 4:01:32","Archive"
"staging\comfyui-v0.34.0\ComfyUI-0.34.0\comfy_api\input\video_types.py","F:\一人公司\comfyui-production\staging\comfyui-v0.34.0\ComfyUI-0.34.0\comfy_api\input\video_types.py",".py","145","0","0","2026/9/7 4:01:32","Archive"
"staging\comfyui-v0.34.0\ComfyUI-0.34.0\comfy_api\input\__init__.py","F:\一人公司\comfyui-production\staging\comfyui-v0.34.0\ComfyUI-0.34.0\comfy_api\input\__init__.py",".py","466","0","0","2026/9/7 4:01:32","Archive"
"staging\comfyui-v0.34.0\ComfyUI-0.34.0\comfy_api\input_impl\video_types.py","F:\一人公司\comfyui-production\staging\comfyui-v0.34.0\ComfyUI-0.34.0\comfy_api\input_impl\video_types.py",".py","122","0","0","2026/9/7 4:01:32","Archive"
"staging\comfyui-v0.34.0\ComfyUI-0.34.0\comfy_api\input_impl\__init__.py","F:\一人公司\comfyui-production\staging\comfyui-v0.34.0\ComfyUI-0.34.0\comfy_api\input_impl\__init__.py",".py","192","0","0","2026/9/7 4:01:32","Archive"
"staging\comfyui-v0.34.0\ComfyUI-0.34.0\comfy_api\internal\api_registry.py","F:\一人公司\comfyui-production\staging\comfyui-v0.34.0\ComfyUI-0.34.0\comfy_api\internal\api_registry.py",".py","1061","0.001","0","2026/9/7 4:01:32","Archive"
"staging\comfyui-v0.34.0\ComfyUI-0.34.0\comfy_api\internal\async_to_sync.py","F:\一人公司\comfyui-production\staging\comfyui-v0.34.0\ComfyUI-0.34.0\comfy_api\internal\async_to_sync.py",".py","40498","0.039","0","2026/9/7 4:01:32","Archive"
"staging\comfyui-v0.34.0\ComfyUI-0.34.0\comfy_api\internal\singleton.py","F:\一人公司\comfyui-production\staging\comfyui-v0.34.0\ComfyUI-0.34.0\comfy_api\internal\singleton.py",".py","1116","0.001","0","2026/9/7 4:01:32","Archive"
"staging\comfyui-v0.34.0\ComfyUI-0.34.0\comfy_api\internal\__init__.py","F:\一人公司\comfyui-production\staging\comfyui-v0.34.0\ComfyUI-0.34.0\comfy_api\internal\__init__.py",".py","4913","0.005","0","2026/9/7 4:01:32","Archive"
"staging\comfyui-v0.34.0\ComfyUI-0.34.0\comfy_api\latest\_caching.py","F:\一人公司\comfyui-production\staging\comfyui-v0.34.0\ComfyUI-0.34.0\comfy_api\latest\_caching.py",".py","1186","0.001","0","2026/9/7 4:01:32","Archive"
"staging\comfyui-v0.34.0\ComfyUI-0.34.0\comfy_api\latest\_io.py","F:\一人公司\comfyui-production\staging\comfyui-v0.34.0\ComfyUI-0.34.0\comfy_api\latest\_io.py",".py","95099","0.091","0.0001","2026/9/7 4:01:32","Archive"
"staging\comfyui-v0.34.0\ComfyUI-0.34.0\comfy_api\latest\_io_public.py","F:\一人公司\comfyui-production\staging\comfyui-v0.34.0\ComfyUI-0.34.0\comfy_api\latest\_io_public.py",".py","33","0","0","2026/9/7 4:01:32","Archive"
"staging\comfyui-v0.34.0\ComfyUI-0.34.0\comfy_api\latest\_ui.py","F:\一人公司\comfyui-production\staging\comfyui-v0.34.0\ComfyUI-0.34.0\comfy_api\latest\_ui.py",".py","18366","0.018","0","2026/9/7 4:01:32","Archive"
"staging\comfyui-v0.34.0\ComfyUI-0.34.0\comfy_api\latest\_ui_public.py","F:\一人公司\comfyui-production\staging\comfyui-v0.34.0\ComfyUI-0.34.0\comfy_api\latest\_ui_public.py",".py","33","0","0","2026/9/7 4:01:32","Archive"
"staging\comfyui-v0.34.0\ComfyUI-0.34.0\comfy_api\latest\__init__.py","F:\一人公司\comfyui-production\staging\comfyui-v0.34.0\ComfyUI-0.34.0\comfy_api\latest\__init__.py",".py","6307","0.006","0","2026/9/7 4:01:32","Archive"
"staging\comfyui-v0.34.0\ComfyUI-0.34.0\comfy_api\latest\generated\ComfyAPISyncStub.pyi","F:\一人公司\comfyui-production\staging\comfyui-v0.34.0\ComfyUI-0.34.0\comfy_api\latest\generated\ComfyAPISyncStub.pyi",".pyi","867","0.001","0","2026/9/7 4:01:32","Archive"
"staging\comfyui-v0.34.0\ComfyUI-0.34.0\comfy_api\latest\_input\basic_types.py","F:\一人公司\comfyui-production\staging\comfyui-v0.34.0\ComfyUI-0.34.0\comfy_api\latest\_input\basic_types.py",".py","924","0.001","0","2026/9/7 4:01:32","Archive"
"staging\comfyui-v0.34.0\ComfyUI-0.34.0\comfy_api\latest\_input\curve_types.py","F:\一人公司\comfyui-production\staging\comfyui-v0.34.0\ComfyUI-0.34.0\comfy_api\latest\_input\curve_types.py",".py","7472","0.007","0","2026/9/7 4:01:32","Archive"
"staging\comfyui-v0.34.0\ComfyUI-0.34.0\comfy_api\latest\_input\range_types.py","F:\一人公司\comfyui-production\staging\comfyui-v0.34.0\ComfyUI-0.34.0\comfy_api\latest\_input\range_types.py",".py","2488","0.002","0","2026/9/7 4:01:32","Archive"
"staging\comfyui-v0.34.0\ComfyUI-0.34.0\comfy_api\latest\_input\video_types.py","F:\一人公司\comfyui-production\staging\comfyui-v0.34.0\ComfyUI-0.34.0\comfy_api\latest\_input\video_types.py",".py","5315","0.005","0","2026/9/7 4:01:32","Archive"
"staging\comfyui-v0.34.0\ComfyUI-0.34.0\comfy_api\latest\_input\__init__.py","F:\一人公司\comfyui-production\staging\comfyui-v0.34.0\ComfyUI-0.34.0\comfy_api\latest\_input\__init__.py",".py","429","0","0","2026/9/7 4:01:32","Archive"
"staging\comfyui-v0.34.0\ComfyUI-0.34.0\comfy_api\latest\_input_impl\video_types.py","F:\一人公司\comfyui-production\staging\comfyui-v0.34.0\ComfyUI-0.34.0\comfy_api\latest\_input_impl\video_types.py",".py","50857","0.049","0","2026/9/7 4:01:32","Archive"
"staging\comfyui-v0.34.0\ComfyUI-0.34.0\comfy_api\latest\_input_impl\__init__.py","F:\一人公司\comfyui-production\staging\comfyui-v0.34.0\ComfyUI-0.34.0\comfy_api\latest\_input_impl\__init__.py",".py","145","0","0","2026/9/7 4:01:32","Archive"
"staging\comfyui-v0.34.0\ComfyUI-0.34.0\comfy_api\latest\_util\geometry_types.py","F:\一人公司\comfyui-production\staging\comfyui-v0.34.0\ComfyUI-0.34.0\comfy_api\latest\_util\geometry_types.py",".py","6425","0.006","0","2026/9/7 4:01:32","Archive"
"staging\comfyui-v0.34.0\ComfyUI-0.34.0\comfy_api\latest\_util\image_types.py","F:\一人公司\comfyui-production\staging\comfyui-v0.34.0\ComfyUI-0.34.0\comfy_api\latest\_util\image_types.py",".py","487","0","0","2026/9/7 4:01:32","Archive"
"staging\comfyui-v0.34.0\ComfyUI-0.34.0\comfy_api\latest\_util\video_types.py","F:\一人公司\comfyui-production\staging\comfyui-v0.34.0\ComfyUI-0.34.0\comfy_api\latest\_util\video_types.py",".py","1468","0.001","0","2026/9/7 4:01:32","Archive"
"staging\comfyui-v0.34.0\ComfyUI-0.34.0\comfy_api\latest\_util\__init__.py","F:\一人公司\comfyui-production\staging\comfyui-v0.34.0\ComfyUI-0.34.0\comfy_api\latest\_util\__init__.py",".py","314","0","0","2026/9/7 4:01:32","Archive"
"staging\comfyui-v0.34.0\ComfyUI-0.34.0\comfy_api\torch_helpers\torch_compile.py","F:\一人公司\comfyui-production\staging\comfyui-v0.34.0\ComfyUI-0.34.0\comfy_api\torch_helpers\torch_compile.py",".py","2800","0.003","0","2026/9/7 4:01:32","Archive"
"staging\comfyui-v0.34.0\ComfyUI-0.34.0\comfy_api\torch_helpers\__init__.py","F:\一人公司\comfyui-production\staging\comfyui-v0.34.0\ComfyUI-0.34.0\comfy_api\torch_helpers\__init__.py",".py","101","0","0","2026/9/7 4:01:32","Archive"
"staging\comfyui-v0.34.0\ComfyUI-0.34.0\comfy_api\util\video_types.py","F:\一人公司\comfyui-production\staging\comfyui-v0.34.0\ComfyUI-0.34.0\comfy_api\util\video_types.py",".py","239","0","0","2026/9/7 4:01:32","Archive"
"staging\comfyui-v0.34.0\ComfyUI-0.34.0\comfy_api\util\__init__.py","F:\一人公司\comfyui-production\staging\comfyui-v0.34.0\ComfyUI-0.34.0\comfy_api\util\__init__.py",".py","210","0","0","2026/9/7 4:01:32","Archive"
"staging\comfyui-v0.34.0\ComfyUI-0.34.0\comfy_api\v0_0_1\__init__.py","F:\一人公司\comfyui-production\staging\comfyui-v0.34.0\ComfyUI-0.34.0\comfy_api\v0_0_1\__init__.py",".py","977","0.001","0","2026/9/7 4:01:32","Archive"
"staging\comfyui-v0.34.0\ComfyUI-0.34.0\comfy_api\v0_0_1\generated\ComfyAPISyncStub.pyi","F:\一人公司\comfyui-production\staging\comfyui-v0.34.0\ComfyUI-0.34.0\comfy_api\v0_0_1\generated\ComfyAPISyncStub.pyi",".pyi","874","0.001","0","2026/9/7 4:01:32","Archive"
"staging\comfyui-v0.34.0\ComfyUI-0.34.0\comfy_api\v0_0_2\__init__.py","F:\一人公司\comfyui-production\staging\comfyui-v0.34.0\ComfyUI-0.34.0\comfy_api\v0_0_2\__init__.py",".py","975","0.001","0","2026/9/7 4:01:32","Archive"
"staging\comfyui-v0.34.0\ComfyUI-0.34.0\comfy_api\v0_0_2\generated\ComfyAPISyncStub.pyi","F:\一人公司\comfyui-production\staging\comfyui-v0.34.0\ComfyUI-0.34.0\comfy_api\v0_0_2\generated\ComfyAPISyncStub.pyi",".pyi","874","0.001","0","2026/9/7 4:01:32","Archive"
"staging\comfyui-v0.34.0\ComfyUI-0.34.0\comfy_api_nodes\nodes_anthropic.py","F:\一人公司\comfyui-production\staging\comfyui-v0.34.0\ComfyUI-0.34.0\comfy_api_nodes\nodes_anthropic.py",".py","12670","0.012","0","2026/9/7 4:01:32","Archive"
"staging\comfyui-v0.34.0\ComfyUI-0.34.0\comfy_api_nodes\nodes_beeble.py","F:\一人公司\comfyui-production\staging\comfyui-v0.34.0\ComfyUI-0.34.0\comfy_api_nodes\nodes_beeble.py",".py","14763","0.014","0","2026/9/7 4:01:32","Archive"
"staging\comfyui-v0.34.0\ComfyUI-0.34.0\comfy_api_nodes\nodes_bfl.py","F:\一人公司\comfyui-production\staging\comfyui-v0.34.0\ComfyUI-0.34.0\comfy_api_nodes\nodes_bfl.py",".py","56824","0.054","0.0001","2026/9/7 4:01:32","Archive"
"staging\comfyui-v0.34.0\ComfyUI-0.34.0\comfy_api_nodes\nodes_bria.py","F:\一人公司\comfyui-production\staging\comfyui-v0.34.0\ComfyUI-0.34.0\comfy_api_nodes\nodes_bria.py",".py","45817","0.044","0","2026/9/7 4:01:32","Archive"
"staging\comfyui-v0.34.0\ComfyUI-0.34.0\comfy_api_nodes\nodes_bytedance.py","F:\一人公司\comfyui-production\staging\comfyui-v0.34.0\ComfyUI-0.34.0\comfy_api_nodes\nodes_bytedance.py",".py","164298","0.157","0.0002","2026/9/7 4:01:32","Archive"
"staging\comfyui-v0.34.0\ComfyUI-0.34.0\comfy_api_nodes\nodes_bytedance_llm.py","F:\一人公司\comfyui-production\staging\comfyui-v0.34.0\ComfyUI-0.34.0\comfy_api_nodes\nodes_bytedance_llm.py",".py","8889","0.008","0","2026/9/7 4:01:32","Archive"
"staging\comfyui-v0.34.0\ComfyUI-0.34.0\comfy_api_nodes\nodes_elevenlabs.py","F:\一人公司\comfyui-production\staging\comfyui-v0.34.0\ComfyUI-0.34.0\comfy_api_nodes\nodes_elevenlabs.py",".py","36793","0.035","0","2026/9/7 4:01:32","Archive"
"staging\comfyui-v0.34.0\ComfyUI-0.34.0\comfy_api_nodes\nodes_fishaudio.py","F:\一人公司\comfyui-production\staging\comfyui-v0.34.0\ComfyUI-0.34.0\comfy_api_nodes\nodes_fishaudio.py",".py","16972","0.016","0","2026/9/7 4:01:32","Archive"
"staging\comfyui-v0.34.0\ComfyUI-0.34.0\comfy_api_nodes\nodes_gemini.py","F:\一人公司\comfyui-production\staging\comfyui-v0.34.0\ComfyUI-0.34.0\comfy_api_nodes\nodes_gemini.py",".py","70184","0.067","0.0001","2026/9/7 4:01:32","Archive"
"staging\comfyui-v0.34.0\ComfyUI-0.34.0\comfy_api_nodes\nodes_grok.py","F:\一人公司\comfyui-production\staging\comfyui-v0.34.0\ComfyUI-0.34.0\comfy_api_nodes\nodes_grok.py",".py","44115","0.042","0","2026/9/7 4:01:32","Archive"
"staging\comfyui-v0.34.0\ComfyUI-0.34.0\comfy_api_nodes\nodes_heygen.py","F:\一人公司\comfyui-production\staging\comfyui-v0.34.0\ComfyUI-0.34.0\comfy_api_nodes\nodes_heygen.py",".py","33938","0.032","0","2026/9/7 4:01:32","Archive"
"staging\comfyui-v0.34.0\ComfyUI-0.34.0\comfy_api_nodes\nodes_hitpaw.py","F:\一人公司\comfyui-production\staging\comfyui-v0.34.0\ComfyUI-0.34.0\comfy_api_nodes\nodes_hitpaw.py",".py","13378","0.013","0","2026/9/7 4:01:32","Archive"
"staging\comfyui-v0.34.0\ComfyUI-0.34.0\comfy_api_nodes\nodes_hunyuan3d.py","F:\一人公司\comfyui-production\staging\comfyui-v0.34.0\ComfyUI-0.34.0\comfy_api_nodes\nodes_hunyuan3d.py",".py","30345","0.029","0","2026/9/7 4:01:32","Archive"
"staging\comfyui-v0.34.0\ComfyUI-0.34.0\comfy_api_nodes\nodes_ideogram.py","F:\一人公司\comfyui-production\staging\comfyui-v0.34.0\ComfyUI-0.34.0\comfy_api_nodes\nodes_ideogram.py",".py","24542","0.023","0","2026/9/7 4:01:32","Archive"
"staging\comfyui-v0.34.0\ComfyUI-0.34.0\comfy_api_nodes\nodes_kling.py","F:\一人公司\comfyui-production\staging\comfyui-v0.34.0\ComfyUI-0.34.0\comfy_api_nodes\nodes_kling.py",".py","114504","0.109","0.0001","2026/9/7 4:01:32","Archive"
"staging\comfyui-v0.34.0\ComfyUI-0.34.0\comfy_api_nodes\nodes_krea.py","F:\一人公司\comfyui-production\staging\comfyui-v0.34.0\ComfyUI-0.34.0\comfy_api_nodes\nodes_krea.py",".py","10981","0.01","0","2026/9/7 4:01:32","Archive"
"staging\comfyui-v0.34.0\ComfyUI-0.34.0\comfy_api_nodes\nodes_ltxv.py","F:\一人公司\comfyui-production\staging\comfyui-v0.34.0\ComfyUI-0.34.0\comfy_api_nodes\nodes_ltxv.py",".py","20187","0.019","0","2026/9/7 4:01:32","Archive"
"staging\comfyui-v0.34.0\ComfyUI-0.34.0\comfy_api_nodes\nodes_luma.py","F:\一人公司\comfyui-production\staging\comfyui-v0.34.0\ComfyUI-0.34.0\comfy_api_nodes\nodes_luma.py",".py","58477","0.056","0.0001","2026/9/7 4:01:32","Archive"
"staging\comfyui-v0.34.0\ComfyUI-0.34.0\comfy_api_nodes\nodes_magnific.py","F:\一人公司\comfyui-production\staging\comfyui-v0.34.0\ComfyUI-0.34.0\comfy_api_nodes\nodes_magnific.py",".py","38173","0.036","0","2026/9/7 4:01:32","Archive"
"staging\comfyui-v0.34.0\ComfyUI-0.34.0\comfy_api_nodes\nodes_meshy.py","F:\一人公司\comfyui-production\staging\comfyui-v0.34.0\ComfyUI-0.34.0\comfy_api_nodes\nodes_meshy.py",".py","42472","0.041","0","2026/9/7 4:01:32","Archive"
"staging\comfyui-v0.34.0\ComfyUI-0.34.0\comfy_api_nodes\nodes_minimax.py","F:\一人公司\comfyui-production\staging\comfyui-v0.34.0\ComfyUI-0.34.0\comfy_api_nodes\nodes_minimax.py",".py","64220","0.061","0.0001","2026/9/7 4:01:32","Archive"
"staging\comfyui-v0.34.0\ComfyUI-0.34.0\comfy_api_nodes\nodes_openai.py","F:\一人公司\comfyui-production\staging\comfyui-v0.34.0\ComfyUI-0.34.0\comfy_api_nodes\nodes_openai.py",".py","51522","0.049","0","2026/9/7 4:01:32","Archive"
"staging\comfyui-v0.34.0\ComfyUI-0.34.0\comfy_api_nodes\nodes_openrouter.py","F:\一人公司\comfyui-production\staging\comfyui-v0.34.0\ComfyUI-0.34.0\comfy_api_nodes\nodes_openrouter.py",".py","15413","0.015","0","2026/9/7 4:01:32","Archive"
"staging\comfyui-v0.34.0\ComfyUI-0.34.0\comfy_api_nodes\nodes_pixverse.py","F:\一人公司\comfyui-production\staging\comfyui-v0.34.0\ComfyUI-0.34.0\comfy_api_nodes\nodes_pixverse.py",".py","39351","0.038","0","2026/9/7 4:01:32","Archive"
"staging\comfyui-v0.34.0\ComfyUI-0.34.0\comfy_api_nodes\nodes_quiver.py","F:\一人公司\comfyui-production\staging\comfyui-v0.34.0\ComfyUI-0.34.0\comfy_api_nodes\nodes_quiver.py",".py","9692","0.009","0","2026/9/7 4:01:32","Archive"
"staging\comfyui-v0.34.0\ComfyUI-0.34.0\comfy_api_nodes\nodes_qwen.py","F:\一人公司\comfyui-production\staging\comfyui-v0.34.0\ComfyUI-0.34.0\comfy_api_nodes\nodes_qwen.py",".py","16906","0.016","0","2026/9/7 4:01:32","Archive"
"staging\comfyui-v0.34.0\ComfyUI-0.34.0\comfy_api_nodes\nodes_recraft.py","F:\一人公司\comfyui-production\staging\comfyui-v0.34.0\ComfyUI-0.34.0\comfy_api_nodes\nodes_recraft.py",".py","54513","0.052","0.0001","2026/9/7 4:01:32","Archive"
"staging\comfyui-v0.34.0\ComfyUI-0.34.0\comfy_api_nodes\nodes_reve.py","F:\一人公司\comfyui-production\staging\comfyui-v0.34.0\ComfyUI-0.34.0\comfy_api_nodes\nodes_reve.py",".py","15401","0.015","0","2026/9/7 4:01:32","Archive"
"staging\comfyui-v0.34.0\ComfyUI-0.34.0\comfy_api_nodes\nodes_rodin.py","F:\一人公司\comfyui-production\staging\comfyui-v0.34.0\ComfyUI-0.34.0\comfy_api_nodes\nodes_rodin.py",".py","37943","0.036","0","2026/9/7 4:01:32","Archive"
"staging\comfyui-v0.34.0\ComfyUI-0.34.0\comfy_api_nodes\nodes_runway.py","F:\一人公司\comfyui-production\staging\comfyui-v0.34.0\ComfyUI-0.34.0\comfy_api_nodes\nodes_runway.py",".py","33059","0.032","0","2026/9/7 4:01:32","Archive"
"staging\comfyui-v0.34.0\ComfyUI-0.34.0\comfy_api_nodes\nodes_sonilo.py","F:\一人公司\comfyui-production\staging\comfyui-v0.34.0\ComfyUI-0.34.0\comfy_api_nodes\nodes_sonilo.py",".py","10364","0.01","0","2026/9/7 4:01:32","Archive"
"staging\comfyui-v0.34.0\ComfyUI-0.34.0\comfy_api_nodes\nodes_sora.py","F:\一人公司\comfyui-production\staging\comfyui-v0.34.0\ComfyUI-0.34.0\comfy_api_nodes\nodes_sora.py",".py","5831","0.006","0","2026/9/7 4:01:32","Archive"
"staging\comfyui-v0.34.0\ComfyUI-0.34.0\comfy_api_nodes\nodes_sync_so.py","F:\一人公司\comfyui-production\staging\comfyui-v0.34.0\ComfyUI-0.34.0\comfy_api_nodes\nodes_sync_so.py",".py","17529","0.017","0","2026/9/7 4:01:32","Archive"
"staging\comfyui-v0.34.0\ComfyUI-0.34.0\comfy_api_nodes\nodes_topaz.py","F:\一人公司\comfyui-production\staging\comfyui-v0.34.0\ComfyUI-0.34.0\comfy_api_nodes\nodes_topaz.py",".py","52473","0.05","0","2026/9/7 4:01:32","Archive"
"staging\comfyui-v0.34.0\ComfyUI-0.34.0\comfy_api_nodes\nodes_tripo.py","F:\一人公司\comfyui-production\staging\comfyui-v0.34.0\ComfyUI-0.34.0\comfy_api_nodes\nodes_tripo.py",".py","54313","0.052","0.0001","2026/9/7 4:01:32","Archive"
"staging\comfyui-v0.34.0\ComfyUI-0.34.0\comfy_api_nodes\nodes_veo2.py","F:\一人公司\comfyui-production\staging\comfyui-v0.34.0\ComfyUI-0.34.0\comfy_api_nodes\nodes_veo2.py",".py","24483","0.023","0","2026/9/7 4:01:32","Archive"
"staging\comfyui-v0.34.0\ComfyUI-0.34.0\comfy_api_nodes\nodes_vidu.py","F:\一人公司\comfyui-production\staging\comfyui-v0.34.0\ComfyUI-0.34.0\comfy_api_nodes\nodes_vidu.py",".py","65856","0.063","0.0001","2026/9/7 4:01:32","Archive"
"staging\comfyui-v0.34.0\ComfyUI-0.34.0\comfy_api_nodes\nodes_wan.py","F:\一人公司\comfyui-production\staging\comfyui-v0.34.0\ComfyUI-0.34.0\comfy_api_nodes\nodes_wan.py",".py","114961","0.11","0.0001","2026/9/7 4:01:32","Archive"
"staging\comfyui-v0.34.0\ComfyUI-0.34.0\comfy_api_nodes\nodes_wavespeed.py","F:\一人公司\comfyui-production\staging\comfyui-v0.34.0\ComfyUI-0.34.0\comfy_api_nodes\nodes_wavespeed.py",".py","6553","0.006","0","2026/9/7 4:01:32","Archive"
"staging\comfyui-v0.34.0\ComfyUI-0.34.0\comfy_api_nodes\__init__.py","F:\一人公司\comfyui-production\staging\comfyui-v0.34.0\ComfyUI-0.34.0\comfy_api_nodes\__init__.py",".py","0","0","0","2026/9/7 4:01:32","Archive"
"staging\comfyui-v0.34.0\ComfyUI-0.34.0\comfy_api_nodes\apis\anthropic.py","F:\一人公司\comfyui-production\staging\comfyui-v0.34.0\ComfyUI-0.34.0\comfy_api_nodes\apis\anthropic.py",".py","3150","0.003","0","2026/9/7 4:01:32","Archive"
"staging\comfyui-v0.34.0\ComfyUI-0.34.0\comfy_api_nodes\apis\beeble.py","F:\一人公司\comfyui-production\staging\comfyui-v0.34.0\ComfyUI-0.34.0\comfy_api_nodes\apis\beeble.py",".py","1067","0.001","0","2026/9/7 4:01:32","Archive"
"staging\comfyui-v0.34.0\ComfyUI-0.34.0\comfy_api_nodes\apis\bfl.py","F:\一人公司\comfyui-production\staging\comfyui-v0.34.0\ComfyUI-0.34.0\comfy_api_nodes\apis\bfl.py",".py","7061","0.007","0","2026/9/7 4:01:32","Archive"
"staging\comfyui-v0.34.0\ComfyUI-0.34.0\comfy_api_nodes\apis\bria.py","F:\一人公司\comfyui-production\staging\comfyui-v0.34.0\ComfyUI-0.34.0\comfy_api_nodes\apis\bria.py",".py","8047","0.008","0","2026/9/7 4:01:32","Archive"
"staging\comfyui-v0.34.0\ComfyUI-0.34.0\comfy_api_nodes\apis\bytedance.py","F:\一人公司\comfyui-production\staging\comfyui-v0.34.0\ComfyUI-0.34.0\comfy_api_nodes\apis\bytedance.py",".py","13701","0.013","0","2026/9/7 4:01:32","Archive"
"staging\comfyui-v0.34.0\ComfyUI-0.34.0\comfy_api_nodes\apis\bytedance_llm.py","F:\一人公司\comfyui-production\staging\comfyui-v0.34.0\ComfyUI-0.34.0\comfy_api_nodes\apis\bytedance_llm.py",".py","3143","0.003","0","2026/9/7 4:01:32","Archive"
"staging\comfyui-v0.34.0\ComfyUI-0.34.0\comfy_api_nodes\apis\elevenlabs.py","F:\一人公司\comfyui-production\staging\comfyui-v0.34.0\ComfyUI-0.34.0\comfy_api_nodes\apis\elevenlabs.py",".py","4861","0.005","0","2026/9/7 4:01:32","Archive"
"staging\comfyui-v0.34.0\ComfyUI-0.34.0\comfy_api_nodes\apis\fishaudio.py","F:\一人公司\comfyui-production\staging\comfyui-v0.34.0\ComfyUI-0.34.0\comfy_api_nodes\apis\fishaudio.py",".py","2497","0.002","0","2026/9/7 4:01:32","Archive"
"staging\comfyui-v0.34.0\ComfyUI-0.34.0\comfy_api_nodes\apis\gemini.py","F:\一人公司\comfyui-production\staging\comfyui-v0.34.0\ComfyUI-0.34.0\comfy_api_nodes\apis\gemini.py",".py","10172","0.01","0","2026/9/7 4:01:32","Archive"
"staging\comfyui-v0.34.0\ComfyUI-0.34.0\comfy_api_nodes\apis\grok.py","F:\一人公司\comfyui-production\staging\comfyui-v0.34.0\ComfyUI-0.34.0\comfy_api_nodes\apis\grok.py",".py","2382","0.002","0","2026/9/7 4:01:32","Archive"
"staging\comfyui-v0.34.0\ComfyUI-0.34.0\comfy_api_nodes\apis\heygen.py","F:\一人公司\comfyui-production\staging\comfyui-v0.34.0\ComfyUI-0.34.0\comfy_api_nodes\apis\heygen.py",".py","18708","0.018","0","2026/9/7 4:01:32","Archive"
"staging\comfyui-v0.34.0\ComfyUI-0.34.0\comfy_api_nodes\apis\hitpaw.py","F:\一人公司\comfyui-production\staging\comfyui-v0.34.0\ComfyUI-0.34.0\comfy_api_nodes\apis\hitpaw.py",".py","1310","0.001","0","2026/9/7 4:01:32","Archive"
"staging\comfyui-v0.34.0\ComfyUI-0.34.0\comfy_api_nodes\apis\hunyuan3d.py","F:\一人公司\comfyui-production\staging\comfyui-v0.34.0\ComfyUI-0.34.0\comfy_api_nodes\apis\hunyuan3d.py",".py","2565","0.002","0","2026/9/7 4:01:32","Archive"
"staging\comfyui-v0.34.0\ComfyUI-0.34.0\comfy_api_nodes\apis\ideogram.py","F:\一人公司\comfyui-production\staging\comfyui-v0.34.0\ComfyUI-0.34.0\comfy_api_nodes\apis\ideogram.py",".py","10504","0.01","0","2026/9/7 4:01:32","Archive"
"staging\comfyui-v0.34.0\ComfyUI-0.34.0\comfy_api_nodes\apis\kling.py","F:\一人公司\comfyui-production\staging\comfyui-v0.34.0\ComfyUI-0.34.0\comfy_api_nodes\apis\kling.py",".py","7755","0.007","0","2026/9/7 4:01:32","Archive"
"staging\comfyui-v0.34.0\ComfyUI-0.34.0\comfy_api_nodes\apis\krea.py","F:\一人公司\comfyui-production\staging\comfyui-v0.34.0\ComfyUI-0.34.0\comfy_api_nodes\apis\krea.py",".py","1409","0.001","0","2026/9/7 4:01:32","Archive"
"staging\comfyui-v0.34.0\ComfyUI-0.34.0\comfy_api_nodes\apis\luma.py","F:\一人公司\comfyui-production\staging\comfyui-v0.34.0\ComfyUI-0.34.0\comfy_api_nodes\apis\luma.py",".py","10920","0.01","0","2026/9/7 4:01:32","Archive"
"staging\comfyui-v0.34.0\ComfyUI-0.34.0\comfy_api_nodes\apis\magnific.py","F:\一人公司\comfyui-production\staging\comfyui-v0.34.0\ComfyUI-0.34.0\comfy_api_nodes\apis\magnific.py",".py","3422","0.003","0","2026/9/7 4:01:32","Archive"
"staging\comfyui-v0.34.0\ComfyUI-0.34.0\comfy_api_nodes\apis\meshy.py","F:\一人公司\comfyui-production\staging\comfyui-v0.34.0\ComfyUI-0.34.0\comfy_api_nodes\apis\meshy.py",".py","5345","0.005","0","2026/9/7 4:01:32","Archive"
"staging\comfyui-v0.34.0\ComfyUI-0.34.0\comfy_api_nodes\apis\minimax.py","F:\一人公司\comfyui-production\staging\comfyui-v0.34.0\ComfyUI-0.34.0\comfy_api_nodes\apis\minimax.py",".py","6844","0.007","0","2026/9/7 4:01:32","Archive"
"staging\comfyui-v0.34.0\ComfyUI-0.34.0\comfy_api_nodes\apis\openai.py","F:\一人公司\comfyui-production\staging\comfyui-v0.34.0\ComfyUI-0.34.0\comfy_api_nodes\apis\openai.py",".py","6765","0.006","0","2026/9/7 4:01:32","Archive"
"staging\comfyui-v0.34.0\ComfyUI-0.34.0\comfy_api_nodes\apis\openrouter.py","F:\一人公司\comfyui-production\staging\comfyui-v0.34.0\ComfyUI-0.34.0\comfy_api_nodes\apis\openrouter.py",".py","2741","0.003","0","2026/9/7 4:01:32","Archive"
"staging\comfyui-v0.34.0\ComfyUI-0.34.0\comfy_api_nodes\apis\pixverse.py","F:\一人公司\comfyui-production\staging\comfyui-v0.34.0\ComfyUI-0.34.0\comfy_api_nodes\apis\pixverse.py",".py","6292","0.006","0","2026/9/7 4:01:32","Archive"
"staging\comfyui-v0.34.0\ComfyUI-0.34.0\comfy_api_nodes\apis\quiver.py","F:\一人公司\comfyui-production\staging\comfyui-v0.34.0\ComfyUI-0.34.0\comfy_api_nodes\apis\quiver.py",".py","1537","0.001","0","2026/9/7 4:01:32","Archive"
"staging\comfyui-v0.34.0\ComfyUI-0.34.0\comfy_api_nodes\apis\qwen.py","F:\一人公司\comfyui-production\staging\comfyui-v0.34.0\ComfyUI-0.34.0\comfy_api_nodes\apis\qwen.py",".py","1438","0.001","0","2026/9/7 4:01:32","Archive"
"staging\comfyui-v0.34.0\ComfyUI-0.34.0\comfy_api_nodes\apis\recraft.py","F:\一人公司\comfyui-production\staging\comfyui-v0.34.0\ComfyUI-0.34.0\comfy_api_nodes\apis\recraft.py",".py","9227","0.009","0","2026/9/7 4:01:32","Archive"
"staging\comfyui-v0.34.0\ComfyUI-0.34.0\comfy_api_nodes\apis\reve.py","F:\一人公司\comfyui-production\staging\comfyui-v0.34.0\ComfyUI-0.34.0\comfy_api_nodes\apis\reve.py",".py","2675","0.003","0","2026/9/7 4:01:32","Archive"
"staging\comfyui-v0.34.0\ComfyUI-0.34.0\comfy_api_nodes\apis\rodin.py","F:\一人公司\comfyui-production\staging\comfyui-v0.34.0\ComfyUI-0.34.0\comfy_api_nodes\apis\rodin.py",".py","3673","0.004","0","2026/9/7 4:01:32","Archive"
"staging\comfyui-v0.34.0\ComfyUI-0.34.0\comfy_api_nodes\apis\runway.py","F:\一人公司\comfyui-production\staging\comfyui-v0.34.0\ComfyUI-0.34.0\comfy_api_nodes\apis\runway.py",".py","8320","0.008","0","2026/9/7 4:01:32","Archive"
"staging\comfyui-v0.34.0\ComfyUI-0.34.0\comfy_api_nodes\apis\sync_so.py","F:\一人公司\comfyui-production\staging\comfyui-v0.34.0\ComfyUI-0.34.0\comfy_api_nodes\apis\sync_so.py",".py","1985","0.002","0","2026/9/7 4:01:32","Archive"
"staging\comfyui-v0.34.0\ComfyUI-0.34.0\comfy_api_nodes\apis\topaz.py","F:\一人公司\comfyui-production\staging\comfyui-v0.34.0\ComfyUI-0.34.0\comfy_api_nodes\apis\topaz.py",".py","7467","0.007","0","2026/9/7 4:01:32","Archive"
"staging\comfyui-v0.34.0\ComfyUI-0.34.0\comfy_api_nodes\apis\tripo.py","F:\一人公司\comfyui-production\staging\comfyui-v0.34.0\ComfyUI-0.34.0\comfy_api_nodes\apis\tripo.py",".py","15900","0.015","0","2026/9/7 4:01:32","Archive"
"staging\comfyui-v0.34.0\ComfyUI-0.34.0\comfy_api_nodes\apis\veo.py","F:\一人公司\comfyui-production\staging\comfyui-v0.34.0\ComfyUI-0.34.0\comfy_api_nodes\apis\veo.py",".py","3253","0.003","0","2026/9/7 4:01:32","Archive"
"staging\comfyui-v0.34.0\ComfyUI-0.34.0\comfy_api_nodes\apis\vidu.py","F:\一人公司\comfyui-production\staging\comfyui-v0.34.0\ComfyUI-0.34.0\comfy_api_nodes\apis\vidu.py",".py","2192","0.002","0","2026/9/7 4:01:32","Archive"
"staging\comfyui-v0.34.0\ComfyUI-0.34.0\comfy_api_nodes\apis\wan.py","F:\一人公司\comfyui-production\staging\comfyui-v0.34.0\ComfyUI-0.34.0\comfy_api_nodes\apis\wan.py",".py","7568","0.007","0","2026/9/7 4:01:32","Archive"
"staging\comfyui-v0.34.0\ComfyUI-0.34.0\comfy_api_nodes\apis\wavespeed.py","F:\一人公司\comfyui-production\staging\comfyui-v0.34.0\ComfyUI-0.34.0\comfy_api_nodes\apis\wavespeed.py",".py","841","0.001","0","2026/9/7 4:01:32","Archive"
"staging\comfyui-v0.34.0\ComfyUI-0.34.0\comfy_api_nodes\apis\__init__.py","F:\一人公司\comfyui-production\staging\comfyui-v0.34.0\ComfyUI-0.34.0\comfy_api_nodes\apis\__init__.py",".py","213669","0.204","0.0002","2026/9/7 4:01:32","Archive"
"staging\comfyui-v0.34.0\ComfyUI-0.34.0\comfy_api_nodes\util\client.py","F:\一人公司\comfyui-production\staging\comfyui-v0.34.0\ComfyUI-0.34.0\comfy_api_nodes\util\client.py",".py","43536","0.042","0","2026/9/7 4:01:32","Archive"
"staging\comfyui-v0.34.0\ComfyUI-0.34.0\comfy_api_nodes\util\common_exceptions.py","F:\一人公司\comfyui-production\staging\comfyui-v0.34.0\ComfyUI-0.34.0\comfy_api_nodes\util\common_exceptions.py",".py","482","0","0","2026/9/7 4:01:32","Archive"
"staging\comfyui-v0.34.0\ComfyUI-0.34.0\comfy_api_nodes\util\conversions.py","F:\一人公司\comfyui-production\staging\comfyui-v0.34.0\ComfyUI-0.34.0\comfy_api_nodes\util\conversions.py",".py","25272","0.024","0","2026/9/7 4:01:32","Archive"
"staging\comfyui-v0.34.0\ComfyUI-0.34.0\comfy_api_nodes\util\download_helpers.py","F:\一人公司\comfyui-production\staging\comfyui-v0.34.0\ComfyUI-0.34.0\comfy_api_nodes\util\download_helpers.py",".py","11095","0.011","0","2026/9/7 4:01:32","Archive"
"staging\comfyui-v0.34.0\ComfyUI-0.34.0\comfy_api_nodes\util\request_logger.py","F:\一人公司\comfyui-production\staging\comfyui-v0.34.0\ComfyUI-0.34.0\comfy_api_nodes\util\request_logger.py",".py","6821","0.007","0","2026/9/7 4:01:32","Archive"
"staging\comfyui-v0.34.0\ComfyUI-0.34.0\comfy_api_nodes\util\upload_helpers.py","F:\一人公司\comfyui-production\staging\comfyui-v0.34.0\ComfyUI-0.34.0\comfy_api_nodes\util\upload_helpers.py",".py","14186","0.014","0","2026/9/7 4:01:32","Archive"
"staging\comfyui-v0.34.0\ComfyUI-0.34.0\comfy_api_nodes\util\validation_utils.py","F:\一人公司\comfyui-production\staging\comfyui-v0.34.0\ComfyUI-0.34.0\comfy_api_nodes\util\validation_utils.py",".py","9083","0.009","0","2026/9/7 4:01:32","Archive"
"staging\comfyui-v0.34.0\ComfyUI-0.34.0\comfy_api_nodes\util\_helpers.py","F:\一人公司\comfyui-production\staging\comfyui-v0.34.0\ComfyUI-0.34.0\comfy_api_nodes\util\_helpers.py",".py","5964","0.006","0","2026/9/7 4:01:32","Archive"
"staging\comfyui-v0.34.0\ComfyUI-0.34.0\comfy_api_nodes\util\__init__.py","F:\一人公司\comfyui-production\staging\comfyui-v0.34.0\ComfyUI-0.34.0\comfy_api_nodes\util\__init__.py",".py","3404","0.003","0","2026/9/7 4:01:32","Archive"
"staging\comfyui-v0.34.0\ComfyUI-0.34.0\comfy_config\config_parser.py","F:\一人公司\comfyui-production\staging\comfyui-v0.34.0\ComfyUI-0.34.0\comfy_config\config_parser.py",".py","5781","0.006","0","2026/9/7 4:01:32","Archive"
"staging\comfyui-v0.34.0\ComfyUI-0.34.0\comfy_config\types.py","F:\一人公司\comfyui-production\staging\comfyui-v0.34.0\ComfyUI-0.34.0\comfy_config\types.py",".py","3016","0.003","0","2026/9/7 4:01:32","Archive"
"staging\comfyui-v0.34.0\ComfyUI-0.34.0\comfy_execution\asset_enrichment.py","F:\一人公司\comfyui-production\staging\comfyui-v0.34.0\ComfyUI-0.34.0\comfy_execution\asset_enrichment.py",".py","2816","0.003","0","2026/9/7 4:01:32","Archive"
"staging\comfyui-v0.34.0\ComfyUI-0.34.0\comfy_execution\cache_provider.py","F:\一人公司\comfyui-production\staging\comfyui-v0.34.0\ComfyUI-0.34.0\comfy_execution\cache_provider.py",".py","4846","0.005","0","2026/9/7 4:01:32","Archive"
"staging\comfyui-v0.34.0\ComfyUI-0.34.0\comfy_execution\caching.py","F:\一人公司\comfyui-production\staging\comfyui-v0.34.0\ComfyUI-0.34.0\comfy_execution\caching.py",".py","22383","0.021","0","2026/9/7 4:01:32","Archive"
"staging\comfyui-v0.34.0\ComfyUI-0.34.0\comfy_execution\graph.py","F:\一人公司\comfyui-production\staging\comfyui-v0.34.0\ComfyUI-0.34.0\comfy_execution\graph.py",".py","14857","0.014","0","2026/9/7 4:01:32","Archive"
"staging\comfyui-v0.34.0\ComfyUI-0.34.0\comfy_execution\graph_utils.py","F:\一人公司\comfyui-production\staging\comfyui-v0.34.0\ComfyUI-0.34.0\comfy_execution\graph_utils.py",".py","5626","0.005","0","2026/9/7 4:01:32","Archive"
"staging\comfyui-v0.34.0\ComfyUI-0.34.0\comfy_execution\jobs.py","F:\一人公司\comfyui-production\staging\comfyui-v0.34.0\ComfyUI-0.34.0\comfy_execution\jobs.py",".py","20516","0.02","0","2026/9/7 4:01:32","Archive"
"staging\comfyui-v0.34.0\ComfyUI-0.34.0\comfy_execution\progress.py","F:\一人公司\comfyui-production\staging\comfyui-v0.34.0\ComfyUI-0.34.0\comfy_execution\progress.py",".py","11787","0.011","0","2026/9/7 4:01:32","Archive"
"staging\comfyui-v0.34.0\ComfyUI-0.34.0\comfy_execution\utils.py","F:\一人公司\comfyui-production\staging\comfyui-v0.34.0\ComfyUI-0.34.0\comfy_execution\utils.py",".py","1529","0.001","0","2026/9/7 4:01:32","Archive"
"staging\comfyui-v0.34.0\ComfyUI-0.34.0\comfy_execution\validation.py","F:\一人公司\comfyui-production\staging\comfyui-v0.34.0\ComfyUI-0.34.0\comfy_execution\validation.py",".py","2532","0.002","0","2026/9/7 4:01:32","Archive"
"staging\comfyui-v0.34.0\ComfyUI-0.34.0\comfy_extras\color_util.py","F:\一人公司\comfyui-production\staging\comfyui-v0.34.0\ComfyUI-0.34.0\comfy_extras\color_util.py",".py","741","0.001","0","2026/9/7 4:01:32","Archive"
"staging\comfyui-v0.34.0\ComfyUI-0.34.0\comfy_extras\compositor_blend.py","F:\一人公司\comfyui-production\staging\comfyui-v0.34.0\ComfyUI-0.34.0\comfy_extras\compositor_blend.py",".py","11430","0.011","0","2026/9/7 4:01:32","Archive"
"staging\comfyui-v0.34.0\ComfyUI-0.34.0\comfy_extras\nodes_ace.py","F:\一人公司\comfyui-production\staging\comfyui-v0.34.0\ComfyUI-0.34.0\comfy_extras\nodes_ace.py",".py","7178","0.007","0","2026/9/7 4:01:32","Archive"
"staging\comfyui-v0.34.0\ComfyUI-0.34.0\comfy_extras\nodes_advanced_samplers.py","F:\一人公司\comfyui-production\staging\comfyui-v0.34.0\ComfyUI-0.34.0\comfy_extras\nodes_advanced_samplers.py",".py","5863","0.006","0","2026/9/7 4:01:32","Archive"
"staging\comfyui-v0.34.0\ComfyUI-0.34.0\comfy_extras\nodes_align_your_steps.py","F:\一人公司\comfyui-production\staging\comfyui-v0.34.0\ComfyUI-0.34.0\comfy_extras\nodes_align_your_steps.py",".py","2676","0.003","0","2026/9/7 4:01:32","Archive"
"staging\comfyui-v0.34.0\ComfyUI-0.34.0\comfy_extras\nodes_apg.py","F:\一人公司\comfyui-production\staging\comfyui-v0.34.0\ComfyUI-0.34.0\comfy_extras\nodes_apg.py",".py","3660","0.003","0","2026/9/7 4:01:32","Archive"
"staging\comfyui-v0.34.0\ComfyUI-0.34.0\comfy_extras\nodes_ar_video.py","F:\一人公司\comfyui-production\staging\comfyui-v0.34.0\ComfyUI-0.34.0\comfy_extras\nodes_ar_video.py",".py","4873","0.005","0","2026/9/7 4:01:32","Archive"
"staging\comfyui-v0.34.0\ComfyUI-0.34.0\comfy_extras\nodes_attention_multiply.py","F:\一人公司\comfyui-production\staging\comfyui-v0.34.0\ComfyUI-0.34.0\comfy_extras\nodes_attention_multiply.py",".py","6515","0.006","0","2026/9/7 4:01:32","Archive"
"staging\comfyui-v0.34.0\ComfyUI-0.34.0\comfy_extras\nodes_audio.py","F:\一人公司\comfyui-production\staging\comfyui-v0.34.0\ComfyUI-0.34.0\comfy_extras\nodes_audio.py",".py","33505","0.032","0","2026/9/7 4:01:32","Archive"
"staging\comfyui-v0.34.0\ComfyUI-0.34.0\comfy_extras\nodes_audio_encoder.py","F:\一人公司\comfyui-production\staging\comfyui-v0.34.0\ComfyUI-0.34.0\comfy_extras\nodes_audio_encoder.py",".py","2109","0.002","0","2026/9/7 4:01:32","Archive"
"staging\comfyui-v0.34.0\ComfyUI-0.34.0\comfy_extras\nodes_bernini.py","F:\一人公司\comfyui-production\staging\comfyui-v0.34.0\ComfyUI-0.34.0\comfy_extras\nodes_bernini.py",".py","5801","0.006","0","2026/9/7 4:01:32","Archive"
"staging\comfyui-v0.34.0\ComfyUI-0.34.0\comfy_extras\nodes_bg_removal.py","F:\一人公司\comfyui-production\staging\comfyui-v0.34.0\ComfyUI-0.34.0\comfy_extras\nodes_bg_removal.py",".py","2337","0.002","0","2026/9/7 4:01:32","Archive"
"staging\comfyui-v0.34.0\ComfyUI-0.34.0\comfy_extras\nodes_boogu.py","F:\一人公司\comfyui-production\staging\comfyui-v0.34.0\ComfyUI-0.34.0\comfy_extras\nodes_boogu.py",".py","4168","0.004","0","2026/9/7 4:01:32","Archive"
"staging\comfyui-v0.34.0\ComfyUI-0.34.0\comfy_extras\nodes_bounding_boxes.py","F:\一人公司\comfyui-production\staging\comfyui-v0.34.0\ComfyUI-0.34.0\comfy_extras\nodes_bounding_boxes.py",".py","13915","0.013","0","2026/9/7 4:01:32","Archive"
"staging\comfyui-v0.34.0\ComfyUI-0.34.0\comfy_extras\nodes_camera_trajectory.py","F:\一人公司\comfyui-production\staging\comfyui-v0.34.0\ComfyUI-0.34.0\comfy_extras\nodes_camera_trajectory.py",".py","9774","0.009","0","2026/9/7 4:01:32","Archive"
"staging\comfyui-v0.34.0\ComfyUI-0.34.0\comfy_extras\nodes_canny.py","F:\一人公司\comfyui-production\staging\comfyui-v0.34.0\ComfyUI-0.34.0\comfy_extras\nodes_canny.py",".py","1726","0.002","0","2026/9/7 4:01:32","Archive"
"staging\comfyui-v0.34.0\ComfyUI-0.34.0\comfy_extras\nodes_cfg.py","F:\一人公司\comfyui-production\staging\comfyui-v0.34.0\ComfyUI-0.34.0\comfy_extras\nodes_cfg.py",".py","4485","0.004","0","2026/9/7 4:01:32","Archive"
"staging\comfyui-v0.34.0\ComfyUI-0.34.0\comfy_extras\nodes_chroma_radiance.py","F:\一人公司\comfyui-production\staging\comfyui-v0.34.0\ComfyUI-0.34.0\comfy_extras\nodes_chroma_radiance.py",".py","4887","0.005","0","2026/9/7 4:01:32","Archive"
"staging\comfyui-v0.34.0\ComfyUI-0.34.0\comfy_extras\nodes_clip_sdxl.py","F:\一人公司\comfyui-production\staging\comfyui-v0.34.0\ComfyUI-0.34.0\comfy_extras\nodes_clip_sdxl.py",".py","3279","0.003","0","2026/9/7 4:01:32","Archive"
"staging\comfyui-v0.34.0\ComfyUI-0.34.0\comfy_extras\nodes_color.py","F:\一人公司\comfyui-production\staging\comfyui-v0.34.0\ComfyUI-0.34.0\comfy_extras\nodes_color.py",".py","1640","0.002","0","2026/9/7 4:01:32","Archive"
"staging\comfyui-v0.34.0\ComfyUI-0.34.0\comfy_extras\nodes_compositing.py","F:\一人公司\comfyui-production\staging\comfyui-v0.34.0\ComfyUI-0.34.0\comfy_extras\nodes_compositing.py",".py","9149","0.009","0","2026/9/7 4:01:32","Archive"
"staging\comfyui-v0.34.0\ComfyUI-0.34.0\comfy_extras\nodes_compositor.py","F:\一人公司\comfyui-production\staging\comfyui-v0.34.0\ComfyUI-0.34.0\comfy_extras\nodes_compositor.py",".py","32389","0.031","0","2026/9/7 4:01:32","Archive"
"staging\comfyui-v0.34.0\ComfyUI-0.34.0\comfy_extras\nodes_cond.py","F:\一人公司\comfyui-production\staging\comfyui-v0.34.0\ComfyUI-0.34.0\comfy_extras\nodes_cond.py",".py","2373","0.002","0","2026/9/7 4:01:32","Archive"
"staging\comfyui-v0.34.0\ComfyUI-0.34.0\comfy_extras\nodes_context_windows.py","F:\一人公司\comfyui-production\staging\comfyui-v0.34.0\ComfyUI-0.34.0\comfy_extras\nodes_context_windows.py",".py","11703","0.011","0","2026/9/7 4:01:32","Archive"
"staging\comfyui-v0.34.0\ComfyUI-0.34.0\comfy_extras\nodes_controlnet.py","F:\一人公司\comfyui-production\staging\comfyui-v0.34.0\ComfyUI-0.34.0\comfy_extras\nodes_controlnet.py",".py","3507","0.003","0","2026/9/7 4:01:32","Archive"
"staging\comfyui-v0.34.0\ComfyUI-0.34.0\comfy_extras\nodes_cosmos.py","F:\一人公司\comfyui-production\staging\comfyui-v0.34.0\ComfyUI-0.34.0\comfy_extras\nodes_cosmos.py",".py","6608","0.006","0","2026/9/7 4:01:32","Archive"
"staging\comfyui-v0.34.0\ComfyUI-0.34.0\comfy_extras\nodes_curve.py","F:\一人公司\comfyui-production\staging\comfyui-v0.34.0\ComfyUI-0.34.0\comfy_extras\nodes_curve.py",".py","2757","0.003","0","2026/9/7 4:01:32","Archive"
"staging\comfyui-v0.34.0\ComfyUI-0.34.0\comfy_extras\nodes_custom_sampler.py","F:\一人公司\comfyui-production\staging\comfyui-v0.34.0\ComfyUI-0.34.0\comfy_extras\nodes_custom_sampler.py",".py","49739","0.047","0","2026/9/7 4:01:32","Archive"
"staging\comfyui-v0.34.0\ComfyUI-0.34.0\comfy_extras\nodes_dataset.py","F:\一人公司\comfyui-production\staging\comfyui-v0.34.0\ComfyUI-0.34.0\comfy_extras\nodes_dataset.py",".py","79957","0.076","0.0001","2026/9/7 4:01:32","Archive"
"staging\comfyui-v0.34.0\ComfyUI-0.34.0\comfy_extras\nodes_depth_anything_3.py","F:\一人公司\comfyui-production\staging\comfyui-v0.34.0\ComfyUI-0.34.0\comfy_extras\nodes_depth_anything_3.py",".py","31421","0.03","0","2026/9/7 4:01:32","Archive"
"staging\comfyui-v0.34.0\ComfyUI-0.34.0\comfy_extras\nodes_differential_diffusion.py","F:\一人公司\comfyui-production\staging\comfyui-v0.34.0\ComfyUI-0.34.0\comfy_extras\nodes_differential_diffusion.py",".py","2534","0.002","0","2026/9/7 4:01:32","Archive"
"staging\comfyui-v0.34.0\ComfyUI-0.34.0\comfy_extras\nodes_easycache.py","F:\一人公司\comfyui-production\staging\comfyui-v0.34.0\ComfyUI-0.34.0\comfy_extras\nodes_easycache.py",".py","27146","0.026","0","2026/9/7 4:01:32","Archive"
"staging\comfyui-v0.34.0\ComfyUI-0.34.0\comfy_extras\nodes_edit_model.py","F:\一人公司\comfyui-production\staging\comfyui-v0.34.0\ComfyUI-0.34.0\comfy_extras\nodes_edit_model.py",".py","1297","0.001","0","2026/9/7 4:01:32","Archive"
"staging\comfyui-v0.34.0\ComfyUI-0.34.0\comfy_extras\nodes_eps.py","F:\一人公司\comfyui-production\staging\comfyui-v0.34.0\ComfyUI-0.34.0\comfy_extras\nodes_eps.py",".py","5892","0.006","0","2026/9/7 4:01:32","Archive"
"staging\comfyui-v0.34.0\ComfyUI-0.34.0\comfy_extras\nodes_flux.py","F:\一人公司\comfyui-production\staging\comfyui-v0.34.0\ComfyUI-0.34.0\comfy_extras\nodes_flux.py",".py","10510","0.01","0","2026/9/7 4:01:32","Archive"
"staging\comfyui-v0.34.0\ComfyUI-0.34.0\comfy_extras\nodes_frame_interpolation.py","F:\一人公司\comfyui-production\staging\comfyui-v0.34.0\ComfyUI-0.34.0\comfy_extras\nodes_frame_interpolation.py",".py","8689","0.008","0","2026/9/7 4:01:32","Archive"
"staging\comfyui-v0.34.0\ComfyUI-0.34.0\comfy_extras\nodes_freelunch.py","F:\一人公司\comfyui-production\staging\comfyui-v0.34.0\ComfyUI-0.34.0\comfy_extras\nodes_freelunch.py",".py","5492","0.005","0","2026/9/7 4:01:32","Archive"
"staging\comfyui-v0.34.0\ComfyUI-0.34.0\comfy_extras\nodes_fresca.py","F:\一人公司\comfyui-production\staging\comfyui-v0.34.0\ComfyUI-0.34.0\comfy_extras\nodes_fresca.py",".py","3975","0.004","0","2026/9/7 4:01:32","Archive"
"staging\comfyui-v0.34.0\ComfyUI-0.34.0\comfy_extras\nodes_gaussian_splat.py","F:\一人公司\comfyui-production\staging\comfyui-v0.34.0\ComfyUI-0.34.0\comfy_extras\nodes_gaussian_splat.py",".py","95680","0.091","0.0001","2026/9/7 4:01:32","Archive"
"staging\comfyui-v0.34.0\ComfyUI-0.34.0\comfy_extras\nodes_gits.py","F:\一人公司\comfyui-production\staging\comfyui-v0.34.0\ComfyUI-0.34.0\comfy_extras\nodes_gits.py",".py","46463","0.044","0","2026/9/7 4:01:32","Archive"
"staging\comfyui-v0.34.0\ComfyUI-0.34.0\comfy_extras\nodes_glsl.py","F:\一人公司\comfyui-production\staging\comfyui-v0.34.0\ComfyUI-0.34.0\comfy_extras\nodes_glsl.py",".py","31405","0.03","0","2026/9/7 4:01:32","Archive"
"staging\comfyui-v0.34.0\ComfyUI-0.34.0\comfy_extras\nodes_hidream.py","F:\一人公司\comfyui-production\staging\comfyui-v0.34.0\ComfyUI-0.34.0\comfy_extras\nodes_hidream.py",".py","3097","0.003","0","2026/9/7 4:01:32","Archive"
"staging\comfyui-v0.34.0\ComfyUI-0.34.0\comfy_extras\nodes_hidream_o1.py","F:\一人公司\comfyui-production\staging\comfyui-v0.34.0\ComfyUI-0.34.0\comfy_extras\nodes_hidream_o1.py",".py","11374","0.011","0","2026/9/7 4:01:32","Archive"
"staging\comfyui-v0.34.0\ComfyUI-0.34.0\comfy_extras\nodes_hooks.py","F:\一人公司\comfyui-production\staging\comfyui-v0.34.0\ComfyUI-0.34.0\comfy_extras\nodes_hooks.py",".py","29120","0.028","0","2026/9/7 4:01:32","Archive"
"staging\comfyui-v0.34.0\ComfyUI-0.34.0\comfy_extras\nodes_hunyuan.py","F:\一人公司\comfyui-production\staging\comfyui-v0.34.0\ComfyUI-0.34.0\comfy_extras\nodes_hunyuan.py",".py","20565","0.02","0","2026/9/7 4:01:32","Archive"
"staging\comfyui-v0.34.0\ComfyUI-0.34.0\comfy_extras\nodes_hunyuan3d.py","F:\一人公司\comfyui-production\staging\comfyui-v0.34.0\ComfyUI-0.34.0\comfy_extras\nodes_hunyuan3d.py",".py","16922","0.016","0","2026/9/7 4:01:32","Archive"
"staging\comfyui-v0.34.0\ComfyUI-0.34.0\comfy_extras\nodes_hypernetwork.py","F:\一人公司\comfyui-production\staging\comfyui-v0.34.0\ComfyUI-0.34.0\comfy_extras\nodes_hypernetwork.py",".py","5105","0.005","0","2026/9/7 4:01:32","Archive"
"staging\comfyui-v0.34.0\ComfyUI-0.34.0\comfy_extras\nodes_hypertile.py","F:\一人公司\comfyui-production\staging\comfyui-v0.34.0\ComfyUI-0.34.0\comfy_extras\nodes_hypertile.py",".py","3439","0.003","0","2026/9/7 4:01:32","Archive"
"staging\comfyui-v0.34.0\ComfyUI-0.34.0\comfy_extras\nodes_ideogram4.py","F:\一人公司\comfyui-production\staging\comfyui-v0.34.0\ComfyUI-0.34.0\comfy_extras\nodes_ideogram4.py",".py","2265","0.002","0","2026/9/7 4:01:32","Archive"
"staging\comfyui-v0.34.0\ComfyUI-0.34.0\comfy_extras\nodes_images.py","F:\一人公司\comfyui-production\staging\comfyui-v0.34.0\ComfyUI-0.34.0\comfy_extras\nodes_images.py",".py","56258","0.054","0.0001","2026/9/7 4:01:32","Archive"
"staging\comfyui-v0.34.0\ComfyUI-0.34.0\comfy_extras\nodes_image_compare.py","F:\一人公司\comfyui-production\staging\comfyui-v0.34.0\ComfyUI-0.34.0\comfy_extras\nodes_image_compare.py",".py","1642","0.002","0","2026/9/7 4:01:32","Archive"
"staging\comfyui-v0.34.0\ComfyUI-0.34.0\comfy_extras\nodes_ip2p.py","F:\一人公司\comfyui-production\staging\comfyui-v0.34.0\ComfyUI-0.34.0\comfy_extras\nodes_ip2p.py",".py","1970","0.002","0","2026/9/7 4:01:32","Archive"
"staging\comfyui-v0.34.0\ComfyUI-0.34.0\comfy_extras\nodes_joyimage.py","F:\一人公司\comfyui-production\staging\comfyui-v0.34.0\ComfyUI-0.34.0\comfy_extras\nodes_joyimage.py",".py","3230","0.003","0","2026/9/7 4:01:32","Archive"
"staging\comfyui-v0.34.0\ComfyUI-0.34.0\comfy_extras\nodes_json_prompt.py","F:\一人公司\comfyui-production\staging\comfyui-v0.34.0\ComfyUI-0.34.0\comfy_extras\nodes_json_prompt.py",".py","3909","0.004","0","2026/9/7 4:01:32","Archive"
"staging\comfyui-v0.34.0\ComfyUI-0.34.0\comfy_extras\nodes_kandinsky5.py","F:\一人公司\comfyui-production\staging\comfyui-v0.34.0\ComfyUI-0.34.0\comfy_extras\nodes_kandinsky5.py",".py","6239","0.006","0","2026/9/7 4:01:32","Archive"
"staging\comfyui-v0.34.0\ComfyUI-0.34.0\comfy_extras\nodes_latent.py","F:\一人公司\comfyui-production\staging\comfyui-v0.34.0\ComfyUI-0.34.0\comfy_extras\nodes_latent.py",".py","17573","0.017","0","2026/9/7 4:01:32","Archive"
"staging\comfyui-v0.34.0\ComfyUI-0.34.0\comfy_extras\nodes_load_3d.py","F:\一人公司\comfyui-production\staging\comfyui-v0.34.0\ComfyUI-0.34.0\comfy_extras\nodes_load_3d.py",".py","16254","0.016","0","2026/9/7 4:01:32","Archive"
"staging\comfyui-v0.34.0\ComfyUI-0.34.0\comfy_extras\nodes_logic.py","F:\一人公司\comfyui-production\staging\comfyui-v0.34.0\ComfyUI-0.34.0\comfy_extras\nodes_logic.py",".py","12488","0.012","0","2026/9/7 4:01:32","Archive"
"staging\comfyui-v0.34.0\ComfyUI-0.34.0\comfy_extras\nodes_lora_debug.py","F:\一人公司\comfyui-production\staging\comfyui-v0.34.0\ComfyUI-0.34.0\comfy_extras\nodes_lora_debug.py",".py","3230","0.003","0","2026/9/7 4:01:32","Archive"
"staging\comfyui-v0.34.0\ComfyUI-0.34.0\comfy_extras\nodes_lora_extract.py","F:\一人公司\comfyui-production\staging\comfyui-v0.34.0\ComfyUI-0.34.0\comfy_extras\nodes_lora_extract.py",".py","5778","0.006","0","2026/9/7 4:01:32","Archive"
"staging\comfyui-v0.34.0\ComfyUI-0.34.0\comfy_extras\nodes_lotus.py","F:\一人公司\comfyui-production\staging\comfyui-v0.34.0\ComfyUI-0.34.0\comfy_extras\nodes_lotus.py",".py","34033","0.032","0","2026/9/7 4:01:32","Archive"
"staging\comfyui-v0.34.0\ComfyUI-0.34.0\comfy_extras\nodes_lt.py","F:\一人公司\comfyui-production\staging\comfyui-v0.34.0\ComfyUI-0.34.0\comfy_extras\nodes_lt.py",".py","52132","0.05","0","2026/9/7 4:01:32","Archive"
"staging\comfyui-v0.34.0\ComfyUI-0.34.0\comfy_extras\nodes_lt_audio.py","F:\一人公司\comfyui-production\staging\comfyui-v0.34.0\ComfyUI-0.34.0\comfy_extras\nodes_lt_audio.py",".py","7757","0.007","0","2026/9/7 4:01:32","Archive"
"staging\comfyui-v0.34.0\ComfyUI-0.34.0\comfy_extras\nodes_lt_upsampler.py","F:\一人公司\comfyui-production\staging\comfyui-v0.34.0\ComfyUI-0.34.0\comfy_extras\nodes_lt_upsampler.py",".py","2465","0.002","0","2026/9/7 4:01:32","Archive"
"staging\comfyui-v0.34.0\ComfyUI-0.34.0\comfy_extras\nodes_lumina2.py","F:\一人公司\comfyui-production\staging\comfyui-v0.34.0\ComfyUI-0.34.0\comfy_extras\nodes_lumina2.py",".py","5544","0.005","0","2026/9/7 4:01:32","Archive"
"staging\comfyui-v0.34.0\ComfyUI-0.34.0\comfy_extras\nodes_mage.py","F:\一人公司\comfyui-production\staging\comfyui-v0.34.0\ComfyUI-0.34.0\comfy_extras\nodes_mage.py",".py","5090","0.005","0","2026/9/7 4:01:32","Archive"
"staging\comfyui-v0.34.0\ComfyUI-0.34.0\comfy_extras\nodes_mahiro.py","F:\一人公司\comfyui-production\staging\comfyui-v0.34.0\ComfyUI-0.34.0\comfy_extras\nodes_mahiro.py",".py","2041","0.002","0","2026/9/7 4:01:32","Archive"
"staging\comfyui-v0.34.0\ComfyUI-0.34.0\comfy_extras\nodes_mask.py","F:\一人公司\comfyui-production\staging\comfyui-v0.34.0\ComfyUI-0.34.0\comfy_extras\nodes_mask.py",".py","17095","0.016","0","2026/9/7 4:01:32","Archive"
"staging\comfyui-v0.34.0\ComfyUI-0.34.0\comfy_extras\nodes_math.py","F:\一人公司\comfyui-production\staging\comfyui-v0.34.0\ComfyUI-0.34.0\comfy_extras\nodes_math.py",".py","3784","0.004","0","2026/9/7 4:01:32","Archive"
"staging\comfyui-v0.34.0\ComfyUI-0.34.0\comfy_extras\nodes_mediapipe.py","F:\一人公司\comfyui-production\staging\comfyui-v0.34.0\ComfyUI-0.34.0\comfy_extras\nodes_mediapipe.py",".py","23041","0.022","0","2026/9/7 4:01:32","Archive"
"staging\comfyui-v0.34.0\ComfyUI-0.34.0\comfy_extras\nodes_mesh_postprocess.py","F:\一人公司\comfyui-production\staging\comfyui-v0.34.0\ComfyUI-0.34.0\comfy_extras\nodes_mesh_postprocess.py",".py","149326","0.142","0.0001","2026/9/7 4:01:32","Archive"
"staging\comfyui-v0.34.0\ComfyUI-0.34.0\comfy_extras\nodes_minimax_h3.py","F:\一人公司\comfyui-production\staging\comfyui-v0.34.0\ComfyUI-0.34.0\comfy_extras\nodes_minimax_h3.py",".py","20119","0.019","0","2026/9/7 4:01:32","Archive"
"staging\comfyui-v0.34.0\ComfyUI-0.34.0\comfy_extras\nodes_minimax_music.py","F:\一人公司\comfyui-production\staging\comfyui-v0.34.0\ComfyUI-0.34.0\comfy_extras\nodes_minimax_music.py",".py","3695","0.004","0","2026/9/7 4:01:32","Archive"
"staging\comfyui-v0.34.0\ComfyUI-0.34.0\comfy_extras\nodes_mochi.py","F:\一人公司\comfyui-production\staging\comfyui-v0.34.0\ComfyUI-0.34.0\comfy_extras\nodes_mochi.py",".py","1373","0.001","0","2026/9/7 4:01:32","Archive"
"staging\comfyui-v0.34.0\ComfyUI-0.34.0\comfy_extras\nodes_model_advanced.py","F:\一人公司\comfyui-production\staging\comfyui-v0.34.0\ComfyUI-0.34.0\comfy_extras\nodes_model_advanced.py",".py","15871","0.015","0","2026/9/7 4:01:32","Archive"
"staging\comfyui-v0.34.0\ComfyUI-0.34.0\comfy_extras\nodes_model_downscale.py","F:\一人公司\comfyui-production\staging\comfyui-v0.34.0\ComfyUI-0.34.0\comfy_extras\nodes_model_downscale.py",".py","2921","0.003","0","2026/9/7 4:01:32","Archive"
"staging\comfyui-v0.34.0\ComfyUI-0.34.0\comfy_extras\nodes_model_merging.py","F:\一人公司\comfyui-production\staging\comfyui-v0.34.0\ComfyUI-0.34.0\comfy_extras\nodes_model_merging.py",".py","13848","0.013","0","2026/9/7 4:01:32","Archive"
"staging\comfyui-v0.34.0\ComfyUI-0.34.0\comfy_extras\nodes_model_merging_model_specific.py","F:\一人公司\comfyui-production\staging\comfyui-v0.34.0\ComfyUI-0.34.0\comfy_extras\nodes_model_merging_model_specific.py",".py","12412","0.012","0","2026/9/7 4:01:32","Archive"
"staging\comfyui-v0.34.0\ComfyUI-0.34.0\comfy_extras\nodes_model_patch.py","F:\一人公司\comfyui-production\staging\comfyui-v0.34.0\ComfyUI-0.34.0\comfy_extras\nodes_model_patch.py",".py","42298","0.04","0","2026/9/7 4:01:32","Archive"
"staging\comfyui-v0.34.0\ComfyUI-0.34.0\comfy_extras\nodes_moge.py","F:\一人公司\comfyui-production\staging\comfyui-v0.34.0\ComfyUI-0.34.0\comfy_extras\nodes_moge.py",".py","21933","0.021","0","2026/9/7 4:01:32","Archive"
"staging\comfyui-v0.34.0\ComfyUI-0.34.0\comfy_extras\nodes_morphology.py","F:\一人公司\comfyui-production\staging\comfyui-v0.34.0\ComfyUI-0.34.0\comfy_extras\nodes_morphology.py",".py","4068","0.004","0","2026/9/7 4:01:32","Archive"
"staging\comfyui-v0.34.0\ComfyUI-0.34.0\comfy_extras\nodes_multigpu.py","F:\一人公司\comfyui-production\staging\comfyui-v0.34.0\ComfyUI-0.34.0\comfy_extras\nodes_multigpu.py",".py","17365","0.017","0","2026/9/7 4:01:32","Archive"
"staging\comfyui-v0.34.0\ComfyUI-0.34.0\comfy_extras\nodes_nag.py","F:\一人公司\comfyui-production\staging\comfyui-v0.34.0\ComfyUI-0.34.0\comfy_extras\nodes_nag.py",".py","4266","0.004","0","2026/9/7 4:01:32","Archive"
"staging\comfyui-v0.34.0\ComfyUI-0.34.0\comfy_extras\nodes_nop.py","F:\一人公司\comfyui-production\staging\comfyui-v0.34.0\ComfyUI-0.34.0\comfy_extras\nodes_nop.py",".py","1411","0.001","0","2026/9/7 4:01:32","Archive"
"staging\comfyui-v0.34.0\ComfyUI-0.34.0\comfy_extras\nodes_number_convert.py","F:\一人公司\comfyui-production\staging\comfyui-v0.34.0\ComfyUI-0.34.0\comfy_extras\nodes_number_convert.py",".py","2849","0.003","0","2026/9/7 4:01:32","Archive"
"staging\comfyui-v0.34.0\ComfyUI-0.34.0\comfy_extras\nodes_optimalsteps.py","F:\一人公司\comfyui-production\staging\comfyui-v0.34.0\ComfyUI-0.34.0\comfy_extras\nodes_optimalsteps.py",".py","2475","0.002","0","2026/9/7 4:01:32","Archive"
"staging\comfyui-v0.34.0\ComfyUI-0.34.0\comfy_extras\nodes_pag.py","F:\一人公司\comfyui-production\staging\comfyui-v0.34.0\ComfyUI-0.34.0\comfy_extras\nodes_pag.py",".py","2179","0.002","0","2026/9/7 4:01:32","Archive"
"staging\comfyui-v0.34.0\ComfyUI-0.34.0\comfy_extras\nodes_painter.py","F:\一人公司\comfyui-production\staging\comfyui-v0.34.0\ComfyUI-0.34.0\comfy_extras\nodes_painter.py",".py","4089","0.004","0","2026/9/7 4:01:32","Archive"
"staging\comfyui-v0.34.0\ComfyUI-0.34.0\comfy_extras\nodes_perpneg.py","F:\一人公司\comfyui-production\staging\comfyui-v0.34.0\ComfyUI-0.34.0\comfy_extras\nodes_perpneg.py",".py","6597","0.006","0","2026/9/7 4:01:32","Archive"
"staging\comfyui-v0.34.0\ComfyUI-0.34.0\comfy_extras\nodes_photomaker.py","F:\一人公司\comfyui-production\staging\comfyui-v0.34.0\ComfyUI-0.34.0\comfy_extras\nodes_photomaker.py",".py","8191","0.008","0","2026/9/7 4:01:32","Archive"
"staging\comfyui-v0.34.0\ComfyUI-0.34.0\comfy_extras\nodes_pid.py","F:\一人公司\comfyui-production\staging\comfyui-v0.34.0\ComfyUI-0.34.0\comfy_extras\nodes_pid.py",".py","2554","0.002","0","2026/9/7 4:01:32","Archive"
"staging\comfyui-v0.34.0\ComfyUI-0.34.0\comfy_extras\nodes_pixart.py","F:\一人公司\comfyui-production\staging\comfyui-v0.34.0\ComfyUI-0.34.0\comfy_extras\nodes_pixart.py",".py","1553","0.001","0","2026/9/7 4:01:32","Archive"
"staging\comfyui-v0.34.0\ComfyUI-0.34.0\comfy_extras\nodes_post_processing.py","F:\一人公司\comfyui-production\staging\comfyui-v0.34.0\ComfyUI-0.34.0\comfy_extras\nodes_post_processing.py",".py","40627","0.039","0","2026/9/7 4:01:32","Archive"
"staging\comfyui-v0.34.0\ComfyUI-0.34.0\comfy_extras\nodes_preview_any.py","F:\一人公司\comfyui-production\staging\comfyui-v0.34.0\ComfyUI-0.34.0\comfy_extras\nodes_preview_any.py",".py","1468","0.001","0","2026/9/7 4:01:32","Archive"
"staging\comfyui-v0.34.0\ComfyUI-0.34.0\comfy_extras\nodes_primitive.py","F:\一人公司\comfyui-production\staging\comfyui-v0.34.0\ComfyUI-0.34.0\comfy_extras\nodes_primitive.py",".py","3030","0.003","0","2026/9/7 4:01:32","Archive"
"staging\comfyui-v0.34.0\ComfyUI-0.34.0\comfy_extras\nodes_qwen.py","F:\一人公司\comfyui-production\staging\comfyui-v0.34.0\ComfyUI-0.34.0\comfy_extras\nodes_qwen.py",".py","6020","0.006","0","2026/9/7 4:01:32","Archive"
"staging\comfyui-v0.34.0\ComfyUI-0.34.0\comfy_extras\nodes_rebatch.py","F:\一人公司\comfyui-production\staging\comfyui-v0.34.0\ComfyUI-0.34.0\comfy_extras\nodes_rebatch.py",".py","5661","0.005","0","2026/9/7 4:01:32","Archive"
"staging\comfyui-v0.34.0\ComfyUI-0.34.0\comfy_extras\nodes_replacements.py","F:\一人公司\comfyui-production\staging\comfyui-v0.34.0\ComfyUI-0.34.0\comfy_extras\nodes_replacements.py",".py","3888","0.004","0","2026/9/7 4:01:32","Archive"
"staging\comfyui-v0.34.0\ComfyUI-0.34.0\comfy_extras\nodes_resolution.py","F:\一人公司\comfyui-production\staging\comfyui-v0.34.0\ComfyUI-0.34.0\comfy_extras\nodes_resolution.py",".py","3233","0.003","0","2026/9/7 4:01:32","Archive"
"staging\comfyui-v0.34.0\ComfyUI-0.34.0\comfy_extras\nodes_rope.py","F:\一人公司\comfyui-production\staging\comfyui-v0.34.0\ComfyUI-0.34.0\comfy_extras\nodes_rope.py",".py","1642","0.002","0","2026/9/7 4:01:32","Archive"
"staging\comfyui-v0.34.0\ComfyUI-0.34.0\comfy_extras\nodes_rtdetr.py","F:\一人公司\comfyui-production\staging\comfyui-v0.34.0\ComfyUI-0.34.0\comfy_extras\nodes_rtdetr.py",".py","6307","0.006","0","2026/9/7 4:01:32","Archive"
"staging\comfyui-v0.34.0\ComfyUI-0.34.0\comfy_extras\nodes_sag.py","F:\一人公司\comfyui-production\staging\comfyui-v0.34.0\ComfyUI-0.34.0\comfy_extras\nodes_sag.py",".py","6597","0.006","0","2026/9/7 4:01:32","Archive"
"staging\comfyui-v0.34.0\ComfyUI-0.34.0\comfy_extras\nodes_sam3.py","F:\一人公司\comfyui-production\staging\comfyui-v0.34.0\ComfyUI-0.34.0\comfy_extras\nodes_sam3.py",".py","26140","0.025","0","2026/9/7 4:01:32","Archive"
"staging\comfyui-v0.34.0\ComfyUI-0.34.0\comfy_extras\nodes_sam3d_body.py","F:\一人公司\comfyui-production\staging\comfyui-v0.34.0\ComfyUI-0.34.0\comfy_extras\nodes_sam3d_body.py",".py","71075","0.068","0.0001","2026/9/7 4:01:32","Archive"
"staging\comfyui-v0.34.0\ComfyUI-0.34.0\comfy_extras\nodes_save_3d.py","F:\一人公司\comfyui-production\staging\comfyui-v0.34.0\ComfyUI-0.34.0\comfy_extras\nodes_save_3d.py",".py","45468","0.043","0","2026/9/7 4:01:32","Archive"
"staging\comfyui-v0.34.0\ComfyUI-0.34.0\comfy_extras\nodes_scail.py","F:\一人公司\comfyui-production\staging\comfyui-v0.34.0\ComfyUI-0.34.0\comfy_extras\nodes_scail.py",".py","20196","0.019","0","2026/9/7 4:01:32","Archive"
"staging\comfyui-v0.34.0\ComfyUI-0.34.0\comfy_extras\nodes_sd3.py","F:\一人公司\comfyui-production\staging\comfyui-v0.34.0\ComfyUI-0.34.0\comfy_extras\nodes_sd3.py",".py","8294","0.008","0","2026/9/7 4:01:32","Archive"
"staging\comfyui-v0.34.0\ComfyUI-0.34.0\comfy_extras\nodes_sdpose.py","F:\一人公司\comfyui-production\staging\comfyui-v0.34.0\ComfyUI-0.34.0\comfy_extras\nodes_sdpose.py",".py","22387","0.021","0","2026/9/7 4:01:32","Archive"
"staging\comfyui-v0.34.0\ComfyUI-0.34.0\comfy_extras\nodes_sdupscale.py","F:\一人公司\comfyui-production\staging\comfyui-v0.34.0\ComfyUI-0.34.0\comfy_extras\nodes_sdupscale.py",".py","2173","0.002","0","2026/9/7 4:01:32","Archive"
"staging\comfyui-v0.34.0\ComfyUI-0.34.0\comfy_extras\nodes_seed.py","F:\一人公司\comfyui-production\staging\comfyui-v0.34.0\ComfyUI-0.34.0\comfy_extras\nodes_seed.py",".py","889","0.001","0","2026/9/7 4:01:32","Archive"
"staging\comfyui-v0.34.0\ComfyUI-0.34.0\comfy_extras\nodes_seedvr.py","F:\一人公司\comfyui-production\staging\comfyui-v0.34.0\ComfyUI-0.34.0\comfy_extras\nodes_seedvr.py",".py","28383","0.027","0","2026/9/7 4:01:32","Archive"
"staging\comfyui-v0.34.0\ComfyUI-0.34.0\comfy_extras\nodes_slg.py","F:\一人公司\comfyui-production\staging\comfyui-v0.34.0\ComfyUI-0.34.0\comfy_extras\nodes_slg.py",".py","7161","0.007","0","2026/9/7 4:01:32","Archive"
"staging\comfyui-v0.34.0\ComfyUI-0.34.0\comfy_extras\nodes_stable3d.py","F:\一人公司\comfyui-production\staging\comfyui-v0.34.0\ComfyUI-0.34.0\comfy_extras\nodes_stable3d.py",".py","7689","0.007","0","2026/9/7 4:01:32","Archive"
"staging\comfyui-v0.34.0\ComfyUI-0.34.0\comfy_extras\nodes_stable_cascade.py","F:\一人公司\comfyui-production\staging\comfyui-v0.34.0\ComfyUI-0.34.0\comfy_extras\nodes_stable_cascade.py",".py","5585","0.005","0","2026/9/7 4:01:32","Archive"
"staging\comfyui-v0.34.0\ComfyUI-0.34.0\comfy_extras\nodes_string.py","F:\一人公司\comfyui-production\staging\comfyui-v0.34.0\ComfyUI-0.34.0\comfy_extras\nodes_string.py",".py","17166","0.016","0","2026/9/7 4:01:32","Archive"
"staging\comfyui-v0.34.0\ComfyUI-0.34.0\comfy_extras\nodes_tcfg.py","F:\一人公司\comfyui-production\staging\comfyui-v0.34.0\ComfyUI-0.34.0\comfy_extras\nodes_tcfg.py",".py","2695","0.003","0","2026/9/7 4:01:32","Archive"
"staging\comfyui-v0.34.0\ComfyUI-0.34.0\comfy_extras\nodes_text.py","F:\一人公司\comfyui-production\staging\comfyui-v0.34.0\ComfyUI-0.34.0\comfy_extras\nodes_text.py",".py","2608","0.002","0","2026/9/7 4:01:32","Archive"
"staging\comfyui-v0.34.0\ComfyUI-0.34.0\comfy_extras\nodes_textgen.py","F:\一人公司\comfyui-production\staging\comfyui-v0.34.0\ComfyUI-0.34.0\comfy_extras\nodes_textgen.py",".py","23350","0.022","0","2026/9/7 4:01:32","Archive"
"staging\comfyui-v0.34.0\ComfyUI-0.34.0\comfy_extras\nodes_text_overlay.py","F:\一人公司\comfyui-production\staging\comfyui-v0.34.0\ComfyUI-0.34.0\comfy_extras\nodes_text_overlay.py",".py","6416","0.006","0","2026/9/7 4:01:32","Archive"
"staging\comfyui-v0.34.0\ComfyUI-0.34.0\comfy_extras\nodes_tomesd.py","F:\一人公司\comfyui-production\staging\comfyui-v0.34.0\ComfyUI-0.34.0\comfy_extras\nodes_tomesd.py",".py","7061","0.007","0","2026/9/7 4:01:32","Archive"
"staging\comfyui-v0.34.0\ComfyUI-0.34.0\comfy_extras\nodes_toolkit.py","F:\一人公司\comfyui-production\staging\comfyui-v0.34.0\ComfyUI-0.34.0\comfy_extras\nodes_toolkit.py",".py","1422","0.001","0","2026/9/7 4:01:32","Archive"
"staging\comfyui-v0.34.0\ComfyUI-0.34.0\comfy_extras\nodes_torch_compile.py","F:\一人公司\comfyui-production\staging\comfyui-v0.34.0\ComfyUI-0.34.0\comfy_extras\nodes_torch_compile.py",".py","1352","0.001","0","2026/9/7 4:01:32","Archive"
"staging\comfyui-v0.34.0\ComfyUI-0.34.0\comfy_extras\nodes_train.py","F:\一人公司\comfyui-production\staging\comfyui-v0.34.0\ComfyUI-0.34.0\comfy_extras\nodes_train.py",".py","53633","0.051","0","2026/9/7 4:01:32","Archive"
"staging\comfyui-v0.34.0\ComfyUI-0.34.0\comfy_extras\nodes_trellis2.py","F:\一人公司\comfyui-production\staging\comfyui-v0.34.0\ComfyUI-0.34.0\comfy_extras\nodes_trellis2.py",".py","35362","0.034","0","2026/9/7 4:01:32","Archive"
"staging\comfyui-v0.34.0\ComfyUI-0.34.0\comfy_extras\nodes_triposplat.py","F:\一人公司\comfyui-production\staging\comfyui-v0.34.0\ComfyUI-0.34.0\comfy_extras\nodes_triposplat.py",".py","13742","0.013","0","2026/9/7 4:01:32","Archive"
"staging\comfyui-v0.34.0\ComfyUI-0.34.0\comfy_extras\nodes_upscale_model.py","F:\一人公司\comfyui-production\staging\comfyui-v0.34.0\ComfyUI-0.34.0\comfy_extras\nodes_upscale_model.py",".py","4293","0.004","0","2026/9/7 4:01:32","Archive"
"staging\comfyui-v0.34.0\ComfyUI-0.34.0\comfy_extras\nodes_video.py","F:\一人公司\comfyui-production\staging\comfyui-v0.34.0\ComfyUI-0.34.0\comfy_extras\nodes_video.py",".py","16230","0.015","0","2026/9/7 4:01:32","Archive"
"staging\comfyui-v0.34.0\ComfyUI-0.34.0\comfy_extras\nodes_video_model.py","F:\一人公司\comfyui-production\staging\comfyui-v0.34.0\ComfyUI-0.34.0\comfy_extras\nodes_video_model.py",".py","7792","0.007","0","2026/9/7 4:01:32","Archive"
"staging\comfyui-v0.34.0\ComfyUI-0.34.0\comfy_extras\nodes_void.py","F:\一人公司\comfyui-production\staging\comfyui-v0.34.0\ComfyUI-0.34.0\comfy_extras\nodes_void.py",".py","18497","0.018","0","2026/9/7 4:01:32","Archive"
"staging\comfyui-v0.34.0\ComfyUI-0.34.0\comfy_extras\nodes_wan.py","F:\一人公司\comfyui-production\staging\comfyui-v0.34.0\ComfyUI-0.34.0\comfy_extras\nodes_wan.py",".py","87711","0.084","0.0001","2026/9/7 4:01:32","Archive"
"staging\comfyui-v0.34.0\ComfyUI-0.34.0\comfy_extras\nodes_wandancer.py","F:\一人公司\comfyui-production\staging\comfyui-v0.34.0\ComfyUI-0.34.0\comfy_extras\nodes_wandancer.py",".py","38991","0.037","0","2026/9/7 4:01:32","Archive"
"staging\comfyui-v0.34.0\ComfyUI-0.34.0\comfy_extras\nodes_wanmove.py","F:\一人公司\comfyui-production\staging\comfyui-v0.34.0\ComfyUI-0.34.0\comfy_extras\nodes_wanmove.py",".py","24027","0.023","0","2026/9/7 4:01:32","Archive"
"staging\comfyui-v0.34.0\ComfyUI-0.34.0\comfy_extras\nodes_webcam.py","F:\一人公司\comfyui-production\staging\comfyui-v0.34.0\ComfyUI-0.34.0\comfy_extras\nodes_webcam.py",".py","1068","0.001","0","2026/9/7 4:01:32","Archive"
"staging\comfyui-v0.34.0\ComfyUI-0.34.0\comfy_extras\nodes_zimage.py","F:\一人公司\comfyui-production\staging\comfyui-v0.34.0\ComfyUI-0.34.0\comfy_extras\nodes_zimage.py",".py","3600","0.003","0","2026/9/7 4:01:32","Archive"
"staging\comfyui-v0.34.0\ComfyUI-0.34.0\comfy_extras\void_noise_warp.py","F:\一人公司\comfyui-production\staging\comfyui-v0.34.0\ComfyUI-0.34.0\comfy_extras\void_noise_warp.py",".py","19192","0.018","0","2026/9/7 4:01:32","Archive"
"staging\comfyui-v0.34.0\ComfyUI-0.34.0\comfy_extras\chainner_models\model_loading.py","F:\一人公司\comfyui-production\staging\comfyui-v0.34.0\ComfyUI-0.34.0\comfy_extras\chainner_models\model_loading.py",".py","260","0","0","2026/9/7 4:01:32","Archive"
"staging\comfyui-v0.34.0\ComfyUI-0.34.0\comfy_extras\frame_interpolation_models\film_net.py","F:\一人公司\comfyui-production\staging\comfyui-v0.34.0\ComfyUI-0.34.0\comfy_extras\frame_interpolation_models\film_net.py",".py","12302","0.012","0","2026/9/7 4:01:32","Archive"
"staging\comfyui-v0.34.0\ComfyUI-0.34.0\comfy_extras\frame_interpolation_models\ifnet.py","F:\一人公司\comfyui-production\staging\comfyui-v0.34.0\ComfyUI-0.34.0\comfy_extras\frame_interpolation_models\ifnet.py",".py","6114","0.006","0","2026/9/7 4:01:32","Archive"
"staging\comfyui-v0.34.0\ComfyUI-0.34.0\comfy_extras\mediapipe\face_geometry.py","F:\一人公司\comfyui-production\staging\comfyui-v0.34.0\ComfyUI-0.34.0\comfy_extras\mediapipe\face_geometry.py",".py","4686","0.004","0","2026/9/7 4:01:32","Archive"
"staging\comfyui-v0.34.0\ComfyUI-0.34.0\comfy_extras\mediapipe\face_landmarker.py","F:\一人公司\comfyui-production\staging\comfyui-v0.34.0\ComfyUI-0.34.0\comfy_extras\mediapipe\face_landmarker.py",".py","35782","0.034","0","2026/9/7 4:01:32","Archive"
"staging\comfyui-v0.34.0\ComfyUI-0.34.0\comfy_extras\mesh3d\postprocess\qem_decimate.py","F:\一人公司\comfyui-production\staging\comfyui-v0.34.0\ComfyUI-0.34.0\comfy_extras\mesh3d\postprocess\qem_decimate.py",".py","72595","0.069","0.0001","2026/9/7 4:01:32","Archive"
"staging\comfyui-v0.34.0\ComfyUI-0.34.0\comfy_extras\mesh3d\postprocess\remesh.py","F:\一人公司\comfyui-production\staging\comfyui-v0.34.0\ComfyUI-0.34.0\comfy_extras\mesh3d\postprocess\remesh.py",".py","51904","0.049","0","2026/9/7 4:01:32","Archive"
"staging\comfyui-v0.34.0\ComfyUI-0.34.0\comfy_extras\mesh3d\uv_unwrap\mesh.py","F:\一人公司\comfyui-production\staging\comfyui-v0.34.0\ComfyUI-0.34.0\comfy_extras\mesh3d\uv_unwrap\mesh.py",".py","5530","0.005","0","2026/9/7 4:01:32","Archive"
"staging\comfyui-v0.34.0\ComfyUI-0.34.0\comfy_extras\mesh3d\uv_unwrap\pack.py","F:\一人公司\comfyui-production\staging\comfyui-v0.34.0\ComfyUI-0.34.0\comfy_extras\mesh3d\uv_unwrap\pack.py",".py","38382","0.037","0","2026/9/7 4:01:32","Archive"
"staging\comfyui-v0.34.0\ComfyUI-0.34.0\comfy_extras\mesh3d\uv_unwrap\parameterize.py","F:\一人公司\comfyui-production\staging\comfyui-v0.34.0\ComfyUI-0.34.0\comfy_extras\mesh3d\uv_unwrap\parameterize.py",".py","23565","0.022","0","2026/9/7 4:01:32","Archive"
"staging\comfyui-v0.34.0\ComfyUI-0.34.0\comfy_extras\mesh3d\uv_unwrap\segment.py","F:\一人公司\comfyui-production\staging\comfyui-v0.34.0\ComfyUI-0.34.0\comfy_extras\mesh3d\uv_unwrap\segment.py",".py","17039","0.016","0","2026/9/7 4:01:32","Archive"
"staging\comfyui-v0.34.0\ComfyUI-0.34.0\comfy_extras\pose\keypoint_draw.py","F:\一人公司\comfyui-production\staging\comfyui-v0.34.0\ComfyUI-0.34.0\comfy_extras\pose\keypoint_draw.py",".py","22023","0.021","0","2026/9/7 4:01:32","Archive"
"staging\comfyui-v0.34.0\ComfyUI-0.34.0\comfy_extras\sam3d_body\face_expression.py","F:\一人公司\comfyui-production\staging\comfyui-v0.34.0\ComfyUI-0.34.0\comfy_extras\sam3d_body\face_expression.py",".py","20463","0.02","0","2026/9/7 4:01:32","Archive"
"staging\comfyui-v0.34.0\ComfyUI-0.34.0\comfy_extras\sam3d_body\rasterizer.py","F:\一人公司\comfyui-production\staging\comfyui-v0.34.0\ComfyUI-0.34.0\comfy_extras\sam3d_body\rasterizer.py",".py","18351","0.018","0","2026/9/7 4:01:32","Archive"
"staging\comfyui-v0.34.0\ComfyUI-0.34.0\comfy_extras\sam3d_body\utils.py","F:\一人公司\comfyui-production\staging\comfyui-v0.34.0\ComfyUI-0.34.0\comfy_extras\sam3d_body\utils.py",".py","21271","0.02","0","2026/9/7 4:01:32","Archive"
"staging\comfyui-v0.34.0\ComfyUI-0.34.0\comfy_extras\sam3d_body\export\bvh.py","F:\一人公司\comfyui-production\staging\comfyui-v0.34.0\ComfyUI-0.34.0\comfy_extras\sam3d_body\export\bvh.py",".py","8111","0.008","0","2026/9/7 4:01:32","Archive"
"staging\comfyui-v0.34.0\ComfyUI-0.34.0\comfy_extras\sam3d_body\export\capsules.py","F:\一人公司\comfyui-production\staging\comfyui-v0.34.0\ComfyUI-0.34.0\comfy_extras\sam3d_body\export\capsules.py",".py","16878","0.016","0","2026/9/7 4:01:32","Archive"
"staging\comfyui-v0.34.0\ComfyUI-0.34.0\comfy_extras\sam3d_body\export\glb_openpose.py","F:\一人公司\comfyui-production\staging\comfyui-v0.34.0\ComfyUI-0.34.0\comfy_extras\sam3d_body\export\glb_openpose.py",".py","45162","0.043","0","2026/9/7 4:01:32","Archive"
"staging\comfyui-v0.34.0\ComfyUI-0.34.0\comfy_extras\sam3d_body\export\glb_shared.py","F:\一人公司\comfyui-production\staging\comfyui-v0.34.0\ComfyUI-0.34.0\comfy_extras\sam3d_body\export\glb_shared.py",".py","52425","0.05","0","2026/9/7 4:01:32","Archive"
"staging\comfyui-v0.34.0\ComfyUI-0.34.0\comfy_extras\sam3d_body\export\glb_skeletal.py","F:\一人公司\comfyui-production\staging\comfyui-v0.34.0\ComfyUI-0.34.0\comfy_extras\sam3d_body\export\glb_skeletal.py",".py","22334","0.021","0","2026/9/7 4:01:32","Archive"
"staging\comfyui-v0.34.0\ComfyUI-0.34.0\comfy_extras\sam3d_body\export\openpose_2d.py","F:\一人公司\comfyui-production\staging\comfyui-v0.34.0\ComfyUI-0.34.0\comfy_extras\sam3d_body\export\openpose_2d.py",".py","8822","0.008","0","2026/9/7 4:01:32","Archive"
"staging\comfyui-v0.34.0\ComfyUI-0.34.0\custom_nodes\example_node.py.example","F:\一人公司\comfyui-production\staging\comfyui-v0.34.0\ComfyUI-0.34.0\custom_nodes\example_node.py.example",".example","5151","0.005","0","2026/9/7 4:01:32","Archive"
"staging\comfyui-v0.34.0\ComfyUI-0.34.0\custom_nodes\websocket_image_save.py","F:\一人公司\comfyui-production\staging\comfyui-v0.34.0\ComfyUI-0.34.0\custom_nodes\websocket_image_save.py",".py","1301","0.001","0","2026/9/7 4:01:32","Archive"
"staging\comfyui-v0.34.0\ComfyUI-0.34.0\input\example.png","F:\一人公司\comfyui-production\staging\comfyui-v0.34.0\ComfyUI-0.34.0\input\example.png",".png","8589","0.008","0","2026/9/7 4:01:32","Archive"
"staging\comfyui-v0.34.0\ComfyUI-0.34.0\middleware\cache_middleware.py","F:\一人公司\comfyui-production\staging\comfyui-v0.34.0\ComfyUI-0.34.0\middleware\cache_middleware.py",".py","1706","0.002","0","2026/9/7 4:01:32","Archive"
"staging\comfyui-v0.34.0\ComfyUI-0.34.0\middleware\__init__.py","F:\一人公司\comfyui-production\staging\comfyui-v0.34.0\ComfyUI-0.34.0\middleware\__init__.py",".py","32","0","0","2026/9/7 4:01:32","Archive"
"staging\comfyui-v0.34.0\ComfyUI-0.34.0\models\audio_encoders\put_audio_encoder_models_here","F:\一人公司\comfyui-production\staging\comfyui-v0.34.0\ComfyUI-0.34.0\models\audio_encoders\put_audio_encoder_models_here","","0","0","0","2026/9/7 4:01:32","Archive"
"staging\comfyui-v0.34.0\ComfyUI-0.34.0\models\background_removal\put_background_removal_models_here","F:\一人公司\comfyui-production\staging\comfyui-v0.34.0\ComfyUI-0.34.0\models\background_removal\put_background_removal_models_here","","0","0","0","2026/9/7 4:01:32","Archive"
"staging\comfyui-v0.34.0\ComfyUI-0.34.0\models\checkpoints\put_checkpoints_here","F:\一人公司\comfyui-production\staging\comfyui-v0.34.0\ComfyUI-0.34.0\models\checkpoints\put_checkpoints_here","","0","0","0","2026/9/7 4:01:32","Archive"
"staging\comfyui-v0.34.0\ComfyUI-0.34.0\models\clip\put_clip_or_text_encoder_models_here","F:\一人公司\comfyui-production\staging\comfyui-v0.34.0\ComfyUI-0.34.0\models\clip\put_clip_or_text_encoder_models_here","","0","0","0","2026/9/7 4:01:32","Archive"
"staging\comfyui-v0.34.0\ComfyUI-0.34.0\models\clip_vision\put_clip_vision_models_here","F:\一人公司\comfyui-production\staging\comfyui-v0.34.0\ComfyUI-0.34.0\models\clip_vision\put_clip_vision_models_here","","0","0","0","2026/9/7 4:01:32","Archive"
"staging\comfyui-v0.34.0\ComfyUI-0.34.0\models\configs\anything_v3.yaml","F:\一人公司\comfyui-production\staging\comfyui-v0.34.0\ComfyUI-0.34.0\models\configs\anything_v3.yaml",".yaml","1933","0.002","0","2026/9/7 4:01:32","Archive"
"staging\comfyui-v0.34.0\ComfyUI-0.34.0\models\configs\v1-inference.yaml","F:\一人公司\comfyui-production\staging\comfyui-v0.34.0\ComfyUI-0.34.0\models\configs\v1-inference.yaml",".yaml","1873","0.002","0","2026/9/7 4:01:32","Archive"
"staging\comfyui-v0.34.0\ComfyUI-0.34.0\models\configs\v1-inference_clip_skip_2.yaml","F:\一人公司\comfyui-production\staging\comfyui-v0.34.0\ComfyUI-0.34.0\models\configs\v1-inference_clip_skip_2.yaml",".yaml","1933","0.002","0","2026/9/7 4:01:32","Archive"
"staging\comfyui-v0.34.0\ComfyUI-0.34.0\models\configs\v1-inference_clip_skip_2_fp16.yaml","F:\一人公司\comfyui-production\staging\comfyui-v0.34.0\ComfyUI-0.34.0\models\configs\v1-inference_clip_skip_2_fp16.yaml",".yaml","1956","0.002","0","2026/9/7 4:01:32","Archive"
"staging\comfyui-v0.34.0\ComfyUI-0.34.0\models\configs\v1-inference_fp16.yaml","F:\一人公司\comfyui-production\staging\comfyui-v0.34.0\ComfyUI-0.34.0\models\configs\v1-inference_fp16.yaml",".yaml","1896","0.002","0","2026/9/7 4:01:32","Archive"
"staging\comfyui-v0.34.0\ComfyUI-0.34.0\models\configs\v1-inpainting-inference.yaml","F:\一人公司\comfyui-production\staging\comfyui-v0.34.0\ComfyUI-0.34.0\models\configs\v1-inpainting-inference.yaml",".yaml","1992","0.002","0","2026/9/7 4:01:32","Archive"
"staging\comfyui-v0.34.0\ComfyUI-0.34.0\models\configs\v2-inference-v.yaml","F:\一人公司\comfyui-production\staging\comfyui-v0.34.0\ComfyUI-0.34.0\models\configs\v2-inference-v.yaml",".yaml","1815","0.002","0","2026/9/7 4:01:32","Archive"
"staging\comfyui-v0.34.0\ComfyUI-0.34.0\models\configs\v2-inference-v_fp32.yaml","F:\一人公司\comfyui-production\staging\comfyui-v0.34.0\ComfyUI-0.34.0\models\configs\v2-inference-v_fp32.yaml",".yaml","1816","0.002","0","2026/9/7 4:01:32","Archive"
"staging\comfyui-v0.34.0\ComfyUI-0.34.0\models\configs\v2-inference.yaml","F:\一人公司\comfyui-production\staging\comfyui-v0.34.0\ComfyUI-0.34.0\models\configs\v2-inference.yaml",".yaml","1789","0.002","0","2026/9/7 4:01:32","Archive"
"staging\comfyui-v0.34.0\ComfyUI-0.34.0\models\configs\v2-inference_fp32.yaml","F:\一人公司\comfyui-production\staging\comfyui-v0.34.0\ComfyUI-0.34.0\models\configs\v2-inference_fp32.yaml",".yaml","1790","0.002","0","2026/9/7 4:01:32","Archive"
"staging\comfyui-v0.34.0\ComfyUI-0.34.0\models\configs\v2-inpainting-inference.yaml","F:\一人公司\comfyui-production\staging\comfyui-v0.34.0\ComfyUI-0.34.0\models\configs\v2-inpainting-inference.yaml",".yaml","4450","0.004","0","2026/9/7 4:01:32","Archive"
"staging\comfyui-v0.34.0\ComfyUI-0.34.0\models\controlnet\put_controlnets_and_t2i_here","F:\一人公司\comfyui-production\staging\comfyui-v0.34.0\ComfyUI-0.34.0\models\controlnet\put_controlnets_and_t2i_here","","0","0","0","2026/9/7 4:01:32","Archive"
"staging\comfyui-v0.34.0\ComfyUI-0.34.0\models\detection\put_detection_models_here","F:\一人公司\comfyui-production\staging\comfyui-v0.34.0\ComfyUI-0.34.0\models\detection\put_detection_models_here","","0","0","0","2026/9/7 4:01:32","Archive"
"staging\comfyui-v0.34.0\ComfyUI-0.34.0\models\diffusers\put_diffusers_models_here","F:\一人公司\comfyui-production\staging\comfyui-v0.34.0\ComfyUI-0.34.0\models\diffusers\put_diffusers_models_here","","0","0","0","2026/9/7 4:01:32","Archive"
"staging\comfyui-v0.34.0\ComfyUI-0.34.0\models\diffusion_models\put_diffusion_model_files_here","F:\一人公司\comfyui-production\staging\comfyui-v0.34.0\ComfyUI-0.34.0\models\diffusion_models\put_diffusion_model_files_here","","0","0","0","2026/9/7 4:01:32","Archive"
"staging\comfyui-v0.34.0\ComfyUI-0.34.0\models\embeddings\put_embeddings_or_textual_inversion_concepts_here","F:\一人公司\comfyui-production\staging\comfyui-v0.34.0\ComfyUI-0.34.0\models\embeddings\put_embeddings_or_textual_inversion_concepts_here","","0","0","0","2026/9/7 4:01:32","Archive"
"staging\comfyui-v0.34.0\ComfyUI-0.34.0\models\frame_interpolation\put_frame_interpolation_models_here","F:\一人公司\comfyui-production\staging\comfyui-v0.34.0\ComfyUI-0.34.0\models\frame_interpolation\put_frame_interpolation_models_here","","0","0","0","2026/9/7 4:01:32","Archive"
"staging\comfyui-v0.34.0\ComfyUI-0.34.0\models\geometry_estimation\put_geometry_estimation_models_here","F:\一人公司\comfyui-production\staging\comfyui-v0.34.0\ComfyUI-0.34.0\models\geometry_estimation\put_geometry_estimation_models_here","","0","0","0","2026/9/7 4:01:32","Archive"
"staging\comfyui-v0.34.0\ComfyUI-0.34.0\models\gligen\put_gligen_models_here","F:\一人公司\comfyui-production\staging\comfyui-v0.34.0\ComfyUI-0.34.0\models\gligen\put_gligen_models_here","","0","0","0","2026/9/7 4:01:32","Archive"
"staging\comfyui-v0.34.0\ComfyUI-0.34.0\models\hypernetworks\put_hypernetworks_here","F:\一人公司\comfyui-production\staging\comfyui-v0.34.0\ComfyUI-0.34.0\models\hypernetworks\put_hypernetworks_here","","0","0","0","2026/9/7 4:01:32","Archive"
"staging\comfyui-v0.34.0\ComfyUI-0.34.0\models\latent_upscale_models\put_latent_upscale_models_here","F:\一人公司\comfyui-production\staging\comfyui-v0.34.0\ComfyUI-0.34.0\models\latent_upscale_models\put_latent_upscale_models_here","","0","0","0","2026/9/7 4:01:32","Archive"
"staging\comfyui-v0.34.0\ComfyUI-0.34.0\models\loras\put_loras_here","F:\一人公司\comfyui-production\staging\comfyui-v0.34.0\ComfyUI-0.34.0\models\loras\put_loras_here","","0","0","0","2026/9/7 4:01:32","Archive"
"staging\comfyui-v0.34.0\ComfyUI-0.34.0\models\model_patches\put_model_patches_here","F:\一人公司\comfyui-production\staging\comfyui-v0.34.0\ComfyUI-0.34.0\models\model_patches\put_model_patches_here","","0","0","0","2026/9/7 4:01:32","Archive"
"staging\comfyui-v0.34.0\ComfyUI-0.34.0\models\optical_flow\put_optical_flow_models_here","F:\一人公司\comfyui-production\staging\comfyui-v0.34.0\ComfyUI-0.34.0\models\optical_flow\put_optical_flow_models_here","","0","0","0","2026/9/7 4:01:32","Archive"
"staging\comfyui-v0.34.0\ComfyUI-0.34.0\models\photomaker\put_photomaker_models_here","F:\一人公司\comfyui-production\staging\comfyui-v0.34.0\ComfyUI-0.34.0\models\photomaker\put_photomaker_models_here","","0","0","0","2026/9/7 4:01:32","Archive"
"staging\comfyui-v0.34.0\ComfyUI-0.34.0\models\style_models\put_t2i_style_model_here","F:\一人公司\comfyui-production\staging\comfyui-v0.34.0\ComfyUI-0.34.0\models\style_models\put_t2i_style_model_here","","0","0","0","2026/9/7 4:01:32","Archive"
"staging\comfyui-v0.34.0\ComfyUI-0.34.0\models\text_encoders\put_text_encoder_files_here","F:\一人公司\comfyui-production\staging\comfyui-v0.34.0\ComfyUI-0.34.0\models\text_encoders\put_text_encoder_files_here","","0","0","0","2026/9/7 4:01:32","Archive"
"staging\comfyui-v0.34.0\ComfyUI-0.34.0\models\unet\put_unet_files_here","F:\一人公司\comfyui-production\staging\comfyui-v0.34.0\ComfyUI-0.34.0\models\unet\put_unet_files_here","","0","0","0","2026/9/7 4:01:32","Archive"
"staging\comfyui-v0.34.0\ComfyUI-0.34.0\models\upscale_models\put_esrgan_and_other_upscale_models_here","F:\一人公司\comfyui-production\staging\comfyui-v0.34.0\ComfyUI-0.34.0\models\upscale_models\put_esrgan_and_other_upscale_models_here","","0","0","0","2026/9/7 4:01:32","Archive"
"staging\comfyui-v0.34.0\ComfyUI-0.34.0\models\vae\put_vae_here","F:\一人公司\comfyui-production\staging\comfyui-v0.34.0\ComfyUI-0.34.0\models\vae\put_vae_here","","0","0","0","2026/9/7 4:01:32","Archive"
"staging\comfyui-v0.34.0\ComfyUI-0.34.0\models\vae_approx\put_taesd_encoder_pth_and_taesd_decoder_pth_here","F:\一人公司\comfyui-production\staging\comfyui-v0.34.0\ComfyUI-0.34.0\models\vae_approx\put_taesd_encoder_pth_and_taesd_decoder_pth_here","","0","0","0","2026/9/7 4:01:32","Archive"
"staging\comfyui-v0.34.0\ComfyUI-0.34.0\output\_output_images_will_be_put_here","F:\一人公司\comfyui-production\staging\comfyui-v0.34.0\ComfyUI-0.34.0\output\_output_images_will_be_put_here","","0","0","0","2026/9/7 4:01:32","Archive"
"staging\comfyui-v0.34.0\ComfyUI-0.34.0\script_examples\basic_api_example.py","F:\一人公司\comfyui-production\staging\comfyui-v0.34.0\ComfyUI-0.34.0\script_examples\basic_api_example.py",".py","2830","0.003","0","2026/9/7 4:01:32","Archive"
"staging\comfyui-v0.34.0\ComfyUI-0.34.0\script_examples\websockets_api_example.py","F:\一人公司\comfyui-production\staging\comfyui-v0.34.0\ComfyUI-0.34.0\script_examples\websockets_api_example.py",".py","4953","0.005","0","2026/9/7 4:01:32","Archive"
"staging\comfyui-v0.34.0\ComfyUI-0.34.0\script_examples\websockets_api_example_ws_images.py","F:\一人公司\comfyui-production\staging\comfyui-v0.34.0\ComfyUI-0.34.0\script_examples\websockets_api_example_ws_images.py",".py","4475","0.004","0","2026/9/7 4:01:32","Archive"
"staging\comfyui-v0.34.0\ComfyUI-0.34.0\tests\conftest.py","F:\一人公司\comfyui-production\staging\comfyui-v0.34.0\ComfyUI-0.34.0\tests\conftest.py",".py","1816","0.002","0","2026/9/7 4:01:32","Archive"
"staging\comfyui-v0.34.0\ComfyUI-0.34.0\tests\README.md","F:\一人公司\comfyui-production\staging\comfyui-v0.34.0\ComfyUI-0.34.0\tests\README.md",".md","563","0.001","0","2026/9/7 4:01:32","Archive"
"staging\comfyui-v0.34.0\ComfyUI-0.34.0\tests\test_asset_seeder.py","F:\一人公司\comfyui-production\staging\comfyui-v0.34.0\ComfyUI-0.34.0\tests\test_asset_seeder.py",".py","10131","0.01","0","2026/9/7 4:01:32","Archive"
"staging\comfyui-v0.34.0\ComfyUI-0.34.0\tests\__init__.py","F:\一人公司\comfyui-production\staging\comfyui-v0.34.0\ComfyUI-0.34.0\tests\__init__.py",".py","0","0","0","2026/9/7 4:01:32","Archive"
"staging\comfyui-v0.34.0\ComfyUI-0.34.0\tests\compare\conftest.py","F:\一人公司\comfyui-production\staging\comfyui-v0.34.0\ComfyUI-0.34.0\tests\compare\conftest.py",".py","1814","0.002","0","2026/9/7 4:01:32","Archive"
"staging\comfyui-v0.34.0\ComfyUI-0.34.0\tests\compare\test_quality.py","F:\一人公司\comfyui-production\staging\comfyui-v0.34.0\ComfyUI-0.34.0\tests\compare\test_quality.py",".py","7912","0.008","0","2026/9/7 4:01:32","Archive"
"staging\comfyui-v0.34.0\ComfyUI-0.34.0\tests\execution\extra_model_paths.yaml","F:\一人公司\comfyui-production\staging\comfyui-v0.34.0\ComfyUI-0.34.0\tests\execution\extra_model_paths.yaml",".yaml","69","0","0","2026/9/7 4:01:32","Archive"
"staging\comfyui-v0.34.0\ComfyUI-0.34.0\tests\execution\test_async_nodes.py","F:\一人公司\comfyui-production\staging\comfyui-v0.34.0\ComfyUI-0.34.0\tests\execution\test_async_nodes.py",".py","18366","0.018","0","2026/9/7 4:01:32","Archive"
"staging\comfyui-v0.34.0\ComfyUI-0.34.0\tests\execution\test_execution.py","F:\一人公司\comfyui-production\staging\comfyui-v0.34.0\ComfyUI-0.34.0\tests\execution\test_execution.py",".py","48836","0.047","0","2026/9/7 4:01:32","Archive"
"staging\comfyui-v0.34.0\ComfyUI-0.34.0\tests\execution\test_jobs.py","F:\一人公司\comfyui-production\staging\comfyui-v0.34.0\ComfyUI-0.34.0\tests\execution\test_jobs.py",".py","32850","0.031","0","2026/9/7 4:01:32","Archive"
"staging\comfyui-v0.34.0\ComfyUI-0.34.0\tests\execution\test_preview_method.py","F:\一人公司\comfyui-production\staging\comfyui-v0.34.0\ComfyUI-0.34.0\tests\execution\test_preview_method.py",".py","13118","0.013","0","2026/9/7 4:01:32","Archive"
"staging\comfyui-v0.34.0\ComfyUI-0.34.0\tests\execution\test_progress_isolation.py","F:\一人公司\comfyui-production\staging\comfyui-v0.34.0\ComfyUI-0.34.0\tests\execution\test_progress_isolation.py",".py","9432","0.009","0","2026/9/7 4:01:32","Archive"
"staging\comfyui-v0.34.0\ComfyUI-0.34.0\tests\execution\test_public_api.py","F:\一人公司\comfyui-production\staging\comfyui-v0.34.0\ComfyUI-0.34.0\tests\execution\test_public_api.py",".py","6035","0.006","0","2026/9/7 4:01:32","Archive"
"staging\comfyui-v0.34.0\ComfyUI-0.34.0\tests\execution\testing_nodes\testing-pack\api_test_nodes.py","F:\一人公司\comfyui-production\staging\comfyui-v0.34.0\ComfyUI-0.34.0\tests\execution\testing_nodes\testing-pack\api_test_nodes.py",".py","2144","0.002","0","2026/9/7 4:01:32","Archive"
"staging\comfyui-v0.34.0\ComfyUI-0.34.0\tests\execution\testing_nodes\testing-pack\async_test_nodes.py","F:\一人公司\comfyui-production\staging\comfyui-v0.34.0\ComfyUI-0.34.0\tests\execution\testing_nodes\testing-pack\async_test_nodes.py",".py","10703","0.01","0","2026/9/7 4:01:32","Archive"
"staging\comfyui-v0.34.0\ComfyUI-0.34.0\tests\execution\testing_nodes\testing-pack\conditions.py","F:\一人公司\comfyui-production\staging\comfyui-v0.34.0\ComfyUI-0.34.0\tests\execution\testing_nodes\testing-pack\conditions.py",".py","5353","0.005","0","2026/9/7 4:01:32","Archive"
"staging\comfyui-v0.34.0\ComfyUI-0.34.0\tests\execution\testing_nodes\testing-pack\flow_control.py","F:\一人公司\comfyui-production\staging\comfyui-v0.34.0\ComfyUI-0.34.0\tests\execution\testing_nodes\testing-pack\flow_control.py",".py","5938","0.006","0","2026/9/7 4:01:32","Archive"
"staging\comfyui-v0.34.0\ComfyUI-0.34.0\tests\execution\testing_nodes\testing-pack\specific_tests.py","F:\一人公司\comfyui-production\staging\comfyui-v0.34.0\ComfyUI-0.34.0\tests\execution\testing_nodes\testing-pack\specific_tests.py",".py","16762","0.016","0","2026/9/7 4:01:32","Archive"
"staging\comfyui-v0.34.0\ComfyUI-0.34.0\tests\execution\testing_nodes\testing-pack\stubs.py","F:\一人公司\comfyui-production\staging\comfyui-v0.34.0\ComfyUI-0.34.0\tests\execution\testing_nodes\testing-pack\stubs.py",".py","3729","0.004","0","2026/9/7 4:01:32","Archive"
"staging\comfyui-v0.34.0\ComfyUI-0.34.0\tests\execution\testing_nodes\testing-pack\tools.py","F:\一人公司\comfyui-production\staging\comfyui-v0.34.0\ComfyUI-0.34.0\tests\execution\testing_nodes\testing-pack\tools.py",".py","2373","0.002","0","2026/9/7 4:01:32","Archive"
"staging\comfyui-v0.34.0\ComfyUI-0.34.0\tests\execution\testing_nodes\testing-pack\util.py","F:\一人公司\comfyui-production\staging\comfyui-v0.34.0\ComfyUI-0.34.0\tests\execution\testing_nodes\testing-pack\util.py",".py","10109","0.01","0","2026/9/7 4:01:32","Archive"
"staging\comfyui-v0.34.0\ComfyUI-0.34.0\tests\execution\testing_nodes\testing-pack\__init__.py","F:\一人公司\comfyui-production\staging\comfyui-v0.34.0\ComfyUI-0.34.0\tests\execution\testing_nodes\testing-pack\__init__.py",".py","1804","0.002","0","2026/9/7 4:01:32","Archive"
"staging\comfyui-v0.34.0\ComfyUI-0.34.0\tests\inference\test_inference.py","F:\一人公司\comfyui-production\staging\comfyui-v0.34.0\ComfyUI-0.34.0\tests\inference\test_inference.py",".py","8161","0.008","0","2026/9/7 4:01:32","Archive"
"staging\comfyui-v0.34.0\ComfyUI-0.34.0\tests\inference\__init__.py","F:\一人公司\comfyui-production\staging\comfyui-v0.34.0\ComfyUI-0.34.0\tests\inference\__init__.py",".py","0","0","0","2026/9/7 4:01:32","Archive"
"staging\comfyui-v0.34.0\ComfyUI-0.34.0\tests\inference\graphs\default_graph_sdxl1_0.json","F:\一人公司\comfyui-production\staging\comfyui-v0.34.0\ComfyUI-0.34.0\tests\inference\graphs\default_graph_sdxl1_0.json",".json","2665","0.003","0","2026/9/7 4:01:32","Archive"
"staging\comfyui-v0.34.0\ComfyUI-0.34.0\tests-unit\deploy_environment_test.py","F:\一人公司\comfyui-production\staging\comfyui-v0.34.0\ComfyUI-0.34.0\tests-unit\deploy_environment_test.py",".py","4579","0.004","0","2026/9/7 4:01:32","Archive"
"staging\comfyui-v0.34.0\ComfyUI-0.34.0\tests-unit\feature_flags_test.py","F:\一人公司\comfyui-production\staging\comfyui-v0.34.0\ComfyUI-0.34.0\tests-unit\feature_flags_test.py",".py","11227","0.011","0","2026/9/7 4:01:32","Archive"
"staging\comfyui-v0.34.0\ComfyUI-0.34.0\tests-unit\README.md","F:\一人公司\comfyui-production\staging\comfyui-v0.34.0\ComfyUI-0.34.0\tests-unit\README.md",".md","131","0","0","2026/9/7 4:01:32","Archive"
"staging\comfyui-v0.34.0\ComfyUI-0.34.0\tests-unit\requirements.txt","F:\一人公司\comfyui-production\staging\comfyui-v0.34.0\ComfyUI-0.34.0\tests-unit\requirements.txt",".txt","61","0","0","2026/9/7 4:01:32","Archive"
"staging\comfyui-v0.34.0\ComfyUI-0.34.0\tests-unit\websocket_feature_flags_test.py","F:\一人公司\comfyui-production\staging\comfyui-v0.34.0\ComfyUI-0.34.0\tests-unit\websocket_feature_flags_test.py",".py","3090","0.003","0","2026/9/7 4:01:32","Archive"
"staging\comfyui-v0.34.0\ComfyUI-0.34.0\tests-unit\app_test\custom_node_manager_test.py","F:\一人公司\comfyui-production\staging\comfyui-v0.34.0\ComfyUI-0.34.0\tests-unit\app_test\custom_node_manager_test.py",".py","5141","0.005","0","2026/9/7 4:01:32","Archive"
"staging\comfyui-v0.34.0\ComfyUI-0.34.0\tests-unit\app_test\database_path_test.py","F:\一人公司\comfyui-production\staging\comfyui-v0.34.0\ComfyUI-0.34.0\tests-unit\app_test\database_path_test.py",".py","4739","0.005","0","2026/9/7 4:01:32","Archive"
"staging\comfyui-v0.34.0\ComfyUI-0.34.0\tests-unit\app_test\frontend_manager_test.py","F:\一人公司\comfyui-production\staging\comfyui-v0.34.0\ComfyUI-0.34.0\tests-unit\app_test\frontend_manager_test.py",".py","7917","0.008","0","2026/9/7 4:01:32","Archive"
"staging\comfyui-v0.34.0\ComfyUI-0.34.0\tests-unit\app_test\model_manager_test.py","F:\一人公司\comfyui-production\staging\comfyui-v0.34.0\ComfyUI-0.34.0\tests-unit\app_test\model_manager_test.py",".py","2997","0.003","0","2026/9/7 4:01:32","Archive"
"staging\comfyui-v0.34.0\ComfyUI-0.34.0\tests-unit\app_test\node_replace_manager_test.py","F:\一人公司\comfyui-production\staging\comfyui-v0.34.0\ComfyUI-0.34.0\tests-unit\app_test\node_replace_manager_test.py",".py","3906","0.004","0","2026/9/7 4:01:32","Archive"
"staging\comfyui-v0.34.0\ComfyUI-0.34.0\tests-unit\app_test\test_migrations.py","F:\一人公司\comfyui-production\staging\comfyui-v0.34.0\ComfyUI-0.34.0\tests-unit\app_test\test_migrations.py",".py","2996","0.003","0","2026/9/7 4:01:32","Archive"
"staging\comfyui-v0.34.0\ComfyUI-0.34.0\tests-unit\app_test\user_manager_system_user_test.py","F:\一人公司\comfyui-production\staging\comfyui-v0.34.0\ComfyUI-0.34.0\tests-unit\app_test\user_manager_system_user_test.py",".py","7706","0.007","0","2026/9/7 4:01:32","Archive"
"staging\comfyui-v0.34.0\ComfyUI-0.34.0\tests-unit\app_test\__init__.py","F:\一人公司\comfyui-production\staging\comfyui-v0.34.0\ComfyUI-0.34.0\tests-unit\app_test\__init__.py",".py","0","0","0","2026/9/7 4:01:32","Archive"
"staging\comfyui-v0.34.0\ComfyUI-0.34.0\tests-unit\assets_test\conftest.py","F:\一人公司\comfyui-production\staging\comfyui-v0.34.0\ComfyUI-0.34.0\tests-unit\assets_test\conftest.py",".py","8909","0.008","0","2026/9/7 4:01:32","Archive"
"staging\comfyui-v0.34.0\ComfyUI-0.34.0\tests-unit\assets_test\helpers.py","F:\一人公司\comfyui-production\staging\comfyui-v0.34.0\ComfyUI-0.34.0\tests-unit\assets_test\helpers.py",".py","1959","0.002","0","2026/9/7 4:01:32","Archive"
"staging\comfyui-v0.34.0\ComfyUI-0.34.0\tests-unit\assets_test\test_assets_missing_sync.py","F:\一人公司\comfyui-production\staging\comfyui-v0.34.0\ComfyUI-0.34.0\tests-unit\assets_test\test_assets_missing_sync.py",".py","13302","0.013","0","2026/9/7 4:01:32","Archive"
"staging\comfyui-v0.34.0\ComfyUI-0.34.0\tests-unit\assets_test\test_crud.py","F:\一人公司\comfyui-production\staging\comfyui-v0.34.0\ComfyUI-0.34.0\tests-unit\assets_test\test_crud.py",".py","13732","0.013","0","2026/9/7 4:01:32","Archive"
"staging\comfyui-v0.34.0\ComfyUI-0.34.0\tests-unit\assets_test\test_downloads.py","F:\一人公司\comfyui-production\staging\comfyui-v0.34.0\ComfyUI-0.34.0\tests-unit\assets_test\test_downloads.py",".py","7641","0.007","0","2026/9/7 4:01:32","Archive"
"staging\comfyui-v0.34.0\ComfyUI-0.34.0\tests-unit\assets_test\test_file_utils.py","F:\一人公司\comfyui-production\staging\comfyui-v0.34.0\ComfyUI-0.34.0\tests-unit\assets_test\test_file_utils.py",".py","3852","0.004","0","2026/9/7 4:01:32","Archive"
"staging\comfyui-v0.34.0\ComfyUI-0.34.0\tests-unit\assets_test\test_list_cursor.py","F:\一人公司\comfyui-production\staging\comfyui-v0.34.0\ComfyUI-0.34.0\tests-unit\assets_test\test_list_cursor.py",".py","12586","0.012","0","2026/9/7 4:01:32","Archive"
"staging\comfyui-v0.34.0\ComfyUI-0.34.0\tests-unit\assets_test\test_list_filter.py","F:\一人公司\comfyui-production\staging\comfyui-v0.34.0\ComfyUI-0.34.0\tests-unit\assets_test\test_list_filter.py",".py","29650","0.028","0","2026/9/7 4:01:32","Archive"
"staging\comfyui-v0.34.0\ComfyUI-0.34.0\tests-unit\assets_test\test_metadata_filters.py","F:\一人公司\comfyui-production\staging\comfyui-v0.34.0\ComfyUI-0.34.0\tests-unit\assets_test\test_metadata_filters.py",".py","14609","0.014","0","2026/9/7 4:01:32","Archive"
"staging\comfyui-v0.34.0\ComfyUI-0.34.0\tests-unit\assets_test\test_preview_url.py","F:\一人公司\comfyui-production\staging\comfyui-v0.34.0\ComfyUI-0.34.0\tests-unit\assets_test\test_preview_url.py",".py","7802","0.007","0","2026/9/7 4:01:32","Archive"
"staging\comfyui-v0.34.0\ComfyUI-0.34.0\tests-unit\assets_test\test_prompt_id_enforcement.py","F:\一人公司\comfyui-production\staging\comfyui-v0.34.0\ComfyUI-0.34.0\tests-unit\assets_test\test_prompt_id_enforcement.py",".py","2927","0.003","0","2026/9/7 4:01:32","Archive"
"staging\comfyui-v0.34.0\ComfyUI-0.34.0\tests-unit\assets_test\test_prune_orphaned_assets.py","F:\一人公司\comfyui-production\staging\comfyui-v0.34.0\ComfyUI-0.34.0\tests-unit\assets_test\test_prune_orphaned_assets.py",".py","4443","0.004","0","2026/9/7 4:01:32","Archive"
"staging\comfyui-v0.34.0\ComfyUI-0.34.0\tests-unit\assets_test\test_sync_references.py","F:\一人公司\comfyui-production\staging\comfyui-v0.34.0\ComfyUI-0.34.0\tests-unit\assets_test\test_sync_references.py",".py","16286","0.016","0","2026/9/7 4:01:32","Archive"
"staging\comfyui-v0.34.0\ComfyUI-0.34.0\tests-unit\assets_test\test_tags_api.py","F:\一人公司\comfyui-production\staging\comfyui-v0.34.0\ComfyUI-0.34.0\tests-unit\assets_test\test_tags_api.py",".py","10072","0.01","0","2026/9/7 4:01:32","Archive"
"staging\comfyui-v0.34.0\ComfyUI-0.34.0\tests-unit\assets_test\test_temp_assets.py","F:\一人公司\comfyui-production\staging\comfyui-v0.34.0\ComfyUI-0.34.0\tests-unit\assets_test\test_temp_assets.py",".py","5893","0.006","0","2026/9/7 4:01:32","Archive"
"staging\comfyui-v0.34.0\ComfyUI-0.34.0\tests-unit\assets_test\test_uploads.py","F:\一人公司\comfyui-production\staging\comfyui-v0.34.0\ComfyUI-0.34.0\tests-unit\assets_test\test_uploads.py",".py","26134","0.025","0","2026/9/7 4:01:32","Archive"
"staging\comfyui-v0.34.0\ComfyUI-0.34.0\tests-unit\assets_test\queries\conftest.py","F:\一人公司\comfyui-production\staging\comfyui-v0.34.0\ComfyUI-0.34.0\tests-unit\assets_test\queries\conftest.py",".py","518","0","0","2026/9/7 4:01:32","Archive"
"staging\comfyui-v0.34.0\ComfyUI-0.34.0\tests-unit\assets_test\queries\test_asset.py","F:\一人公司\comfyui-production\staging\comfyui-v0.34.0\ComfyUI-0.34.0\tests-unit\assets_test\queries\test_asset.py",".py","7005","0.007","0","2026/9/7 4:01:32","Archive"
"staging\comfyui-v0.34.0\ComfyUI-0.34.0\tests-unit\assets_test\queries\test_asset_info.py","F:\一人公司\comfyui-production\staging\comfyui-v0.34.0\ComfyUI-0.34.0\tests-unit\assets_test\queries\test_asset_info.py",".py","20312","0.019","0","2026/9/7 4:01:32","Archive"
"staging\comfyui-v0.34.0\ComfyUI-0.34.0\tests-unit\assets_test\queries\test_asset_reference_keyset.py","F:\一人公司\comfyui-production\staging\comfyui-v0.34.0\ComfyUI-0.34.0\tests-unit\assets_test\queries\test_asset_reference_keyset.py",".py","3981","0.004","0","2026/9/7 4:01:32","Archive"
"staging\comfyui-v0.34.0\ComfyUI-0.34.0\tests-unit\assets_test\queries\test_cache_state.py","F:\一人公司\comfyui-production\staging\comfyui-v0.34.0\ComfyUI-0.34.0\tests-unit\assets_test\queries\test_cache_state.py",".py","19025","0.018","0","2026/9/7 4:01:32","Archive"
"staging\comfyui-v0.34.0\ComfyUI-0.34.0\tests-unit\assets_test\queries\test_metadata.py","F:\一人公司\comfyui-production\staging\comfyui-v0.34.0\ComfyUI-0.34.0\tests-unit\assets_test\queries\test_metadata.py",".py","8300","0.008","0","2026/9/7 4:01:32","Archive"
"staging\comfyui-v0.34.0\ComfyUI-0.34.0\tests-unit\assets_test\queries\test_tags.py","F:\一人公司\comfyui-production\staging\comfyui-v0.34.0\ComfyUI-0.34.0\tests-unit\assets_test\queries\test_tags.py",".py","13548","0.013","0","2026/9/7 4:01:32","Archive"
"staging\comfyui-v0.34.0\ComfyUI-0.34.0\tests-unit\assets_test\services\conftest.py","F:\一人公司\comfyui-production\staging\comfyui-v0.34.0\ComfyUI-0.34.0\tests-unit\assets_test\services\conftest.py",".py","1931","0.002","0","2026/9/7 4:01:32","Archive"
"staging\comfyui-v0.34.0\ComfyUI-0.34.0\tests-unit\assets_test\services\test_asset_management.py","F:\一人公司\comfyui-production\staging\comfyui-v0.34.0\ComfyUI-0.34.0\tests-unit\assets_test\services\test_asset_management.py",".py","10386","0.01","0","2026/9/7 4:01:32","Archive"
"staging\comfyui-v0.34.0\ComfyUI-0.34.0\tests-unit\assets_test\services\test_asset_response_loader_path.py","F:\一人公司\comfyui-production\staging\comfyui-v0.34.0\ComfyUI-0.34.0\tests-unit\assets_test\services\test_asset_response_loader_path.py",".py","2867","0.003","0","2026/9/7 4:01:32","Archive"
"staging\comfyui-v0.34.0\ComfyUI-0.34.0\tests-unit\assets_test\services\test_asset_response_preview_url.py","F:\一人公司\comfyui-production\staging\comfyui-v0.34.0\ComfyUI-0.34.0\tests-unit\assets_test\services\test_asset_response_preview_url.py",".py","9310","0.009","0","2026/9/7 4:01:32","Archive"
"staging\comfyui-v0.34.0\ComfyUI-0.34.0\tests-unit\assets_test\services\test_bulk_ingest.py","F:\一人公司\comfyui-production\staging\comfyui-v0.34.0\ComfyUI-0.34.0\tests-unit\assets_test\services\test_bulk_ingest.py",".py","12118","0.012","0","2026/9/7 4:01:32","Archive"
"staging\comfyui-v0.34.0\ComfyUI-0.34.0\tests-unit\assets_test\services\test_cursor.py","F:\一人公司\comfyui-production\staging\comfyui-v0.34.0\ComfyUI-0.34.0\tests-unit\assets_test\services\test_cursor.py",".py","11981","0.011","0","2026/9/7 4:01:32","Archive"
"staging\comfyui-v0.34.0\ComfyUI-0.34.0\tests-unit\assets_test\services\test_enrich.py","F:\一人公司\comfyui-production\staging\comfyui-v0.34.0\ComfyUI-0.34.0\tests-unit\assets_test\services\test_enrich.py",".py","6577","0.006","0","2026/9/7 4:01:32","Archive"
"staging\comfyui-v0.34.0\ComfyUI-0.34.0\tests-unit\assets_test\services\test_image_dimensions.py","F:\一人公司\comfyui-production\staging\comfyui-v0.34.0\ComfyUI-0.34.0\tests-unit\assets_test\services\test_image_dimensions.py",".py","2792","0.003","0","2026/9/7 4:01:32","Archive"
"staging\comfyui-v0.34.0\ComfyUI-0.34.0\tests-unit\assets_test\services\test_ingest.py","F:\一人公司\comfyui-production\staging\comfyui-v0.34.0\ComfyUI-0.34.0\tests-unit\assets_test\services\test_ingest.py",".py","20252","0.019","0","2026/9/7 4:01:32","Archive"
"staging\comfyui-v0.34.0\ComfyUI-0.34.0\tests-unit\assets_test\services\test_path_utils.py","F:\一人公司\comfyui-production\staging\comfyui-v0.34.0\ComfyUI-0.34.0\tests-unit\assets_test\services\test_path_utils.py",".py","25617","0.024","0","2026/9/7 4:01:32","Archive"
"staging\comfyui-v0.34.0\ComfyUI-0.34.0\tests-unit\assets_test\services\test_tagging.py","F:\一人公司\comfyui-production\staging\comfyui-v0.34.0\ComfyUI-0.34.0\tests-unit\assets_test\services\test_tagging.py",".py","6493","0.006","0","2026/9/7 4:01:32","Archive"
"staging\comfyui-v0.34.0\ComfyUI-0.34.0\tests-unit\assets_test\services\test_tag_histogram.py","F:\一人公司\comfyui-production\staging\comfyui-v0.34.0\ComfyUI-0.34.0\tests-unit\assets_test\services\test_tag_histogram.py",".py","4377","0.004","0","2026/9/7 4:01:32","Archive"
"staging\comfyui-v0.34.0\ComfyUI-0.34.0\tests-unit\assets_test\services\__init__.py","F:\一人公司\comfyui-production\staging\comfyui-v0.34.0\ComfyUI-0.34.0\tests-unit\assets_test\services\__init__.py",".py","22","0","0","2026/9/7 4:01:32","Archive"
"staging\comfyui-v0.34.0\ComfyUI-0.34.0\tests-unit\comfy_api_nodes_test\audio_conversions_test.py","F:\一人公司\comfyui-production\staging\comfyui-v0.34.0\ComfyUI-0.34.0\tests-unit\comfy_api_nodes_test\audio_conversions_test.py",".py","2741","0.003","0","2026/9/7 4:01:32","Archive"
"staging\comfyui-v0.34.0\ComfyUI-0.34.0\tests-unit\comfy_api_nodes_test\gemini_response_images_test.py","F:\一人公司\comfyui-production\staging\comfyui-v0.34.0\ComfyUI-0.34.0\tests-unit\comfy_api_nodes_test\gemini_response_images_test.py",".py","1538","0.001","0","2026/9/7 4:01:32","Archive"
"staging\comfyui-v0.34.0\ComfyUI-0.34.0\tests-unit\comfy_api_nodes_test\image_conversions_test.py","F:\一人公司\comfyui-production\staging\comfyui-v0.34.0\ComfyUI-0.34.0\tests-unit\comfy_api_nodes_test\image_conversions_test.py",".py","2597","0.002","0","2026/9/7 4:01:32","Archive"
"staging\comfyui-v0.34.0\ComfyUI-0.34.0\tests-unit\comfy_api_test\input_impl_test.py","F:\一人公司\comfyui-production\staging\comfyui-v0.34.0\ComfyUI-0.34.0\tests-unit\comfy_api_test\input_impl_test.py",".py","4360","0.004","0","2026/9/7 4:01:32","Archive"
"staging\comfyui-v0.34.0\ComfyUI-0.34.0\tests-unit\comfy_api_test\multicombo_serialization_test.py","F:\一人公司\comfyui-production\staging\comfyui-v0.34.0\ComfyUI-0.34.0\tests-unit\comfy_api_test\multicombo_serialization_test.py",".py","2330","0.002","0","2026/9/7 4:01:32","Archive"
"staging\comfyui-v0.34.0\ComfyUI-0.34.0\tests-unit\comfy_api_test\video_bit_depth_test.py","F:\一人公司\comfyui-production\staging\comfyui-v0.34.0\ComfyUI-0.34.0\tests-unit\comfy_api_test\video_bit_depth_test.py",".py","6030","0.006","0","2026/9/7 4:01:32","Archive"
"staging\comfyui-v0.34.0\ComfyUI-0.34.0\tests-unit\comfy_api_test\video_types_test.py","F:\一人公司\comfyui-production\staging\comfyui-v0.34.0\ComfyUI-0.34.0\tests-unit\comfy_api_test\video_types_test.py",".py","52584","0.05","0","2026/9/7 4:01:32","Archive"
"staging\comfyui-v0.34.0\ComfyUI-0.34.0\tests-unit\comfy_extras_test\compositor_blend_fixture_gen.py","F:\一人公司\comfyui-production\staging\comfyui-v0.34.0\ComfyUI-0.34.0\tests-unit\comfy_extras_test\compositor_blend_fixture_gen.py",".py","3931","0.004","0","2026/9/7 4:01:32","Archive"
"staging\comfyui-v0.34.0\ComfyUI-0.34.0\tests-unit\comfy_extras_test\compositor_blend_golden.json","F:\一人公司\comfyui-production\staging\comfyui-v0.34.0\ComfyUI-0.34.0\tests-unit\comfy_extras_test\compositor_blend_golden.json",".json","77216","0.074","0.0001","2026/9/7 4:01:32","Archive"
"staging\comfyui-v0.34.0\ComfyUI-0.34.0\tests-unit\comfy_extras_test\compositor_blend_test.py","F:\一人公司\comfyui-production\staging\comfyui-v0.34.0\ComfyUI-0.34.0\tests-unit\comfy_extras_test\compositor_blend_test.py",".py","6485","0.006","0","2026/9/7 4:01:32","Archive"
"staging\comfyui-v0.34.0\ComfyUI-0.34.0\tests-unit\comfy_extras_test\compositor_node_test.py","F:\一人公司\comfyui-production\staging\comfyui-v0.34.0\ComfyUI-0.34.0\tests-unit\comfy_extras_test\compositor_node_test.py",".py","2913","0.003","0","2026/9/7 4:01:32","Archive"
"staging\comfyui-v0.34.0\ComfyUI-0.34.0\tests-unit\comfy_extras_test\image_stitch_test.py","F:\一人公司\comfyui-production\staging\comfyui-v0.34.0\ComfyUI-0.34.0\tests-unit\comfy_extras_test\image_stitch_test.py",".py","10248","0.01","0","2026/9/7 4:01:32","Archive"
"staging\comfyui-v0.34.0\ComfyUI-0.34.0\tests-unit\comfy_extras_test\nodes_dataset_test.py","F:\一人公司\comfyui-production\staging\comfyui-v0.34.0\ComfyUI-0.34.0\tests-unit\comfy_extras_test\nodes_dataset_test.py",".py","2085","0.002","0","2026/9/7 4:01:32","Archive"
"staging\comfyui-v0.34.0\ComfyUI-0.34.0\tests-unit\comfy_extras_test\nodes_math_test.py","F:\一人公司\comfyui-production\staging\comfyui-v0.34.0\ComfyUI-0.34.0\tests-unit\comfy_extras_test\nodes_math_test.py",".py","6530","0.006","0","2026/9/7 4:01:32","Archive"
"staging\comfyui-v0.34.0\ComfyUI-0.34.0\tests-unit\comfy_extras_test\nodes_number_convert_test.py","F:\一人公司\comfyui-production\staging\comfyui-v0.34.0\ComfyUI-0.34.0\tests-unit\comfy_extras_test\nodes_number_convert_test.py",".py","5359","0.005","0","2026/9/7 4:01:32","Archive"
"staging\comfyui-v0.34.0\ComfyUI-0.34.0\tests-unit\comfy_extras_test\nodes_preview_any_test.py","F:\一人公司\comfyui-production\staging\comfyui-v0.34.0\ComfyUI-0.34.0\tests-unit\comfy_extras_test\nodes_preview_any_test.py",".py","1024","0.001","0","2026/9/7 4:01:32","Archive"
"staging\comfyui-v0.34.0\ComfyUI-0.34.0\tests-unit\comfy_extras_test\test_seedvr2_conditioning.py","F:\一人公司\comfyui-production\staging\comfyui-v0.34.0\ComfyUI-0.34.0\tests-unit\comfy_extras_test\test_seedvr2_conditioning.py",".py","5860","0.006","0","2026/9/7 4:01:32","Archive"
"staging\comfyui-v0.34.0\ComfyUI-0.34.0\tests-unit\comfy_extras_test\test_seedvr2_nodes.py","F:\一人公司\comfyui-production\staging\comfyui-v0.34.0\ComfyUI-0.34.0\tests-unit\comfy_extras_test\test_seedvr2_nodes.py",".py","2251","0.002","0","2026/9/7 4:01:32","Archive"
"staging\comfyui-v0.34.0\ComfyUI-0.34.0\tests-unit\comfy_extras_test\test_seedvr2_post_processing.py","F:\一人公司\comfyui-production\staging\comfyui-v0.34.0\ComfyUI-0.34.0\tests-unit\comfy_extras_test\test_seedvr2_post_processing.py",".py","1886","0.002","0","2026/9/7 4:01:32","Archive"
"staging\comfyui-v0.34.0\ComfyUI-0.34.0\tests-unit\comfy_extras_test\test_seedvr2_temporal_chunk.py","F:\一人公司\comfyui-production\staging\comfyui-v0.34.0\ComfyUI-0.34.0\tests-unit\comfy_extras_test\test_seedvr2_temporal_chunk.py",".py","4018","0.004","0","2026/9/7 4:01:32","Archive"
"staging\comfyui-v0.34.0\ComfyUI-0.34.0\tests-unit\comfy_extras_test\__init__.py","F:\一人公司\comfyui-production\staging\comfyui-v0.34.0\ComfyUI-0.34.0\tests-unit\comfy_extras_test\__init__.py",".py","0","0","0","2026/9/7 4:01:32","Archive"
"staging\comfyui-v0.34.0\ComfyUI-0.34.0\tests-unit\comfy_quant\test_mixed_precision.py","F:\一人公司\comfyui-production\staging\comfyui-v0.34.0\ComfyUI-0.34.0\tests-unit\comfy_quant\test_mixed_precision.py",".py","14161","0.014","0","2026/9/7 4:01:32","Archive"
"staging\comfyui-v0.34.0\ComfyUI-0.34.0\tests-unit\comfy_test\folder_path_test.py","F:\一人公司\comfyui-production\staging\comfyui-v0.34.0\ComfyUI-0.34.0\tests-unit\comfy_test\folder_path_test.py",".py","7786","0.007","0","2026/9/7 4:01:32","Archive"
"staging\comfyui-v0.34.0\ComfyUI-0.34.0\tests-unit\comfy_test\gemma4_template_test.py","F:\一人公司\comfyui-production\staging\comfyui-v0.34.0\ComfyUI-0.34.0\tests-unit\comfy_test\gemma4_template_test.py",".py","2322","0.002","0","2026/9/7 4:01:32","Archive"
"staging\comfyui-v0.34.0\ComfyUI-0.34.0\tests-unit\comfy_test\model_detection_test.py","F:\一人公司\comfyui-production\staging\comfyui-v0.34.0\ComfyUI-0.34.0\tests-unit\comfy_test\model_detection_test.py",".py","13246","0.013","0","2026/9/7 4:01:32","Archive"
"staging\comfyui-v0.34.0\ComfyUI-0.34.0\tests-unit\comfy_test\seedvr_vae_forward_test.py","F:\一人公司\comfyui-production\staging\comfyui-v0.34.0\ComfyUI-0.34.0\tests-unit\comfy_test\seedvr_vae_forward_test.py",".py","2197","0.002","0","2026/9/7 4:01:32","Archive"
"staging\comfyui-v0.34.0\ComfyUI-0.34.0\tests-unit\comfy_test\test_seedvr2_dtype.py","F:\一人公司\comfyui-production\staging\comfyui-v0.34.0\ComfyUI-0.34.0\tests-unit\comfy_test\test_seedvr2_dtype.py",".py","2751","0.003","0","2026/9/7 4:01:32","Archive"
"staging\comfyui-v0.34.0\ComfyUI-0.34.0\tests-unit\comfy_test\test_seedvr2_internals.py","F:\一人公司\comfyui-production\staging\comfyui-v0.34.0\ComfyUI-0.34.0\tests-unit\comfy_test\test_seedvr2_internals.py",".py","5541","0.005","0","2026/9/7 4:01:32","Archive"
"staging\comfyui-v0.34.0\ComfyUI-0.34.0\tests-unit\comfy_test\test_seedvr2_model.py","F:\一人公司\comfyui-production\staging\comfyui-v0.34.0\ComfyUI-0.34.0\tests-unit\comfy_test\test_seedvr2_model.py",".py","11121","0.011","0","2026/9/7 4:01:32","Archive"
"staging\comfyui-v0.34.0\ComfyUI-0.34.0\tests-unit\comfy_test\test_seedvr2_vae_decode.py","F:\一人公司\comfyui-production\staging\comfyui-v0.34.0\ComfyUI-0.34.0\tests-unit\comfy_test\test_seedvr2_vae_decode.py",".py","2650","0.003","0","2026/9/7 4:01:32","Archive"
"staging\comfyui-v0.34.0\ComfyUI-0.34.0\tests-unit\comfy_test\test_seedvr2_vae_tiled.py","F:\一人公司\comfyui-production\staging\comfyui-v0.34.0\ComfyUI-0.34.0\tests-unit\comfy_test\test_seedvr2_vae_tiled.py",".py","14605","0.014","0","2026/9/7 4:01:32","Archive"
"staging\comfyui-v0.34.0\ComfyUI-0.34.0\tests-unit\comfy_test\test_vae_decode_tiled_nested.py","F:\一人公司\comfyui-production\staging\comfyui-v0.34.0\ComfyUI-0.34.0\tests-unit\comfy_test\test_vae_decode_tiled_nested.py",".py","770","0.001","0","2026/9/7 4:01:32","Archive"
"staging\comfyui-v0.34.0\ComfyUI-0.34.0\tests-unit\execution_test\preview_method_override_test.py","F:\一人公司\comfyui-production\staging\comfyui-v0.34.0\ComfyUI-0.34.0\tests-unit\execution_test\preview_method_override_test.py",".py","13771","0.013","0","2026/9/7 4:01:32","Archive"
"staging\comfyui-v0.34.0\ComfyUI-0.34.0\tests-unit\execution_test\test_cache_provider.py","F:\一人公司\comfyui-production\staging\comfyui-v0.34.0\ComfyUI-0.34.0\tests-unit\execution_test\test_cache_provider.py",".py","13230","0.013","0","2026/9/7 4:01:32","Archive"
"staging\comfyui-v0.34.0\ComfyUI-0.34.0\tests-unit\execution_test\test_enrich_output.py","F:\一人公司\comfyui-production\staging\comfyui-v0.34.0\ComfyUI-0.34.0\tests-unit\execution_test\test_enrich_output.py",".py","8219","0.008","0","2026/9/7 4:01:32","Archive"
"staging\comfyui-v0.34.0\ComfyUI-0.34.0\tests-unit\execution_test\validate_node_input_test.py","F:\一人公司\comfyui-production\staging\comfyui-v0.34.0\ComfyUI-0.34.0\tests-unit\execution_test\validate_node_input_test.py",".py","4298","0.004","0","2026/9/7 4:01:32","Archive"
"staging\comfyui-v0.34.0\ComfyUI-0.34.0\tests-unit\folder_paths_test\filter_by_content_types_test.py","F:\一人公司\comfyui-production\staging\comfyui-v0.34.0\ComfyUI-0.34.0\tests-unit\folder_paths_test\filter_by_content_types_test.py",".py","2613","0.002","0","2026/9/7 4:01:32","Archive"
"staging\comfyui-v0.34.0\ComfyUI-0.34.0\tests-unit\folder_paths_test\misc_test.py","F:\一人公司\comfyui-production\staging\comfyui-v0.34.0\ComfyUI-0.34.0\tests-unit\folder_paths_test\misc_test.py",".py","1677","0.002","0","2026/9/7 4:01:32","Archive"
"staging\comfyui-v0.34.0\ComfyUI-0.34.0\tests-unit\folder_paths_test\system_user_test.py","F:\一人公司\comfyui-production\staging\comfyui-v0.34.0\ComfyUI-0.34.0\tests-unit\folder_paths_test\system_user_test.py",".py","7852","0.007","0","2026/9/7 4:01:32","Archive"
"staging\comfyui-v0.34.0\ComfyUI-0.34.0\tests-unit\folder_paths_test\__init__.py","F:\一人公司\comfyui-production\staging\comfyui-v0.34.0\ComfyUI-0.34.0\tests-unit\folder_paths_test\__init__.py",".py","0","0","0","2026/9/7 4:01:32","Archive"
"staging\comfyui-v0.34.0\ComfyUI-0.34.0\tests-unit\jobs_cancel_test\jobs_cancel_test.py","F:\一人公司\comfyui-production\staging\comfyui-v0.34.0\ComfyUI-0.34.0\tests-unit\jobs_cancel_test\jobs_cancel_test.py",".py","17619","0.017","0","2026/9/7 4:01:32","Archive"
"staging\comfyui-v0.34.0\ComfyUI-0.34.0\tests-unit\jobs_cancel_test\__init__.py","F:\一人公司\comfyui-production\staging\comfyui-v0.34.0\ComfyUI-0.34.0\tests-unit\jobs_cancel_test\__init__.py",".py","0","0","0","2026/9/7 4:01:32","Archive"
"staging\comfyui-v0.34.0\ComfyUI-0.34.0\tests-unit\prompt_server_test\system_user_endpoint_test.py","F:\一人公司\comfyui-production\staging\comfyui-v0.34.0\ComfyUI-0.34.0\tests-unit\prompt_server_test\system_user_endpoint_test.py",".py","13174","0.013","0","2026/9/7 4:01:32","Archive"
"staging\comfyui-v0.34.0\ComfyUI-0.34.0\tests-unit\prompt_server_test\user_manager_test.py","F:\一人公司\comfyui-production\staging\comfyui-v0.34.0\ComfyUI-0.34.0\tests-unit\prompt_server_test\user_manager_test.py",".py","10351","0.01","0","2026/9/7 4:01:32","Archive"
"staging\comfyui-v0.34.0\ComfyUI-0.34.0\tests-unit\prompt_server_test\__init__.py","F:\一人公司\comfyui-production\staging\comfyui-v0.34.0\ComfyUI-0.34.0\tests-unit\prompt_server_test\__init__.py",".py","0","0","0","2026/9/7 4:01:32","Archive"
"staging\comfyui-v0.34.0\ComfyUI-0.34.0\tests-unit\security_test\test_ghsa_779p_02_preview_traversal.py","F:\一人公司\comfyui-production\staging\comfyui-v0.34.0\ComfyUI-0.34.0\tests-unit\security_test\test_ghsa_779p_02_preview_traversal.py",".py","8230","0.008","0","2026/9/7 4:01:32","Archive"
"staging\comfyui-v0.34.0\ComfyUI-0.34.0\tests-unit\security_test\test_ghsa_779p_03_annotated_traversal.py","F:\一人公司\comfyui-production\staging\comfyui-v0.34.0\ComfyUI-0.34.0\tests-unit\security_test\test_ghsa_779p_03_annotated_traversal.py",".py","6390","0.006","0","2026/9/7 4:01:32","Archive"
"staging\comfyui-v0.34.0\ComfyUI-0.34.0\tests-unit\security_test\test_ghsa_779p_04_userdata_xss.py","F:\一人公司\comfyui-production\staging\comfyui-v0.34.0\ComfyUI-0.34.0\tests-unit\security_test\test_ghsa_779p_04_userdata_xss.py",".py","5461","0.005","0","2026/9/7 4:01:32","Archive"
"staging\comfyui-v0.34.0\ComfyUI-0.34.0\tests-unit\security_test\test_ghsa_779p_05_dangerous_content_types.py","F:\一人公司\comfyui-production\staging\comfyui-v0.34.0\ComfyUI-0.34.0\tests-unit\security_test\test_ghsa_779p_05_dangerous_content_types.py",".py","5733","0.005","0","2026/9/7 4:01:32","Archive"
"staging\comfyui-v0.34.0\ComfyUI-0.34.0\tests-unit\security_test\test_ghsa_779p_06_inline_svg_image_dest.py","F:\一人公司\comfyui-production\staging\comfyui-v0.34.0\ComfyUI-0.34.0\tests-unit\security_test\test_ghsa_779p_06_inline_svg_image_dest.py",".py","7655","0.007","0","2026/9/7 4:01:32","Archive"
"staging\comfyui-v0.34.0\ComfyUI-0.34.0\tests-unit\security_test\__init__.py","F:\一人公司\comfyui-production\staging\comfyui-v0.34.0\ComfyUI-0.34.0\tests-unit\security_test\__init__.py",".py","0","0","0","2026/9/7 4:01:32","Archive"
"staging\comfyui-v0.34.0\ComfyUI-0.34.0\tests-unit\seeder_test\test_seeder.py","F:\一人公司\comfyui-production\staging\comfyui-v0.34.0\ComfyUI-0.34.0\tests-unit\seeder_test\test_seeder.py",".py","41128","0.039","0","2026/9/7 4:01:32","Archive"
"staging\comfyui-v0.34.0\ComfyUI-0.34.0\tests-unit\server\utils\file_operations_test.py","F:\一人公司\comfyui-production\staging\comfyui-v0.34.0\ComfyUI-0.34.0\tests-unit\server\utils\file_operations_test.py",".py","1502","0.001","0","2026/9/7 4:01:32","Archive"
"staging\comfyui-v0.34.0\ComfyUI-0.34.0\tests-unit\server_test\test_cache_control.py","F:\一人公司\comfyui-production\staging\comfyui-v0.34.0\ComfyUI-0.34.0\tests-unit\server_test\test_cache_control.py",".py","9771","0.009","0","2026/9/7 4:01:32","Archive"
"staging\comfyui-v0.34.0\ComfyUI-0.34.0\tests-unit\utils\extra_config_test.py","F:\一人公司\comfyui-production\staging\comfyui-v0.34.0\ComfyUI-0.34.0\tests-unit\utils\extra_config_test.py",".py","10637","0.01","0","2026/9/7 4:01:32","Archive"
"staging\comfyui-v0.34.0\ComfyUI-0.34.0\tests-unit\utils\json_util_test.py","F:\一人公司\comfyui-production\staging\comfyui-v0.34.0\ComfyUI-0.34.0\tests-unit\utils\json_util_test.py",".py","2040","0.002","0","2026/9/7 4:01:32","Archive"
"staging\comfyui-v0.34.0\ComfyUI-0.34.0\utils\extra_config.py","F:\一人公司\comfyui-production\staging\comfyui-v0.34.0\ComfyUI-0.34.0\utils\extra_config.py",".py","1370","0.001","0","2026/9/7 4:01:32","Archive"
"staging\comfyui-v0.34.0\ComfyUI-0.34.0\utils\install_util.py","F:\一人公司\comfyui-production\staging\comfyui-v0.34.0\ComfyUI-0.34.0\utils\install_util.py",".py","1714","0.002","0","2026/9/7 4:01:32","Archive"
"staging\comfyui-v0.34.0\ComfyUI-0.34.0\utils\json_util.py","F:\一人公司\comfyui-production\staging\comfyui-v0.34.0\ComfyUI-0.34.0\utils\json_util.py",".py","781","0.001","0","2026/9/7 4:01:32","Archive"
"staging\comfyui-v0.34.0\ComfyUI-0.34.0\utils\mime_types.py","F:\一人公司\comfyui-production\staging\comfyui-v0.34.0\ComfyUI-0.34.0\utils\mime_types.py",".py","1273","0.001","0","2026/9/7 4:01:32","Archive"
"staging\comfyui-v0.34.0\ComfyUI-0.34.0\utils\__init__.py","F:\一人公司\comfyui-production\staging\comfyui-v0.34.0\ComfyUI-0.34.0\utils\__init__.py",".py","0","0","0","2026/9/7 4:01:32","Archive"
"staging\h3-extender-88cc10d4\ComfyUI_MiniMax_H3_Extender-88cc10d4db3d51f88e6a3fe097f5a750edf05ab3\extender.py","F:\一人公司\comfyui-production\staging\h3-extender-88cc10d4\ComfyUI_MiniMax_H3_Extender-88cc10d4db3d51f88e6a3fe097f5a750edf05ab3\extender.py",".py","235967","0.225","0.0002","2026/9/7 3:58:19","Archive"
"staging\h3-extender-88cc10d4\ComfyUI_MiniMax_H3_Extender-88cc10d4db3d51f88e6a3fe097f5a750edf05ab3\fl2va_engine.py","F:\一人公司\comfyui-production\staging\h3-extender-88cc10d4\ComfyUI_MiniMax_H3_Extender-88cc10d4db3d51f88e6a3fe097f5a750edf05ab3\fl2va_engine.py",".py","75829","0.072","0.0001","2026/9/7 3:58:19","Archive"
"staging\h3-extender-88cc10d4\ComfyUI_MiniMax_H3_Extender-88cc10d4db3d51f88e6a3fe097f5a750edf05ab3\LICENSE","F:\一人公司\comfyui-production\staging\h3-extender-88cc10d4\ComfyUI_MiniMax_H3_Extender-88cc10d4db3d51f88e6a3fe097f5a750edf05ab3\LICENSE","","11357","0.011","0","2026/9/7 3:58:19","Archive"
"staging\h3-extender-88cc10d4\ComfyUI_MiniMax_H3_Extender-88cc10d4db3d51f88e6a3fe097f5a750edf05ab3\minimax-h3-extender-sequential-director-v7.zip","F:\一人公司\comfyui-production\staging\h3-extender-88cc10d4\ComfyUI_MiniMax_H3_Extender-88cc10d4db3d51f88e6a3fe097f5a750edf05ab3\minimax-h3-extender-sequential-director-v7.zip",".zip","27766","0.026","0","2026/9/7 3:58:19","Archive"
"staging\h3-extender-88cc10d4\ComfyUI_MiniMax_H3_Extender-88cc10d4db3d51f88e6a3fe097f5a750edf05ab3\motion_context_disk.py","F:\一人公司\comfyui-production\staging\h3-extender-88cc10d4\ComfyUI_MiniMax_H3_Extender-88cc10d4db3d51f88e6a3fe097f5a750edf05ab3\motion_context_disk.py",".py","172651","0.165","0.0002","2026/9/7 3:58:19","Archive"
"staging\h3-extender-88cc10d4\ComfyUI_MiniMax_H3_Extender-88cc10d4db3d51f88e6a3fe097f5a750edf05ab3\motion_context_ram.py","F:\一人公司\comfyui-production\staging\h3-extender-88cc10d4\ComfyUI_MiniMax_H3_Extender-88cc10d4db3d51f88e6a3fe097f5a750edf05ab3\motion_context_ram.py",".py","22424","0.021","0","2026/9/7 3:58:19","Archive"
"staging\h3-extender-88cc10d4\ComfyUI_MiniMax_H3_Extender-88cc10d4db3d51f88e6a3fe097f5a750edf05ab3\node.py","F:\一人公司\comfyui-production\staging\h3-extender-88cc10d4\ComfyUI_MiniMax_H3_Extender-88cc10d4db3d51f88e6a3fe097f5a750edf05ab3\node.py",".py","3650","0.003","0","2026/9/7 3:58:19","Archive"
"staging\h3-extender-88cc10d4\ComfyUI_MiniMax_H3_Extender-88cc10d4db3d51f88e6a3fe097f5a750edf05ab3\patch_motion_layout.py","F:\一人公司\comfyui-production\staging\h3-extender-88cc10d4\ComfyUI_MiniMax_H3_Extender-88cc10d4db3d51f88e6a3fe097f5a750edf05ab3\patch_motion_layout.py",".py","9719","0.009","0","2026/9/7 3:58:19","Archive"
"staging\h3-extender-88cc10d4\ComfyUI_MiniMax_H3_Extender-88cc10d4db3d51f88e6a3fe097f5a750edf05ab3\patch_motion_payload.py","F:\一人公司\comfyui-production\staging\h3-extender-88cc10d4\ComfyUI_MiniMax_H3_Extender-88cc10d4db3d51f88e6a3fe097f5a750edf05ab3\patch_motion_payload.py",".py","4860","0.005","0","2026/9/7 3:58:19","Archive"
"staging\h3-extender-88cc10d4\ComfyUI_MiniMax_H3_Extender-88cc10d4db3d51f88e6a3fe097f5a750edf05ab3\prompt_bridge.py","F:\一人公司\comfyui-production\staging\h3-extender-88cc10d4\ComfyUI_MiniMax_H3_Extender-88cc10d4db3d51f88e6a3fe097f5a750edf05ab3\prompt_bridge.py",".py","3686","0.004","0","2026/9/7 3:58:19","Archive"
"staging\h3-extender-88cc10d4\ComfyUI_MiniMax_H3_Extender-88cc10d4db3d51f88e6a3fe097f5a750edf05ab3\pyproject.toml","F:\一人公司\comfyui-production\staging\h3-extender-88cc10d4\ComfyUI_MiniMax_H3_Extender-88cc10d4db3d51f88e6a3fe097f5a750edf05ab3\pyproject.toml",".toml","472","0","0","2026/9/7 3:58:19","Archive"
"staging\h3-extender-88cc10d4\ComfyUI_MiniMax_H3_Extender-88cc10d4db3d51f88e6a3fe097f5a750edf05ab3\README.md","F:\一人公司\comfyui-production\staging\h3-extender-88cc10d4\ComfyUI_MiniMax_H3_Extender-88cc10d4db3d51f88e6a3fe097f5a750edf05ab3\README.md",".md","17297","0.016","0","2026/9/7 3:58:19","Archive"
"staging\h3-extender-88cc10d4\ComfyUI_MiniMax_H3_Extender-88cc10d4db3d51f88e6a3fe097f5a750edf05ab3\reference_bridge.py","F:\一人公司\comfyui-production\staging\h3-extender-88cc10d4\ComfyUI_MiniMax_H3_Extender-88cc10d4db3d51f88e6a3fe097f5a750edf05ab3\reference_bridge.py",".py","2172","0.002","0","2026/9/7 3:58:19","Archive"
"staging\h3-extender-88cc10d4\ComfyUI_MiniMax_H3_Extender-88cc10d4db3d51f88e6a3fe097f5a750edf05ab3\requirements.txt","F:\一人公司\comfyui-production\staging\h3-extender-88cc10d4\ComfyUI_MiniMax_H3_Extender-88cc10d4db3d51f88e6a3fe097f5a750edf05ab3\requirements.txt",".txt","15","0","0","2026/9/7 3:58:19","Archive"
"staging\h3-extender-88cc10d4\ComfyUI_MiniMax_H3_Extender-88cc10d4db3d51f88e6a3fe097f5a750edf05ab3\THIRD_PARTY_NOTICE.md","F:\一人公司\comfyui-production\staging\h3-extender-88cc10d4\ComfyUI_MiniMax_H3_Extender-88cc10d4db3d51f88e6a3fe097f5a750edf05ab3\THIRD_PARTY_NOTICE.md",".md","329","0","0","2026/9/7 3:58:19","Archive"
"staging\h3-extender-88cc10d4\ComfyUI_MiniMax_H3_Extender-88cc10d4db3d51f88e6a3fe097f5a750edf05ab3\__init__.py","F:\一人公司\comfyui-production\staging\h3-extender-88cc10d4\ComfyUI_MiniMax_H3_Extender-88cc10d4db3d51f88e6a3fe097f5a750edf05ab3\__init__.py",".py","1769","0.002","0","2026/9/7 3:58:19","Archive"
"staging\h3-extender-88cc10d4\ComfyUI_MiniMax_H3_Extender-88cc10d4db3d51f88e6a3fe097f5a750edf05ab3\.github\workflows\publish.yml","F:\一人公司\comfyui-production\staging\h3-extender-88cc10d4\ComfyUI_MiniMax_H3_Extender-88cc10d4db3d51f88e6a3fe097f5a750edf05ab3\.github\workflows\publish.yml",".yml","541","0.001","0","2026/9/7 3:58:19","Archive"
"staging\h3-extender-88cc10d4\ComfyUI_MiniMax_H3_Extender-88cc10d4db3d51f88e6a3fe097f5a750edf05ab3\web\extender.js","F:\一人公司\comfyui-production\staging\h3-extender-88cc10d4\ComfyUI_MiniMax_H3_Extender-88cc10d4db3d51f88e6a3fe097f5a750edf05ab3\web\extender.js",".js","242615","0.231","0.0002","2026/9/7 3:58:19","Archive"
"staging\h3-extender-88cc10d4\ComfyUI_MiniMax_H3_Extender-88cc10d4db3d51f88e6a3fe097f5a750edf05ab3\web\live_preview.js","F:\一人公司\comfyui-production\staging\h3-extender-88cc10d4\ComfyUI_MiniMax_H3_Extender-88cc10d4db3d51f88e6a3fe097f5a750edf05ab3\web\live_preview.js",".js","37107","0.035","0","2026/9/7 3:58:19","Archive"
"staging\h3-extender-88cc10d4\ComfyUI_MiniMax_H3_Extender-88cc10d4db3d51f88e6a3fe097f5a750edf05ab3\web\prompt_bridge.js","F:\一人公司\comfyui-production\staging\h3-extender-88cc10d4\ComfyUI_MiniMax_H3_Extender-88cc10d4db3d51f88e6a3fe097f5a750edf05ab3\web\prompt_bridge.js",".js","5963","0.006","0","2026/9/7 3:58:19","Archive"
"staging\h3-extender-88cc10d4\ComfyUI_MiniMax_H3_Extender-88cc10d4db3d51f88e6a3fe097f5a750edf05ab3\web\reference_bridge.js","F:\一人公司\comfyui-production\staging\h3-extender-88cc10d4\ComfyUI_MiniMax_H3_Extender-88cc10d4db3d51f88e6a3fe097f5a750edf05ab3\web\reference_bridge.js",".js","4540","0.004","0","2026/9/7 3:58:19","Archive"
"staging\h3-extender-88cc10d4\ComfyUI_MiniMax_H3_Extender-88cc10d4db3d51f88e6a3fe097f5a750edf05ab3\Workflow\MiniMax_Extender.json","F:\一人公司\comfyui-production\staging\h3-extender-88cc10d4\ComfyUI_MiniMax_H3_Extender-88cc10d4db3d51f88e6a3fe097f5a750edf05ab3\Workflow\MiniMax_Extender.json",".json","32956","0.031","0","2026/9/7 3:58:19","Archive"
"staging\h3-extender-88cc10d4\ComfyUI_MiniMax_H3_Extender-88cc10d4db3d51f88e6a3fe097f5a750edf05ab3\Workflow\MiniMax_Extender_external_refs_and_external_prompts.json","F:\一人公司\comfyui-production\staging\h3-extender-88cc10d4\ComfyUI_MiniMax_H3_Extender-88cc10d4db3d51f88e6a3fe097f5a750edf05ab3\Workflow\MiniMax_Extender_external_refs_and_external_prompts.json",".json","30864","0.029","0","2026/9/7 3:58:19","Archive"
"staging\h3-extender-88cc10d4\ComfyUI_MiniMax_H3_Extender-88cc10d4db3d51f88e6a3fe097f5a750edf05ab3\Workflow\MiniMax_Extender_video_refs.json","F:\一人公司\comfyui-production\staging\h3-extender-88cc10d4\ComfyUI_MiniMax_H3_Extender-88cc10d4db3d51f88e6a3fe097f5a750edf05ab3\Workflow\MiniMax_Extender_video_refs.json",".json","18889","0.018","0","2026/9/7 3:58:19","Archive"
"staging\h3-extender-88cc10d4\ComfyUI_MiniMax_H3_Extender-88cc10d4db3d51f88e6a3fe097f5a750edf05ab3\__pycache__\motion_context_ram.cpython-312.pyc","F:\一人公司\comfyui-production\staging\h3-extender-88cc10d4\ComfyUI_MiniMax_H3_Extender-88cc10d4db3d51f88e6a3fe097f5a750edf05ab3\__pycache__\motion_context_ram.cpython-312.pyc",".pyc","26648","0.025","0","2026/9/7 4:00:55","Archive"
"staging\h3-extender-88cc10d4\ComfyUI_MiniMax_H3_Extender-88cc10d4db3d51f88e6a3fe097f5a750edf05ab3\__pycache__\node.cpython-312.pyc","F:\一人公司\comfyui-production\staging\h3-extender-88cc10d4\ComfyUI_MiniMax_H3_Extender-88cc10d4db3d51f88e6a3fe097f5a750edf05ab3\__pycache__\node.cpython-312.pyc",".pyc","4850","0.005","0","2026/9/7 4:00:53","Archive"
"staging\h3-extender-88cc10d4\ComfyUI_MiniMax_H3_Extender-88cc10d4db3d51f88e6a3fe097f5a750edf05ab3\__pycache__\__init__.cpython-312.pyc","F:\一人公司\comfyui-production\staging\h3-extender-88cc10d4\ComfyUI_MiniMax_H3_Extender-88cc10d4db3d51f88e6a3fe097f5a750edf05ab3\__pycache__\__init__.cpython-312.pyc",".pyc","1275","0.001","0","2026/9/7 4:00:53","Archive"
"tests\api_smoke.py","F:\一人公司\comfyui-production\tests\api_smoke.py",".py","19222","0.018","0","2026/9/4 6:46:04","Archive"
"tests\test_autodl_contracts.py","F:\一人公司\comfyui-production\tests\test_autodl_contracts.py",".py","6953","0.007","0","2026/9/4 1:10:16","Archive"
"tests\test_core_contracts.py","F:\一人公司\comfyui-production\tests\test_core_contracts.py",".py","15073","0.014","0","2026/9/5 3:18:44","Archive"
"tests\test_h3_contracts.py","F:\一人公司\comfyui-production\tests\test_h3_contracts.py",".py","6741","0.006","0","2026/9/5 3:17:22","Archive"
"tests\test_minimax_h3_download_guard.py","F:\一人公司\comfyui-production\tests\test_minimax_h3_download_guard.py",".py","3383","0.003","0","2026/9/4 2:27:53","Archive"
"tests\test_server.py","F:\一人公司\comfyui-production\tests\test_server.py",".py","9656","0.009","0","2026/9/4 3:05:07","Archive"
"tests\test_subtitle_lock.py","F:\一人公司\comfyui-production\tests\test_subtitle_lock.py",".py","5192","0.005","0","2026/9/4 5:37:08","Archive"
"tests\__pycache__\api_smoke.cpython-312.pyc","F:\一人公司\comfyui-production\tests\__pycache__\api_smoke.cpython-312.pyc",".pyc","27739","0.026","0","2026/9/4 6:49:25","Archive"
"tests\__pycache__\test_autodl_contracts.cpython-312.pyc","F:\一人公司\comfyui-production\tests\__pycache__\test_autodl_contracts.cpython-312.pyc",".pyc","12134","0.012","0","2026/9/4 1:10:21","Archive"
"tests\__pycache__\test_core_contracts.cpython-312.pyc","F:\一人公司\comfyui-production\tests\__pycache__\test_core_contracts.cpython-312.pyc",".pyc","21482","0.02","0","2026/9/5 3:18:54","Archive"
"tests\__pycache__\test_h3_contracts.cpython-312.pyc","F:\一人公司\comfyui-production\tests\__pycache__\test_h3_contracts.cpython-312.pyc",".pyc","9762","0.009","0","2026/9/5 3:18:03","Archive"
"tests\__pycache__\test_minimax_h3_download_guard.cpython-312.pyc","F:\一人公司\comfyui-production\tests\__pycache__\test_minimax_h3_download_guard.cpython-312.pyc",".pyc","5361","0.005","0","2026/9/4 2:28:01","Archive"
"tests\__pycache__\test_server.cpython-312.pyc","F:\一人公司\comfyui-production\tests\__pycache__\test_server.cpython-312.pyc",".pyc","15781","0.015","0","2026/9/4 3:10:59","Archive"
"tests\__pycache__\test_subtitle_lock.cpython-312.pyc","F:\一人公司\comfyui-production\tests\__pycache__\test_subtitle_lock.cpython-312.pyc",".pyc","8928","0.009","0","2026/9/4 5:37:31","Archive"
"workflows\wan2.1_i2v_ref_5s_local.json","F:\一人公司\comfyui-production\workflows\wan2.1_i2v_ref_5s_local.json",".json","3977","0.004","0","2026/9/4 2:43:50","Archive"
"workflows\specs\01_three_images_masterframe_i2v.json","F:\一人公司\comfyui-production\workflows\specs\01_three_images_masterframe_i2v.json",".json","1349","0.001","0","2026/9/4 5:34:31","Archive"
"workflows\specs\02_two_images_one_video_dual_character_control.json","F:\一人公司\comfyui-production\workflows\specs\02_two_images_one_video_dual_character_control.json",".json","1538","0.001","0","2026/9/4 5:34:32","Archive"
"workflows\specs\03_single_character_wan_animate.json","F:\一人公司\comfyui-production\workflows\specs\03_single_character_wan_animate.json",".json","1286","0.001","0","2026/9/4 0:51:37","Archive"
"workflows\specs\04_ltx25_first_last_frame.json","F:\一人公司\comfyui-production\workflows\specs\04_ltx25_first_last_frame.json",".json","1178","0.001","0","2026/9/4 0:52:41","Archive"
"workflows\specs\05_dialogue_and_audio.json","F:\一人公司\comfyui-production\workflows\specs\05_dialogue_and_audio.json",".json","1305","0.001","0","2026/9/4 0:52:41","Archive"
"workflows\specs\06_upscale_interpolate_export.json","F:\一人公司\comfyui-production\workflows\specs\06_upscale_interpolate_export.json",".json","1351","0.001","0","2026/9/4 5:34:32","Archive"
"workflows\specs\07_minimax_h3_unified.json","F:\一人公司\comfyui-production\workflows\specs\07_minimax_h3_unified.json",".json","2243","0.002","0","2026/9/5 3:17:21","Archive"
"_storage_audit\01_volumes.csv","F:\一人公司\comfyui-production\_storage_audit\01_volumes.csv",".csv","155","0","0","2026/9/7 9:38:08","Archive"
